=== STAGE: init | 2026-09-05T18:12:59Z | abi=x86_64 ===
=== STAGE: verify-ndk | 2026-09-05T18:13:29Z ===
+ test -n /opt/hostedtoolcache/ndk/r27d/x64
+ test -d /opt/hostedtoolcache/ndk/r27d/x64
+ TOOLCHAIN=/opt/hostedtoolcache/ndk/r27d/x64/toolchains/llvm/prebuilt/linux-x86_64/bin
+ test -x /opt/hostedtoolcache/ndk/r27d/x64/toolchains/llvm/prebuilt/linux-x86_64/bin/llvm-ar
+ test -x /opt/hostedtoolcache/ndk/r27d/x64/toolchains/llvm/prebuilt/linux-x86_64/bin/llvm-strip
+ test -x /opt/hostedtoolcache/ndk/r27d/x64/toolchains/llvm/prebuilt/linux-x86_64/bin/llvm-ranlib
+ test -x /opt/hostedtoolcache/ndk/r27d/x64/toolchains/llvm/prebuilt/linux-x86_64/bin/llvm-nm
+ /opt/hostedtoolcache/ndk/r27d/x64/toolchains/llvm/prebuilt/linux-x86_64/bin/clang --version
Android (13691557, +pgo, +bolt, +lto, +mlgo, based on r522817d) clang version 18.0.4 (https://android.googlesource.com/toolchain/llvm-project d8003a456d14a3deb8054cdaa529ffbf02d9b262)
Target: x86_64-unknown-linux-gnu
Thread model: posix
InstalledDir: /opt/hostedtoolcache/ndk/r27d/x64/toolchains/llvm/prebuilt/linux-x86_64/bin
+ echo '=== EXIT CODE: 0 ==='
=== EXIT CODE: 0 ===
=== STAGE: fetch-source | 2026-09-05T18:13:29Z ===
+ curl -fL https://codeload.github.com/tianon/mirror-bash/tar.gz/b8c60bc9ca365f8261fa97900b6fa939f6ebc303 -o bash-src.tar.gz
  % Total    % Received % Xferd  Average Speed   Time    Time     Time  Current
                                 Dload  Upload   Total   Spent    Left  Speed
  0     0    0     0    0     0      0      0 --:--:-- --:--:-- --:--:--     0100 12833    0 12833    0     0  38174      0 --:--:-- --:--:-- --:--:-- 38080100 9002k    0 9002k    0     0  6785k      0 --:--:--  0:00:01 --:--:-- 6784k100 11.2M    0 11.2M    0     0  6884k      0 --:--:--  0:00:01 --:--:-- 6884k
+ rm -rf bash-src
+ mkdir -p bash-src
+ tar -xzf bash-src.tar.gz --strip-components=1 -C bash-src
++ cd bash-src
++ sort
++ IFS=
++ read -r f
++ find . -type f
++ sha256sum
++ awk '{print $1}'
+++ sha256sum ./.gitignore
+++ awk '{print $1}'
++ h=40280180c28fe70ffc83a0e4d25734990065155034870ac8363fd0ae942330b3
++ printf '%s  %s\n' 40280180c28fe70ffc83a0e4d25734990065155034870ac8363fd0ae942330b3 ./.gitignore
++ IFS=
++ read -r f
+++ sha256sum ./ABOUT-NLS
+++ awk '{print $1}'
++ h=39004a6f74a9a482bb70af3d17ba0d3ac32964e666302160dc8e6590eb1a35b8
++ printf '%s  %s\n' 39004a6f74a9a482bb70af3d17ba0d3ac32964e666302160dc8e6590eb1a35b8 ./ABOUT-NLS
++ IFS=
++ read -r f
+++ sha256sum ./AUTHORS
+++ awk '{print $1}'
++ h=8ea258e958e649cd29f8094c23e6f58efb83fa0745adb5943d811735a627983a
++ printf '%s  %s\n' 8ea258e958e649cd29f8094c23e6f58efb83fa0745adb5943d811735a627983a ./AUTHORS
++ IFS=
++ read -r f
+++ sha256sum ./CHANGES
+++ awk '{print $1}'
++ h=270856b93e0ed9bf088377165ca4db25fc1e6a68d6bd8ff2a4382ca15ab457fe
++ printf '%s  %s\n' 270856b93e0ed9bf088377165ca4db25fc1e6a68d6bd8ff2a4382ca15ab457fe ./CHANGES
++ IFS=
++ read -r f
+++ sha256sum ./COMPAT
+++ awk '{print $1}'
++ h=e7bca221b50ce8413d775abda668ad79aa58c0b8fb2b09d855da1c694ea82bb1
++ printf '%s  %s\n' e7bca221b50ce8413d775abda668ad79aa58c0b8fb2b09d855da1c694ea82bb1 ./COMPAT
++ IFS=
++ read -r f
+++ sha256sum ./COPYING
+++ awk '{print $1}'
++ h=8ceb4b9ee5adedde47b31e975c1d90c73ad27b6b165a1dcd80c7c545eb65b903
++ printf '%s  %s\n' 8ceb4b9ee5adedde47b31e975c1d90c73ad27b6b165a1dcd80c7c545eb65b903 ./COPYING
++ IFS=
++ read -r f
+++ sha256sum ./CWRU/README
+++ awk '{print $1}'
++ h=4d1da411ba17139f12c4585fb459b6fd616379b1f8b98fa37467e18146f0c60d
++ printf '%s  %s\n' 4d1da411ba17139f12c4585fb459b6fd616379b1f8b98fa37467e18146f0c60d ./CWRU/README
++ IFS=
++ read -r f
+++ sha256sum ./CWRU/audit-patch
+++ awk '{print $1}'
++ h=78dde515c4a6ad3bf393958dce7c8163a3f79335444e084693ae844b0e25368c
++ printf '%s  %s\n' 78dde515c4a6ad3bf393958dce7c8163a3f79335444e084693ae844b0e25368c ./CWRU/audit-patch
++ IFS=
++ read -r f
+++ sha256sum ./CWRU/changelog
+++ awk '{print $1}'
++ h=c902775771b7a7aceee91d2e5ce45165382701075660a7a6e2a7bef7e9da2729
++ printf '%s  %s\n' c902775771b7a7aceee91d2e5ce45165382701075660a7a6e2a7bef7e9da2729 ./CWRU/changelog
++ IFS=
++ read -r f
+++ sha256sum ./CWRU/mh-folder-comp
+++ awk '{print $1}'
++ h=9a71577232e77e6f3a3d9146e046d82a0ab1496f63a4193190ca7e655fc3db1a
++ printf '%s  %s\n' 9a71577232e77e6f3a3d9146e046d82a0ab1496f63a4193190ca7e655fc3db1a ./CWRU/mh-folder-comp
++ IFS=
++ read -r f
+++ sha256sum ./CWRU/misc/bison
+++ awk '{print $1}'
++ h=0ade3f2025cce30a8c6143a745922849afa91127782d2981e205d87e95b42104
++ printf '%s  %s\n' 0ade3f2025cce30a8c6143a745922849afa91127782d2981e205d87e95b42104 ./CWRU/misc/bison
++ IFS=
++ read -r f
+++ sha256sum ./CWRU/misc/errlist.c
+++ awk '{print $1}'
++ h=79ca174cd6ea92d417c074287df7ed1ed0ef28a9d1281be3c014151175eb4743
++ printf '%s  %s\n' 79ca174cd6ea92d417c074287df7ed1ed0ef28a9d1281be3c014151175eb4743 ./CWRU/misc/errlist.c
++ IFS=
++ read -r f
+++ sha256sum ./CWRU/misc/hpux10-dlfcn.h
+++ awk '{print $1}'
++ h=7a560d16d7ce26c9ceb66a3972bad563d503c9bda4ed05cadd4754812fb4fae6
++ printf '%s  %s\n' 7a560d16d7ce26c9ceb66a3972bad563d503c9bda4ed05cadd4754812fb4fae6 ./CWRU/misc/hpux10-dlfcn.h
++ IFS=
++ read -r f
+++ sha256sum ./CWRU/misc/open-files.c
+++ awk '{print $1}'
++ h=53dca710aa433863fcd5fdfc0d9909a9cefeae00640ebf9ec1f3e1c001946ed8
++ printf '%s  %s\n' 53dca710aa433863fcd5fdfc0d9909a9cefeae00640ebf9ec1f3e1c001946ed8 ./CWRU/misc/open-files.c
++ IFS=
++ read -r f
+++ sha256sum ./CWRU/misc/sigs.c
+++ awk '{print $1}'
++ h=19a3e999a1c7ba0ca796ffdda536dac556dccf6e1bf8328eacb0e009ce43cb75
++ printf '%s  %s\n' 19a3e999a1c7ba0ca796ffdda536dac556dccf6e1bf8328eacb0e009ce43cb75 ./CWRU/misc/sigs.c
++ IFS=
++ read -r f
+++ sha256sum ./CWRU/misc/sigstat.c
+++ awk '{print $1}'
++ h=517ef007100ef4dd57d5a5d7be5ff002dfaf2dd9abd7e2d7b59e2ffd34afa957
++ printf '%s  %s\n' 517ef007100ef4dd57d5a5d7be5ff002dfaf2dd9abd7e2d7b59e2ffd34afa957 ./CWRU/misc/sigstat.c
++ IFS=
++ read -r f
+++ sha256sum ./CWRU/sh-redir-hack
+++ awk '{print $1}'
++ h=df57b8e2537fad22ce1709409194c5c5ac2ee8705bf4a5034894522dbf62672b
++ printf '%s  %s\n' df57b8e2537fad22ce1709409194c5c5ac2ee8705bf4a5034894522dbf62672b ./CWRU/sh-redir-hack
++ IFS=
++ read -r f
+++ sha256sum ./ChangeLog
+++ awk '{print $1}'
++ h=c902775771b7a7aceee91d2e5ce45165382701075660a7a6e2a7bef7e9da2729
++ printf '%s  %s\n' c902775771b7a7aceee91d2e5ce45165382701075660a7a6e2a7bef7e9da2729 ./ChangeLog
++ IFS=
++ read -r f
+++ sha256sum ./INSTALL
+++ awk '{print $1}'
++ h=196e0c81fb42fff92c10c2cd81473b6b9b1c691f9b139b2bfd8c4e7c59d4e786
++ printf '%s  %s\n' 196e0c81fb42fff92c10c2cd81473b6b9b1c691f9b139b2bfd8c4e7c59d4e786 ./INSTALL
++ IFS=
++ read -r f
+++ sha256sum ./MANIFEST
+++ awk '{print $1}'
++ h=e8e6fb4c599e1246f5740fd667ff3c6dd0d670ddfd46d398410266dd471a1841
++ printf '%s  %s\n' e8e6fb4c599e1246f5740fd667ff3c6dd0d670ddfd46d398410266dd471a1841 ./MANIFEST
++ IFS=
++ read -r f
+++ sha256sum ./Makefile.in
+++ awk '{print $1}'
++ h=fe439ebe8ed9eea641f8538881be5b29bbfc7129d5f8e9fd25d04885f52762db
++ printf '%s  %s\n' fe439ebe8ed9eea641f8538881be5b29bbfc7129d5f8e9fd25d04885f52762db ./Makefile.in
++ IFS=
++ read -r f
+++ sha256sum ./NEWS
+++ awk '{print $1}'
++ h=ae22dc293dc2c42dbe1098f4204ae467ec54badaa137f2ede47df5e76d11f637
++ printf '%s  %s\n' ae22dc293dc2c42dbe1098f4204ae467ec54badaa137f2ede47df5e76d11f637 ./NEWS
++ IFS=
++ read -r f
+++ sha256sum ./NOTES
+++ awk '{print $1}'
++ h=0b346a6c9a1a59ef8dfb5c3cde00598a16c3e830deb8427cf94a16f71b5e17e1
++ printf '%s  %s\n' 0b346a6c9a1a59ef8dfb5c3cde00598a16c3e830deb8427cf94a16f71b5e17e1 ./NOTES
++ IFS=
++ read -r f
+++ sha256sum ./POSIX
+++ awk '{print $1}'
++ h=6f5fbc2204533ebae00c99f20954cbcae70c4efcf04fff1ad4014fc8b0cba10d
++ printf '%s  %s\n' 6f5fbc2204533ebae00c99f20954cbcae70c4efcf04fff1ad4014fc8b0cba10d ./POSIX
++ IFS=
++ read -r f
+++ sha256sum ./RBASH
+++ awk '{print $1}'
++ h=0fd1c24613e7d8c698c3f743dcbbae8d75563cbd65f597f37eb93751d91acc29
++ printf '%s  %s\n' 0fd1c24613e7d8c698c3f743dcbbae8d75563cbd65f597f37eb93751d91acc29 ./RBASH
++ IFS=
++ read -r f
+++ sha256sum ./README
+++ awk '{print $1}'
++ h=0dda3f5817ac4d88c4cc17ecbe42f05223db368fb353d88e01fcb7259a50fe07
++ printf '%s  %s\n' 0dda3f5817ac4d88c4cc17ecbe42f05223db368fb353d88e01fcb7259a50fe07 ./README
++ IFS=
++ read -r f
+++ sha256sum ./Y2K
+++ awk '{print $1}'
++ h=a236dfe260903c9971bf92f3fc9a8ab9a2fb541357268a0a196e830be3f42881
++ printf '%s  %s\n' a236dfe260903c9971bf92f3fc9a8ab9a2fb541357268a0a196e830be3f42881 ./Y2K
++ IFS=
++ read -r f
+++ sha256sum ./aclocal.m4
+++ awk '{print $1}'
++ h=e67a8ff710a1af49d57c3196ae5d516f3739867a4904799f6f79f13c72a54c03
++ printf '%s  %s\n' e67a8ff710a1af49d57c3196ae5d516f3739867a4904799f6f79f13c72a54c03 ./aclocal.m4
++ IFS=
++ read -r f
+++ sha256sum ./alias.c
+++ awk '{print $1}'
++ h=71169f971c277568e755d0a5d39263a9bd1c1f40b662f826a0d989322fcf0665
++ printf '%s  %s\n' 71169f971c277568e755d0a5d39263a9bd1c1f40b662f826a0d989322fcf0665 ./alias.c
++ IFS=
++ read -r f
+++ sha256sum ./alias.h
+++ awk '{print $1}'
++ h=d153a6a66012bde58676c3104d2abf31428d1f0a7fc75eef9ad3f87e26cf7a2b
++ printf '%s  %s\n' d153a6a66012bde58676c3104d2abf31428d1f0a7fc75eef9ad3f87e26cf7a2b ./alias.h
++ IFS=
++ read -r f
+++ sha256sum ./array.c
+++ awk '{print $1}'
++ h=0f2ee790d9c4851b66fdff46ac9e289c30d88241e232ef062d10c06f344e7019
++ printf '%s  %s\n' 0f2ee790d9c4851b66fdff46ac9e289c30d88241e232ef062d10c06f344e7019 ./array.c
++ IFS=
++ read -r f
+++ sha256sum ./array.h
+++ awk '{print $1}'
++ h=9cb9af1ad5165cce13780a331d68dfadb6c6e5342815fd225793fc7036bfa53d
++ printf '%s  %s\n' 9cb9af1ad5165cce13780a331d68dfadb6c6e5342815fd225793fc7036bfa53d ./array.h
++ IFS=
++ read -r f
+++ sha256sum ./array2.c
+++ awk '{print $1}'
++ h=dc65fae8e06634c2fed0aed5721d62c7185b109b1b7c05cc5fbe5442b523fbab
++ printf '%s  %s\n' dc65fae8e06634c2fed0aed5721d62c7185b109b1b7c05cc5fbe5442b523fbab ./array2.c
++ IFS=
++ read -r f
+++ sha256sum ./arrayfunc.c
+++ awk '{print $1}'
++ h=cbc3a532fefae2bf199b0437d37581ce90ddda358d3c887e72be988971306280
++ printf '%s  %s\n' cbc3a532fefae2bf199b0437d37581ce90ddda358d3c887e72be988971306280 ./arrayfunc.c
++ IFS=
++ read -r f
+++ sha256sum ./arrayfunc.h
+++ awk '{print $1}'
++ h=35b7f91c82a807119b0dfa7a71ecdd204b7ced891581ba560e416fffc4c2baf8
++ printf '%s  %s\n' 35b7f91c82a807119b0dfa7a71ecdd204b7ced891581ba560e416fffc4c2baf8 ./arrayfunc.h
++ IFS=
++ read -r f
+++ sha256sum ./assoc.c
+++ awk '{print $1}'
++ h=4d755b8f2216a154f75aa022ce4f903c724546ed6d18f029a6c2d38643aeb736
++ printf '%s  %s\n' 4d755b8f2216a154f75aa022ce4f903c724546ed6d18f029a6c2d38643aeb736 ./assoc.c
++ IFS=
++ read -r f
+++ sha256sum ./assoc.h
+++ awk '{print $1}'
++ h=8f0a58babbac4f9414059a24a662e735c31bdfbcd25c188cadd3eb8a66a9cf2c
++ printf '%s  %s\n' 8f0a58babbac4f9414059a24a662e735c31bdfbcd25c188cadd3eb8a66a9cf2c ./assoc.h
++ IFS=
++ read -r f
+++ sha256sum ./bashansi.h
+++ awk '{print $1}'
++ h=4fa0b82d20a8cd87dd49ff793b38ce6f7bbe47105ff4bccde70a5ebfb1600970
++ printf '%s  %s\n' 4fa0b82d20a8cd87dd49ff793b38ce6f7bbe47105ff4bccde70a5ebfb1600970 ./bashansi.h
++ IFS=
++ read -r f
+++ sha256sum ./bashhist.c
+++ awk '{print $1}'
++ h=dd802c441204d276aa460c4f868540c0285188ae21288ff7576a5ec74c8e50a0
++ printf '%s  %s\n' dd802c441204d276aa460c4f868540c0285188ae21288ff7576a5ec74c8e50a0 ./bashhist.c
++ IFS=
++ read -r f
+++ sha256sum ./bashhist.h
+++ awk '{print $1}'
++ h=696b02971dd6ea841c4e34b8e1d7cb40d86325e53db272d6ea6f68e367fbddf0
++ printf '%s  %s\n' 696b02971dd6ea841c4e34b8e1d7cb40d86325e53db272d6ea6f68e367fbddf0 ./bashhist.h
++ IFS=
++ read -r f
+++ sha256sum ./bashintl.h
+++ awk '{print $1}'
++ h=3cb31529865eb8ccf63215d3aaf44684bee30bf698f6b1d0e7b9f93ee7b43331
++ printf '%s  %s\n' 3cb31529865eb8ccf63215d3aaf44684bee30bf698f6b1d0e7b9f93ee7b43331 ./bashintl.h
++ IFS=
++ read -r f
+++ sha256sum ./bashjmp.h
+++ awk '{print $1}'
++ h=1bbaa794c2cdd21466fd392ee3c6d4e03721da187ae0cf08c48710b4e3fd478b
++ printf '%s  %s\n' 1bbaa794c2cdd21466fd392ee3c6d4e03721da187ae0cf08c48710b4e3fd478b ./bashjmp.h
++ IFS=
++ read -r f
+++ sha256sum ./bashline.c
+++ awk '{print $1}'
++ h=f1f4e91c3ebaa0dc8eb719a068534386cdc5118415d231fb133047eb6c21cd72
++ printf '%s  %s\n' f1f4e91c3ebaa0dc8eb719a068534386cdc5118415d231fb133047eb6c21cd72 ./bashline.c
++ IFS=
++ read -r f
+++ sha256sum ./bashline.h
+++ awk '{print $1}'
++ h=d10f43b8f41c54bf5aedfe73e06263f45b2f216b609fe824bd4ff67def5ff9fe
++ printf '%s  %s\n' d10f43b8f41c54bf5aedfe73e06263f45b2f216b609fe824bd4ff67def5ff9fe ./bashline.h
++ IFS=
++ read -r f
+++ sha256sum ./bashtypes.h
+++ awk '{print $1}'
++ h=67e1259cae980dc67a9432716ed6aa846fca737f42c5ce7e34e982f6965512e2
++ printf '%s  %s\n' 67e1259cae980dc67a9432716ed6aa846fca737f42c5ce7e34e982f6965512e2 ./bashtypes.h
++ IFS=
++ read -r f
+++ sha256sum ./bracecomp.c
+++ awk '{print $1}'
++ h=a446b28be580f7bd7c5b6cb3687ac42f90923407b870819c7984d0b7e37b6e7a
++ printf '%s  %s\n' a446b28be580f7bd7c5b6cb3687ac42f90923407b870819c7984d0b7e37b6e7a ./bracecomp.c
++ IFS=
++ read -r f
+++ sha256sum ./braces.c
+++ awk '{print $1}'
++ h=3af2be473259f1586da51b0e78b28c8402e4aca6617d3d675de693fbb7bd9c81
++ printf '%s  %s\n' 3af2be473259f1586da51b0e78b28c8402e4aca6617d3d675de693fbb7bd9c81 ./braces.c
++ IFS=
++ read -r f
+++ sha256sum ./buildconf.h.in
+++ awk '{print $1}'
++ h=376304f02031f29c967c102164b8cd3b6651ea9ae9db63f97e217c7d452d96e6
++ printf '%s  %s\n' 376304f02031f29c967c102164b8cd3b6651ea9ae9db63f97e217c7d452d96e6 ./buildconf.h.in
++ IFS=
++ read -r f
+++ sha256sum ./builtins.h
+++ awk '{print $1}'
++ h=cdaf2732769e11c85e61bfa75b4a2d1bc0700edb0f7df7e1b0ce3f96e6383119
++ printf '%s  %s\n' cdaf2732769e11c85e61bfa75b4a2d1bc0700edb0f7df7e1b0ce3f96e6383119 ./builtins.h
++ IFS=
++ read -r f
+++ sha256sum ./builtins/Makefile.in
+++ awk '{print $1}'
++ h=d89046dcb1604c10ed7ae2a1c211b7dc791d2201d70c18c55b67664015d00755
++ printf '%s  %s\n' d89046dcb1604c10ed7ae2a1c211b7dc791d2201d70c18c55b67664015d00755 ./builtins/Makefile.in
++ IFS=
++ read -r f
+++ sha256sum ./builtins/alias.def
+++ awk '{print $1}'
++ h=4245e5f9b1f6a0a4d506342106bde6a2497604ffb5251766ce69b3799cdebd1a
++ printf '%s  %s\n' 4245e5f9b1f6a0a4d506342106bde6a2497604ffb5251766ce69b3799cdebd1a ./builtins/alias.def
++ IFS=
++ read -r f
+++ sha256sum ./builtins/bashgetopt.c
+++ awk '{print $1}'
++ h=7c9a4d02bcde1977ebaa2038d38a50fff5cb72bd1fa8abbbaa325a57631f81ea
++ printf '%s  %s\n' 7c9a4d02bcde1977ebaa2038d38a50fff5cb72bd1fa8abbbaa325a57631f81ea ./builtins/bashgetopt.c
++ IFS=
++ read -r f
+++ sha256sum ./builtins/bashgetopt.h
+++ awk '{print $1}'
++ h=ca2f6fbd0eacefe138d1b814df0cbbab897c255e404847702ca93e254a750706
++ printf '%s  %s\n' ca2f6fbd0eacefe138d1b814df0cbbab897c255e404847702ca93e254a750706 ./builtins/bashgetopt.h
++ IFS=
++ read -r f
+++ sha256sum ./builtins/bind.def
+++ awk '{print $1}'
++ h=c44eb08a2686775667436f9e8e18be311bc881972b6a4941ed354af535b6e27c
++ printf '%s  %s\n' c44eb08a2686775667436f9e8e18be311bc881972b6a4941ed354af535b6e27c ./builtins/bind.def
++ IFS=
++ read -r f
+++ sha256sum ./builtins/break.def
+++ awk '{print $1}'
++ h=0ab3f10a49a8645669aacfd48ba3b3126dbc608978bb42458707f43adae3c5b5
++ printf '%s  %s\n' 0ab3f10a49a8645669aacfd48ba3b3126dbc608978bb42458707f43adae3c5b5 ./builtins/break.def
++ IFS=
++ read -r f
+++ sha256sum ./builtins/builtin.def
+++ awk '{print $1}'
++ h=713c1d5d2fae93b04b1e82a3a0ed9a8cc993bf58d010bcad4b3501bf092e545b
++ printf '%s  %s\n' 713c1d5d2fae93b04b1e82a3a0ed9a8cc993bf58d010bcad4b3501bf092e545b ./builtins/builtin.def
++ IFS=
++ read -r f
+++ sha256sum ./builtins/caller.def
+++ awk '{print $1}'
++ h=a1bf04b977206c1de4a594cedf6e5c653c7d33fdf96d50b242bcc98dbaf6ebb1
++ printf '%s  %s\n' a1bf04b977206c1de4a594cedf6e5c653c7d33fdf96d50b242bcc98dbaf6ebb1 ./builtins/caller.def
++ IFS=
++ read -r f
+++ sha256sum ./builtins/cd.def
+++ awk '{print $1}'
++ h=e7c55fab9ec21cf161823babef9cca1e1b7fa46695e393b09dd20af87e43c494
++ printf '%s  %s\n' e7c55fab9ec21cf161823babef9cca1e1b7fa46695e393b09dd20af87e43c494 ./builtins/cd.def
++ IFS=
++ read -r f
+++ sha256sum ./builtins/colon.def
+++ awk '{print $1}'
++ h=0e1ddd24cfe7e9eda3b37a0331ab6043e90d315a420051068a4f478d18b08d6e
++ printf '%s  %s\n' 0e1ddd24cfe7e9eda3b37a0331ab6043e90d315a420051068a4f478d18b08d6e ./builtins/colon.def
++ IFS=
++ read -r f
+++ sha256sum ./builtins/command.def
+++ awk '{print $1}'
++ h=0189759e29c50d527fa89932654ef585cc29b98b592a6b59744f6ca84aa79d34
++ printf '%s  %s\n' 0189759e29c50d527fa89932654ef585cc29b98b592a6b59744f6ca84aa79d34 ./builtins/command.def
++ IFS=
++ read -r f
+++ sha256sum ./builtins/common.c
+++ awk '{print $1}'
++ h=979a0c3d1a77d4b33a9e27a68992f584d1b3ca6e6754c3d052ac30bec45e186d
++ printf '%s  %s\n' 979a0c3d1a77d4b33a9e27a68992f584d1b3ca6e6754c3d052ac30bec45e186d ./builtins/common.c
++ IFS=
++ read -r f
+++ sha256sum ./builtins/common.h
+++ awk '{print $1}'
++ h=9a269a14937e7c4de487af5d2ebf991d00fefe3e8a2c801251cfd605533a98f0
++ printf '%s  %s\n' 9a269a14937e7c4de487af5d2ebf991d00fefe3e8a2c801251cfd605533a98f0 ./builtins/common.h
++ IFS=
++ read -r f
+++ sha256sum ./builtins/complete.def
+++ awk '{print $1}'
++ h=2f34f553d2a768a3d6bacf212f854b5cfb64b14bccd2f454d5296c415d2ec2db
++ printf '%s  %s\n' 2f34f553d2a768a3d6bacf212f854b5cfb64b14bccd2f454d5296c415d2ec2db ./builtins/complete.def
++ IFS=
++ read -r f
+++ sha256sum ./builtins/declare.def
+++ awk '{print $1}'
++ h=1ea38f843a846fd9bb45f5c1b05f3a55cc96133e3624b0b48722647887161a10
++ printf '%s  %s\n' 1ea38f843a846fd9bb45f5c1b05f3a55cc96133e3624b0b48722647887161a10 ./builtins/declare.def
++ IFS=
++ read -r f
+++ sha256sum ./builtins/echo.def
+++ awk '{print $1}'
++ h=ea4b02acfbe1e86ca4c8e48467bcb7a62b34bc35e160a484f6d52c28e1741a57
++ printf '%s  %s\n' ea4b02acfbe1e86ca4c8e48467bcb7a62b34bc35e160a484f6d52c28e1741a57 ./builtins/echo.def
++ IFS=
++ read -r f
+++ sha256sum ./builtins/enable.def
+++ awk '{print $1}'
++ h=2762f95d4126f8b4b95c737201028043a0ce6360087707cec57b4a93bfec84b5
++ printf '%s  %s\n' 2762f95d4126f8b4b95c737201028043a0ce6360087707cec57b4a93bfec84b5 ./builtins/enable.def
++ IFS=
++ read -r f
+++ sha256sum ./builtins/eval.def
+++ awk '{print $1}'
++ h=17beb75fd2a6e6e8a6d66712e8b942744efb7f07eaf08d861cd15709d845e5e0
++ printf '%s  %s\n' 17beb75fd2a6e6e8a6d66712e8b942744efb7f07eaf08d861cd15709d845e5e0 ./builtins/eval.def
++ IFS=
++ read -r f
+++ sha256sum ./builtins/evalfile.c
+++ awk '{print $1}'
++ h=f7a500b1523fa5f9a1ed07371d832ba084c2639aa3138309702f2101c2947c0f
++ printf '%s  %s\n' f7a500b1523fa5f9a1ed07371d832ba084c2639aa3138309702f2101c2947c0f ./builtins/evalfile.c
++ IFS=
++ read -r f
+++ sha256sum ./builtins/evalstring.c
+++ awk '{print $1}'
++ h=063da6502b5472c1a126f86fcdb4fc8c351ae1d3a1510cb2167ff0b6be3b066f
++ printf '%s  %s\n' 063da6502b5472c1a126f86fcdb4fc8c351ae1d3a1510cb2167ff0b6be3b066f ./builtins/evalstring.c
++ IFS=
++ read -r f
+++ sha256sum ./builtins/exec.def
+++ awk '{print $1}'
++ h=9c7eec0d33255fc89967e9a4ccaf1bfb15fda9b32aac49c08f9e0a947dc85589
++ printf '%s  %s\n' 9c7eec0d33255fc89967e9a4ccaf1bfb15fda9b32aac49c08f9e0a947dc85589 ./builtins/exec.def
++ IFS=
++ read -r f
+++ sha256sum ./builtins/exit.def
+++ awk '{print $1}'
++ h=deefcffd748ff51f77aac8c0705e1954e2b3f7194b47574166b9e2363081bd72
++ printf '%s  %s\n' deefcffd748ff51f77aac8c0705e1954e2b3f7194b47574166b9e2363081bd72 ./builtins/exit.def
++ IFS=
++ read -r f
+++ sha256sum ./builtins/fc.def
+++ awk '{print $1}'
++ h=3600b6f888b088a8661c34eb22bd50a3ef4bae52362715d20a1b9eb619daf926
++ printf '%s  %s\n' 3600b6f888b088a8661c34eb22bd50a3ef4bae52362715d20a1b9eb619daf926 ./builtins/fc.def
++ IFS=
++ read -r f
+++ sha256sum ./builtins/fg_bg.def
+++ awk '{print $1}'
++ h=45ca4beafb426d83aab0b5f8e0fffbea028f9c5d8d21a8be1ee375f5e748cef3
++ printf '%s  %s\n' 45ca4beafb426d83aab0b5f8e0fffbea028f9c5d8d21a8be1ee375f5e748cef3 ./builtins/fg_bg.def
++ IFS=
++ read -r f
+++ sha256sum ./builtins/gen-helpfiles.c
+++ awk '{print $1}'
++ h=39078f03b53124e023fd5d8bc38030f95bfdc000ecd4216b70a87ea35d331972
++ printf '%s  %s\n' 39078f03b53124e023fd5d8bc38030f95bfdc000ecd4216b70a87ea35d331972 ./builtins/gen-helpfiles.c
++ IFS=
++ read -r f
+++ sha256sum ./builtins/getopt.c
+++ awk '{print $1}'
++ h=e6ac13cf8246c16a4a804143b7abb71b87c6929d989ae9505165f4f257c82225
++ printf '%s  %s\n' e6ac13cf8246c16a4a804143b7abb71b87c6929d989ae9505165f4f257c82225 ./builtins/getopt.c
++ IFS=
++ read -r f
+++ sha256sum ./builtins/getopt.h
+++ awk '{print $1}'
++ h=bda29e85c81dab70fc0469d2fc936adece74375d15a155275439a6ab99eefb27
++ printf '%s  %s\n' bda29e85c81dab70fc0469d2fc936adece74375d15a155275439a6ab99eefb27 ./builtins/getopt.h
++ IFS=
++ read -r f
+++ sha256sum ./builtins/getopts.def
+++ awk '{print $1}'
++ h=212580ee66046e94053898b816b38e3392d8c29bb213e29566eb182370512407
++ printf '%s  %s\n' 212580ee66046e94053898b816b38e3392d8c29bb213e29566eb182370512407 ./builtins/getopts.def
++ IFS=
++ read -r f
+++ sha256sum ./builtins/hash.def
+++ awk '{print $1}'
++ h=05ba1c508d43ac5f40fe9163c5e80aa4046a0c479dfae1d05250f9361c9039df
++ printf '%s  %s\n' 05ba1c508d43ac5f40fe9163c5e80aa4046a0c479dfae1d05250f9361c9039df ./builtins/hash.def
++ IFS=
++ read -r f
+++ sha256sum ./builtins/help.def
+++ awk '{print $1}'
++ h=2b6a80c293a700a48932c9f1d94f7dc942ad5364bd78e461c93a5f1bbb3ed31d
++ printf '%s  %s\n' 2b6a80c293a700a48932c9f1d94f7dc942ad5364bd78e461c93a5f1bbb3ed31d ./builtins/help.def
++ IFS=
++ read -r f
+++ sha256sum ./builtins/history.def
+++ awk '{print $1}'
++ h=1836c4250eff7bc23b0e5df2558bcae150145dad7ab3e8e4c7245cfb335097eb
++ printf '%s  %s\n' 1836c4250eff7bc23b0e5df2558bcae150145dad7ab3e8e4c7245cfb335097eb ./builtins/history.def
++ IFS=
++ read -r f
+++ sha256sum ./builtins/jobs.def
+++ awk '{print $1}'
++ h=9e303d17e8b7c2a0f2c4a9c6efea64dda1708fe80e04e4013dd22b9850a44f3e
++ printf '%s  %s\n' 9e303d17e8b7c2a0f2c4a9c6efea64dda1708fe80e04e4013dd22b9850a44f3e ./builtins/jobs.def
++ IFS=
++ read -r f
+++ sha256sum ./builtins/kill.def
+++ awk '{print $1}'
++ h=668e56fa966b07694585ed186fdb3824247e3364ed97a2c581978c8ac5b25c40
++ printf '%s  %s\n' 668e56fa966b07694585ed186fdb3824247e3364ed97a2c581978c8ac5b25c40 ./builtins/kill.def
++ IFS=
++ read -r f
+++ sha256sum ./builtins/let.def
+++ awk '{print $1}'
++ h=fd5b44c8398fb5c8500a2a05d63b92d2db8c6baead340218f41fd10d2f7df017
++ printf '%s  %s\n' fd5b44c8398fb5c8500a2a05d63b92d2db8c6baead340218f41fd10d2f7df017 ./builtins/let.def
++ IFS=
++ read -r f
+++ sha256sum ./builtins/mapfile.def
+++ awk '{print $1}'
++ h=0b51a4c86146f38965903940e21354216271233e2fdf65e331fc249d25b60f08
++ printf '%s  %s\n' 0b51a4c86146f38965903940e21354216271233e2fdf65e331fc249d25b60f08 ./builtins/mapfile.def
++ IFS=
++ read -r f
+++ sha256sum ./builtins/mkbuiltins.c
+++ awk '{print $1}'
++ h=4b3d76dc197cb3797fb955b64b750f58da46e79f5b4c386ced57ed8dbe443cf8
++ printf '%s  %s\n' 4b3d76dc197cb3797fb955b64b750f58da46e79f5b4c386ced57ed8dbe443cf8 ./builtins/mkbuiltins.c
++ IFS=
++ read -r f
+++ sha256sum ./builtins/printf.def
+++ awk '{print $1}'
++ h=5deb58a9bb574487eacc121ca1d42d2f61195a67ed2393d68787f715dbc743c3
++ printf '%s  %s\n' 5deb58a9bb574487eacc121ca1d42d2f61195a67ed2393d68787f715dbc743c3 ./builtins/printf.def
++ IFS=
++ read -r f
+++ sha256sum ./builtins/psize.c
+++ awk '{print $1}'
++ h=59861775d0b03f7394cf5bda7abcfc1d60b454fcd5514c1e330b743998c6aaf8
++ printf '%s  %s\n' 59861775d0b03f7394cf5bda7abcfc1d60b454fcd5514c1e330b743998c6aaf8 ./builtins/psize.c
++ IFS=
++ read -r f
+++ sha256sum ./builtins/psize.sh
+++ awk '{print $1}'
++ h=01d3e145e083777e5a94baf4e1cacb239509877de6709500014c468461b600ab
++ printf '%s  %s\n' 01d3e145e083777e5a94baf4e1cacb239509877de6709500014c468461b600ab ./builtins/psize.sh
++ IFS=
++ read -r f
+++ sha256sum ./builtins/pushd.def
+++ awk '{print $1}'
++ h=8858a0686089f77a55f4185635595d53fe4061e9c3915ce87d4757fca62ebf5a
++ printf '%s  %s\n' 8858a0686089f77a55f4185635595d53fe4061e9c3915ce87d4757fca62ebf5a ./builtins/pushd.def
++ IFS=
++ read -r f
+++ sha256sum ./builtins/read.def
+++ awk '{print $1}'
++ h=f4c50b4e13cb7208ba871234b3efc874d9896c03ef8922121a3e6e0cca3c181f
++ printf '%s  %s\n' f4c50b4e13cb7208ba871234b3efc874d9896c03ef8922121a3e6e0cca3c181f ./builtins/read.def
++ IFS=
++ read -r f
+++ sha256sum ./builtins/reserved.def
+++ awk '{print $1}'
++ h=56e694c7ce2f313a7d637532e1b14533a6a57ab90765d45c58eb0bcfd9f46547
++ printf '%s  %s\n' 56e694c7ce2f313a7d637532e1b14533a6a57ab90765d45c58eb0bcfd9f46547 ./builtins/reserved.def
++ IFS=
++ read -r f
+++ sha256sum ./builtins/return.def
+++ awk '{print $1}'
++ h=bf1f441b65be74d6fa63c552368c9f39c8b30a069d58431c64f7102d0eca3596
++ printf '%s  %s\n' bf1f441b65be74d6fa63c552368c9f39c8b30a069d58431c64f7102d0eca3596 ./builtins/return.def
++ IFS=
++ read -r f
+++ sha256sum ./builtins/set.def
+++ awk '{print $1}'
++ h=ec6b093d992985412690dcfb359710a2bd237a9fc28be96a9ed3791d5c810d1c
++ printf '%s  %s\n' ec6b093d992985412690dcfb359710a2bd237a9fc28be96a9ed3791d5c810d1c ./builtins/set.def
++ IFS=
++ read -r f
+++ sha256sum ./builtins/setattr.def
+++ awk '{print $1}'
++ h=a5ad79860cd89e8e5ad9bcfeafe389840b7a59446b81ad9f410e95e75aca5f27
++ printf '%s  %s\n' a5ad79860cd89e8e5ad9bcfeafe389840b7a59446b81ad9f410e95e75aca5f27 ./builtins/setattr.def
++ IFS=
++ read -r f
+++ sha256sum ./builtins/shift.def
+++ awk '{print $1}'
++ h=9db51afcd4bcedd16db7195a3e9ae06dd5d30114ed551b9be558669dc6f6838e
++ printf '%s  %s\n' 9db51afcd4bcedd16db7195a3e9ae06dd5d30114ed551b9be558669dc6f6838e ./builtins/shift.def
++ IFS=
++ read -r f
+++ sha256sum ./builtins/shopt.def
+++ awk '{print $1}'
++ h=ea8d1438198e44f7b4876acfafc6dce811d6141f52f86e4cb358fc95cf26fce2
++ printf '%s  %s\n' ea8d1438198e44f7b4876acfafc6dce811d6141f52f86e4cb358fc95cf26fce2 ./builtins/shopt.def
++ IFS=
++ read -r f
+++ sha256sum ./builtins/source.def
+++ awk '{print $1}'
++ h=74853a5a3f6a5461ea9567406ae03344110164596d7642683225cdde827e7613
++ printf '%s  %s\n' 74853a5a3f6a5461ea9567406ae03344110164596d7642683225cdde827e7613 ./builtins/source.def
++ IFS=
++ read -r f
+++ sha256sum ./builtins/suspend.def
+++ awk '{print $1}'
++ h=b7ec2df41e4c8d614e80b8ee40723c46596c04656837b05473e155ffe252c12e
++ printf '%s  %s\n' b7ec2df41e4c8d614e80b8ee40723c46596c04656837b05473e155ffe252c12e ./builtins/suspend.def
++ IFS=
++ read -r f
+++ sha256sum ./builtins/test.def
+++ awk '{print $1}'
++ h=be9a3cb99685722c8a86ae8523fb8d2d9527a674be5f1692ecb220bbbaf793ca
++ printf '%s  %s\n' be9a3cb99685722c8a86ae8523fb8d2d9527a674be5f1692ecb220bbbaf793ca ./builtins/test.def
++ IFS=
++ read -r f
+++ sha256sum ./builtins/times.def
+++ awk '{print $1}'
++ h=7d71bc223d753aa39006e5dd2eaa71f9d0f31da250176f63b497e70d12681383
++ printf '%s  %s\n' 7d71bc223d753aa39006e5dd2eaa71f9d0f31da250176f63b497e70d12681383 ./builtins/times.def
++ IFS=
++ read -r f
+++ sha256sum ./builtins/trap.def
+++ awk '{print $1}'
++ h=b4de3da96cacd275e619e0bcd733525899b772fee5648c65df862f65b7d21d98
++ printf '%s  %s\n' b4de3da96cacd275e619e0bcd733525899b772fee5648c65df862f65b7d21d98 ./builtins/trap.def
++ IFS=
++ read -r f
+++ sha256sum ./builtins/type.def
+++ awk '{print $1}'
++ h=bd6fda6403e4bd872830c105e5e4f0eef6ee0a2e2fe9f5db792c8e405e1d41b6
++ printf '%s  %s\n' bd6fda6403e4bd872830c105e5e4f0eef6ee0a2e2fe9f5db792c8e405e1d41b6 ./builtins/type.def
++ IFS=
++ read -r f
+++ sha256sum ./builtins/ulimit.def
+++ awk '{print $1}'
++ h=cf559d205e45b5240ca82e7b2096c8e130b20464927fb0ff36f83cf5a3cf997b
++ printf '%s  %s\n' cf559d205e45b5240ca82e7b2096c8e130b20464927fb0ff36f83cf5a3cf997b ./builtins/ulimit.def
++ IFS=
++ read -r f
+++ sha256sum ./builtins/umask.def
+++ awk '{print $1}'
++ h=7b5a8372015b12f1ffc4b4e15d108ba3c5a803153b2f27eaf31206f297d68218
++ printf '%s  %s\n' 7b5a8372015b12f1ffc4b4e15d108ba3c5a803153b2f27eaf31206f297d68218 ./builtins/umask.def
++ IFS=
++ read -r f
+++ sha256sum ./builtins/wait.def
+++ awk '{print $1}'
++ h=a1d3048451efc1e79b4d9b53e6b49a65f309376a25ffe7a05f5f4e4862944c42
++ printf '%s  %s\n' a1d3048451efc1e79b4d9b53e6b49a65f309376a25ffe7a05f5f4e4862944c42 ./builtins/wait.def
++ IFS=
++ read -r f
+++ sha256sum ./command.h
+++ awk '{print $1}'
++ h=664ec6c559c6b139b7efbef30d795387ee8a5fe074efc1802a3f2cb8c0fddd28
++ printf '%s  %s\n' 664ec6c559c6b139b7efbef30d795387ee8a5fe074efc1802a3f2cb8c0fddd28 ./command.h
++ IFS=
++ read -r f
+++ sha256sum ./config-bot.h
+++ awk '{print $1}'
++ h=b57ae6e38bbfc3fcb2a8c559671b46c32f3282b366605da64272eb2cb2b44171
++ printf '%s  %s\n' b57ae6e38bbfc3fcb2a8c559671b46c32f3282b366605da64272eb2cb2b44171 ./config-bot.h
++ IFS=
++ read -r f
+++ sha256sum ./config-top.h
+++ awk '{print $1}'
++ h=16142a6ae0e1732ba2090f2b4f522e4b9632d3d645724501336379c074b80e60
++ printf '%s  %s\n' 16142a6ae0e1732ba2090f2b4f522e4b9632d3d645724501336379c074b80e60 ./config-top.h
++ IFS=
++ read -r f
+++ sha256sum ./config.h.in
+++ awk '{print $1}'
++ h=1b04c5ef06e825eb2bfe409d152e1b729474ad17166b64a6365fd087572842a0
++ printf '%s  %s\n' 1b04c5ef06e825eb2bfe409d152e1b729474ad17166b64a6365fd087572842a0 ./config.h.in
++ IFS=
++ read -r f
+++ sha256sum ./configure
+++ awk '{print $1}'
++ h=0067a8ec3bd2e6a0f9a5c1f6bf81fef653b48f7be21661b3dc931b0d72f1f4cd
++ printf '%s  %s\n' 0067a8ec3bd2e6a0f9a5c1f6bf81fef653b48f7be21661b3dc931b0d72f1f4cd ./configure
++ IFS=
++ read -r f
+++ sha256sum ./configure.ac
+++ awk '{print $1}'
++ h=af4d0bde3d6d9a5745ff08528423cd3b344192802ef029e9e4e1469a7bc749e8
++ printf '%s  %s\n' af4d0bde3d6d9a5745ff08528423cd3b344192802ef029e9e4e1469a7bc749e8 ./configure.ac
++ IFS=
++ read -r f
+++ sha256sum ./conftypes.h
+++ awk '{print $1}'
++ h=f92b0b3533b7a56190d5c31403a675ccb17d89cfd7710dca3966fc08c4ef7dac
++ printf '%s  %s\n' f92b0b3533b7a56190d5c31403a675ccb17d89cfd7710dca3966fc08c4ef7dac ./conftypes.h
++ IFS=
++ read -r f
+++ sha256sum ./copy_cmd.c
+++ awk '{print $1}'
++ h=1e8a999499e1e6c4b459a5bb97923b49a2af6790b3c3991cf5493d3434394971
++ printf '%s  %s\n' 1e8a999499e1e6c4b459a5bb97923b49a2af6790b3c3991cf5493d3434394971 ./copy_cmd.c
++ IFS=
++ read -r f
+++ sha256sum ./cross-build/cygwin32.cache
+++ awk '{print $1}'
++ h=2e6e65a9531f1fa9c4a4f758c57a240299f484008fab3fb7db8423e3d28b8de0
++ printf '%s  %s\n' 2e6e65a9531f1fa9c4a4f758c57a240299f484008fab3fb7db8423e3d28b8de0 ./cross-build/cygwin32.cache
++ IFS=
++ read -r f
+++ sha256sum ./cross-build/msys32.cache
+++ awk '{print $1}'
++ h=31560b03a672d3ede6bf6a5d94d232ba05b6b92242d69cbe8db5ac2c58b5dea5
++ printf '%s  %s\n' 31560b03a672d3ede6bf6a5d94d232ba05b6b92242d69cbe8db5ac2c58b5dea5 ./cross-build/msys32.cache
++ IFS=
++ read -r f
+++ sha256sum ./cross-build/opennt.cache
+++ awk '{print $1}'
++ h=f2d2a7eb21f4ed2efd985731f8f58b5b884260ace02de2abcd20d25f71d3a4e6
++ printf '%s  %s\n' f2d2a7eb21f4ed2efd985731f8f58b5b884260ace02de2abcd20d25f71d3a4e6 ./cross-build/opennt.cache
++ IFS=
++ read -r f
+++ sha256sum ./cross-build/qnx.cache
+++ awk '{print $1}'
++ h=4298cc29814a83576df7e5b0d274af08cba901c4c01da8e986742bd7a22d1eda
++ printf '%s  %s\n' 4298cc29814a83576df7e5b0d274af08cba901c4c01da8e986742bd7a22d1eda ./cross-build/qnx.cache
++ IFS=
++ read -r f
+++ sha256sum ./cross-build/x86-beos.cache
+++ awk '{print $1}'
++ h=1abda46ed89c411b7168a3af484ce33f6ae1734a8474fb0de7d30f45fb3bd95c
++ printf '%s  %s\n' 1abda46ed89c411b7168a3af484ce33f6ae1734a8474fb0de7d30f45fb3bd95c ./cross-build/x86-beos.cache
++ IFS=
++ read -r f
+++ sha256sum ./dispose_cmd.c
+++ awk '{print $1}'
++ h=596e44281811314d8420e59b5e65f75a6a416d490e558c2b8e2d2cf0569ea7be
++ printf '%s  %s\n' 596e44281811314d8420e59b5e65f75a6a416d490e558c2b8e2d2cf0569ea7be ./dispose_cmd.c
++ IFS=
++ read -r f
+++ sha256sum ./dispose_cmd.h
+++ awk '{print $1}'
++ h=ed49dcc2e7de7232f60472caf23c757edbc1995b968c1fbec890bf3867461393
++ printf '%s  %s\n' ed49dcc2e7de7232f60472caf23c757edbc1995b968c1fbec890bf3867461393 ./dispose_cmd.h
++ IFS=
++ read -r f
+++ sha256sum ./doc/FAQ
+++ awk '{print $1}'
++ h=1a8838790362d6cefc1b4b0a230710769ea47f4eb96c8dcd24b846dd7d445db3
++ printf '%s  %s\n' 1a8838790362d6cefc1b4b0a230710769ea47f4eb96c8dcd24b846dd7d445db3 ./doc/FAQ
++ IFS=
++ read -r f
+++ sha256sum ./doc/INTRO
+++ awk '{print $1}'
++ h=88d4f438af6af108d5970aed3a88208a295b6dafc2d55b549169bb0a372ec1fb
++ printf '%s  %s\n' 88d4f438af6af108d5970aed3a88208a295b6dafc2d55b549169bb0a372ec1fb ./doc/INTRO
++ IFS=
++ read -r f
+++ sha256sum ./doc/Makefile.in
+++ awk '{print $1}'
++ h=ae1f9f3110eb563a45aaa67e14ce5074d84ec60b59c46800d3f14e2ab92ab840
++ printf '%s  %s\n' ae1f9f3110eb563a45aaa67e14ce5074d84ec60b59c46800d3f14e2ab92ab840 ./doc/Makefile.in
++ IFS=
++ read -r f
+++ sha256sum ./doc/README
+++ awk '{print $1}'
++ h=255cce4868c3fd2887c050fc4e56edc3a246e3dfedd8a58c16e57eaeaf43bee5
++ printf '%s  %s\n' 255cce4868c3fd2887c050fc4e56edc3a246e3dfedd8a58c16e57eaeaf43bee5 ./doc/README
++ IFS=
++ read -r f
+++ sha256sum ./doc/aosa-bash-full.pdf
+++ awk '{print $1}'
++ h=4062e692263978ad622b93672af494171d6cb0f88b049313fac77d6f20dd03d0
++ printf '%s  %s\n' 4062e692263978ad622b93672af494171d6cb0f88b049313fac77d6f20dd03d0 ./doc/aosa-bash-full.pdf
++ IFS=
++ read -r f
+++ sha256sum ./doc/aosa-bash.pdf
+++ awk '{print $1}'
++ h=49c472cd30581c5ee116b0ca07a1910013424fb93c12485e0c31b91d751e7db6
++ printf '%s  %s\n' 49c472cd30581c5ee116b0ca07a1910013424fb93c12485e0c31b91d751e7db6 ./doc/aosa-bash.pdf
++ IFS=
++ read -r f
+++ sha256sum ./doc/article.ms
+++ awk '{print $1}'
++ h=29d782c8b5c0e792a2fd9d62888b81941e44315c45c5a5d2b0b4e70cf80b1c27
++ printf '%s  %s\n' 29d782c8b5c0e792a2fd9d62888b81941e44315c45c5a5d2b0b4e70cf80b1c27 ./doc/article.ms
++ IFS=
++ read -r f
+++ sha256sum ./doc/article.pdf
+++ awk '{print $1}'
++ h=a9582ecdb539be3010c053e6778d8690c31528289bd5e33c492ecb87a2414bbd
++ printf '%s  %s\n' a9582ecdb539be3010c053e6778d8690c31528289bd5e33c492ecb87a2414bbd ./doc/article.pdf
++ IFS=
++ read -r f
+++ sha256sum ./doc/article.ps
+++ awk '{print $1}'
++ h=4a9003b9adaf9b7171d7b6b8272c09140fdc14b542327f5bf2b642b0eaa51fcb
++ printf '%s  %s\n' 4a9003b9adaf9b7171d7b6b8272c09140fdc14b542327f5bf2b642b0eaa51fcb ./doc/article.ps
++ IFS=
++ read -r f
+++ sha256sum ./doc/article.txt
+++ awk '{print $1}'
++ h=f937f00459adcc3f3250c5c7a421dbc42126b0f523a2c008e1a6e2a7cd064bad
++ printf '%s  %s\n' f937f00459adcc3f3250c5c7a421dbc42126b0f523a2c008e1a6e2a7cd064bad ./doc/article.txt
++ IFS=
++ read -r f
+++ sha256sum ./doc/bash.0
+++ awk '{print $1}'
++ h=0cb996dd14e754c2108f7d2e3c3dd0a9e977173e5b8762417a9b35de74de7cf2
++ printf '%s  %s\n' 0cb996dd14e754c2108f7d2e3c3dd0a9e977173e5b8762417a9b35de74de7cf2 ./doc/bash.0
++ IFS=
++ read -r f
+++ sha256sum ./doc/bash.1
+++ awk '{print $1}'
++ h=23f7bd155c57125864094d2cb4e1f6ec9f8c2ea002e18bebeb3ed4bcfaad1971
++ printf '%s  %s\n' 23f7bd155c57125864094d2cb4e1f6ec9f8c2ea002e18bebeb3ed4bcfaad1971 ./doc/bash.1
++ IFS=
++ read -r f
+++ sha256sum ./doc/bash.html
+++ awk '{print $1}'
++ h=79394ccb66e4d572f47d8b01634d3b08a87f705a230605006e25aecd5e033475
++ printf '%s  %s\n' 79394ccb66e4d572f47d8b01634d3b08a87f705a230605006e25aecd5e033475 ./doc/bash.html
++ IFS=
++ read -r f
+++ sha256sum ./doc/bash.info
+++ awk '{print $1}'
++ h=e64164b06027fad39355387b7c51c96a15610333b10c86c6d4ffe3e2f0f53670
++ printf '%s  %s\n' e64164b06027fad39355387b7c51c96a15610333b10c86c6d4ffe3e2f0f53670 ./doc/bash.info
++ IFS=
++ read -r f
+++ sha256sum ./doc/bash.pdf
+++ awk '{print $1}'
++ h=f344f2877835a049263c857613c0bd9b9ffc7985ac32a43b829f3dc72da56ef6
++ printf '%s  %s\n' f344f2877835a049263c857613c0bd9b9ffc7985ac32a43b829f3dc72da56ef6 ./doc/bash.pdf
++ IFS=
++ read -r f
+++ sha256sum ./doc/bash.ps
+++ awk '{print $1}'
++ h=19761ceb3d2e05e1c651059fbe3391ef9438e3b9fadbebd5d55a43e760eb2b8d
++ printf '%s  %s\n' 19761ceb3d2e05e1c651059fbe3391ef9438e3b9fadbebd5d55a43e760eb2b8d ./doc/bash.ps
++ IFS=
++ read -r f
+++ sha256sum ./doc/bashbug.0
+++ awk '{print $1}'
++ h=7235a6c34650f1e943378c82de5e3ec91061d3a1b50e9b844d9db350d59ab48f
++ printf '%s  %s\n' 7235a6c34650f1e943378c82de5e3ec91061d3a1b50e9b844d9db350d59ab48f ./doc/bashbug.0
++ IFS=
++ read -r f
+++ sha256sum ./doc/bashbug.1
+++ awk '{print $1}'
++ h=e32a1b4f1ca110bd2bf232a49a68ac2c151048dd29d5bde49864b94931022af0
++ printf '%s  %s\n' e32a1b4f1ca110bd2bf232a49a68ac2c151048dd29d5bde49864b94931022af0 ./doc/bashbug.1
++ IFS=
++ read -r f
+++ sha256sum ./doc/bashref.dvi
+++ awk '{print $1}'
++ h=30902188485f1bfddc227161b427706dcbacf5afc4e0b1f42a8407e854cf096b
++ printf '%s  %s\n' 30902188485f1bfddc227161b427706dcbacf5afc4e0b1f42a8407e854cf096b ./doc/bashref.dvi
++ IFS=
++ read -r f
+++ sha256sum ./doc/bashref.html
+++ awk '{print $1}'
++ h=b91026acffb159bd1e842e3116a95539bf858e2b57cbfa74df9e3a53379177a4
++ printf '%s  %s\n' b91026acffb159bd1e842e3116a95539bf858e2b57cbfa74df9e3a53379177a4 ./doc/bashref.html
++ IFS=
++ read -r f
+++ sha256sum ./doc/bashref.info
+++ awk '{print $1}'
++ h=4edb431cb97126281be3f8e5038a5e3377177f97ab1ca3f6ad9809bd555e8654
++ printf '%s  %s\n' 4edb431cb97126281be3f8e5038a5e3377177f97ab1ca3f6ad9809bd555e8654 ./doc/bashref.info
++ IFS=
++ read -r f
+++ sha256sum ./doc/bashref.pdf
+++ awk '{print $1}'
++ h=1dff3568b0211435a6ce2429f2d8f28b008e9c562ec23af736bacceaa9abdd2a
++ printf '%s  %s\n' 1dff3568b0211435a6ce2429f2d8f28b008e9c562ec23af736bacceaa9abdd2a ./doc/bashref.pdf
++ IFS=
++ read -r f
+++ sha256sum ./doc/bashref.ps
+++ awk '{print $1}'
++ h=70ed1f2eb4e62b149c14a4c0f59fdb33c80bc6142bce2835809498cdc310ffde
++ printf '%s  %s\n' 70ed1f2eb4e62b149c14a4c0f59fdb33c80bc6142bce2835809498cdc310ffde ./doc/bashref.ps
++ IFS=
++ read -r f
+++ sha256sum ./doc/bashref.texi
+++ awk '{print $1}'
++ h=f3d37d57a1061e24d266051de9bd47ffa43dc86584afea11576c535ad2be32d5
++ printf '%s  %s\n' f3d37d57a1061e24d266051de9bd47ffa43dc86584afea11576c535ad2be32d5 ./doc/bashref.texi
++ IFS=
++ read -r f
+++ sha256sum ./doc/builtins.0
+++ awk '{print $1}'
++ h=97949075a94e40f2467cec4e5a5acbc6a2e426008320254bbe74ecc195dece3d
++ printf '%s  %s\n' 97949075a94e40f2467cec4e5a5acbc6a2e426008320254bbe74ecc195dece3d ./doc/builtins.0
++ IFS=
++ read -r f
+++ sha256sum ./doc/builtins.1
+++ awk '{print $1}'
++ h=4db35dcd71225a0074b8a2425ed6eab3fea066128eb378419cdab572512f77f2
++ printf '%s  %s\n' 4db35dcd71225a0074b8a2425ed6eab3fea066128eb378419cdab572512f77f2 ./doc/builtins.1
++ IFS=
++ read -r f
+++ sha256sum ./doc/builtins.pdf
+++ awk '{print $1}'
++ h=7baec3ba2d9f93eeff9506ef3078fb662381641bdde31dfa827090491a0f47a8
++ printf '%s  %s\n' 7baec3ba2d9f93eeff9506ef3078fb662381641bdde31dfa827090491a0f47a8 ./doc/builtins.pdf
++ IFS=
++ read -r f
+++ sha256sum ./doc/fdl.texi
+++ awk '{print $1}'
++ h=a7e43ea88ee8fc4722d38482fd1a14c12bfbe2f0512d61980c810627b19cdce5
++ printf '%s  %s\n' a7e43ea88ee8fc4722d38482fd1a14c12bfbe2f0512d61980c810627b19cdce5 ./doc/fdl.texi
++ IFS=
++ read -r f
+++ sha256sum ./doc/fdl.txt
+++ awk '{print $1}'
++ h=4748f03ed2dbcc14cde6ebc30799899c403e356a7465dc30fcf2b80c45fc0059
++ printf '%s  %s\n' 4748f03ed2dbcc14cde6ebc30799899c403e356a7465dc30fcf2b80c45fc0059 ./doc/fdl.txt
++ IFS=
++ read -r f
+++ sha256sum ./doc/htmlpost.sh
+++ awk '{print $1}'
++ h=0f2b30fe1ed83861a53b117e82f8ee2f87b865b21a86afe192836cd811f312b3
++ printf '%s  %s\n' 0f2b30fe1ed83861a53b117e82f8ee2f87b865b21a86afe192836cd811f312b3 ./doc/htmlpost.sh
++ IFS=
++ read -r f
+++ sha256sum ./doc/rbash.0
+++ awk '{print $1}'
++ h=15c90acb0dbbc279e0c022ef1cdb17abcc45291544d59704b7fcd882f1f98bcd
++ printf '%s  %s\n' 15c90acb0dbbc279e0c022ef1cdb17abcc45291544d59704b7fcd882f1f98bcd ./doc/rbash.0
++ IFS=
++ read -r f
+++ sha256sum ./doc/rbash.1
+++ awk '{print $1}'
++ h=e98b6147f6415df6db7cc9ba8e17db53db271b27d0b62e9273341a8370e217db
++ printf '%s  %s\n' e98b6147f6415df6db7cc9ba8e17db53db271b27d0b62e9273341a8370e217db ./doc/rbash.1
++ IFS=
++ read -r f
+++ sha256sum ./doc/rbash.pdf
+++ awk '{print $1}'
++ h=6068c071c7e94e224e42d13c2ca9c5e37e225682c48c427194db2d2b21828264
++ printf '%s  %s\n' 6068c071c7e94e224e42d13c2ca9c5e37e225682c48c427194db2d2b21828264 ./doc/rbash.pdf
++ IFS=
++ read -r f
+++ sha256sum ./doc/rose94.pdf
+++ awk '{print $1}'
++ h=a8d6c7166e79b6dc96a5a7381d4600329aeb352d9b6dfba9566449b22f23fb49
++ printf '%s  %s\n' a8d6c7166e79b6dc96a5a7381d4600329aeb352d9b6dfba9566449b22f23fb49 ./doc/rose94.pdf
++ IFS=
++ read -r f
+++ sha256sum ./doc/rose94.ps
+++ awk '{print $1}'
++ h=b529cdb614fa0ae4320e72d8b422849e45f7f25c6d4348f64fd87a498aa5c605
++ printf '%s  %s\n' b529cdb614fa0ae4320e72d8b422849e45f7f25c6d4348f64fd87a498aa5c605 ./doc/rose94.ps
++ IFS=
++ read -r f
+++ sha256sum ./doc/texinfo.tex
+++ awk '{print $1}'
++ h=3eacfb921698df52d73d669082fd54b209ce9f24360bae1e36ab65c91514f578
++ printf '%s  %s\n' 3eacfb921698df52d73d669082fd54b209ce9f24360bae1e36ab65c91514f578 ./doc/texinfo.tex
++ IFS=
++ read -r f
+++ sha256sum ./doc/version.texi
+++ awk '{print $1}'
++ h=ad57e14bc98393c94822f8e75b2e103d683862ba5e2810c9fb3d0f93e02d6cb4
++ printf '%s  %s\n' ad57e14bc98393c94822f8e75b2e103d683862ba5e2810c9fb3d0f93e02d6cb4 ./doc/version.texi
++ IFS=
++ read -r f
+++ sha256sum ./error.c
+++ awk '{print $1}'
++ h=1437faf7b83170a35abb9381c2d169d66b6c6c925ad7fbec7329a3f02316f402
++ printf '%s  %s\n' 1437faf7b83170a35abb9381c2d169d66b6c6c925ad7fbec7329a3f02316f402 ./error.c
++ IFS=
++ read -r f
+++ sha256sum ./error.h
+++ awk '{print $1}'
++ h=3724eb2121eea35155f48e52832a7ec18e9021ff2d713aad175b36a149539981
++ printf '%s  %s\n' 3724eb2121eea35155f48e52832a7ec18e9021ff2d713aad175b36a149539981 ./error.h
++ IFS=
++ read -r f
+++ sha256sum ./eval.c
+++ awk '{print $1}'
++ h=21bfede320d640a219fc0ffa66d7b90d8f1fae87605847d4d06e6e058c4e7051
++ printf '%s  %s\n' 21bfede320d640a219fc0ffa66d7b90d8f1fae87605847d4d06e6e058c4e7051 ./eval.c
++ IFS=
++ read -r f
+++ sha256sum ./examples/INDEX.html
+++ awk '{print $1}'
++ h=4aa5ed88d33cf2eb6eea46476805ea1df28a10aad7e57dbaa397f6e5c83025a8
++ printf '%s  %s\n' 4aa5ed88d33cf2eb6eea46476805ea1df28a10aad7e57dbaa397f6e5c83025a8 ./examples/INDEX.html
++ IFS=
++ read -r f
+++ sha256sum ./examples/INDEX.txt
+++ awk '{print $1}'
++ h=3dff3e86f35e120812715ec71655c3bb335145149b6fde11ac724e5b677f6e5b
++ printf '%s  %s\n' 3dff3e86f35e120812715ec71655c3bb335145149b6fde11ac724e5b677f6e5b ./examples/INDEX.txt
++ IFS=
++ read -r f
+++ sha256sum ./examples/bash-completion/README
+++ awk '{print $1}'
++ h=53629c9cffe47b918a5c5072da65baff9fd15a5a1793aaef446a33f57ef79766
++ printf '%s  %s\n' 53629c9cffe47b918a5c5072da65baff9fd15a5a1793aaef446a33f57ef79766 ./examples/bash-completion/README
++ IFS=
++ read -r f
+++ sha256sum ./examples/bash-completion/bash-completion-2.5.tar.xz
+++ awk '{print $1}'
++ h=b0b9540c65532825eca030f1241731383f89b2b65e80f3492c5dd2f0438c95cf
++ printf '%s  %s\n' b0b9540c65532825eca030f1241731383f89b2b65e80f3492c5dd2f0438c95cf ./examples/bash-completion/bash-completion-2.5.tar.xz
++ IFS=
++ read -r f
+++ sha256sum ./examples/complete/bash_completion
+++ awk '{print $1}'
++ h=0bf0281412ea4bd077f77edf48ed7ae3d76bcab2ca811f78a7a7131542e5d865
++ printf '%s  %s\n' 0bf0281412ea4bd077f77edf48ed7ae3d76bcab2ca811f78a7a7131542e5d865 ./examples/complete/bash_completion
++ IFS=
++ read -r f
+++ sha256sum ./examples/complete/bashcc-1.0.1.tar.gz
+++ awk '{print $1}'
++ h=b9d01349abcb728c3ce29b27be4a059c3aefb711e54075094790ed50a6f412df
++ printf '%s  %s\n' b9d01349abcb728c3ce29b27be4a059c3aefb711e54075094790ed50a6f412df ./examples/complete/bashcc-1.0.1.tar.gz
++ IFS=
++ read -r f
+++ sha256sum ./examples/complete/cdfunc
+++ awk '{print $1}'
++ h=06895ddcf41c00dfb730a264787979fb9424aa67622c241135cc6a7ee7e9b876
++ printf '%s  %s\n' 06895ddcf41c00dfb730a264787979fb9424aa67622c241135cc6a7ee7e9b876 ./examples/complete/cdfunc
++ IFS=
++ read -r f
+++ sha256sum ./examples/complete/complete-examples
+++ awk '{print $1}'
++ h=d1e6331ffaaefe168c2187245b0b1e11513e7387a2bad1a4d1bb58cf65a22ff6
++ printf '%s  %s\n' d1e6331ffaaefe168c2187245b0b1e11513e7387a2bad1a4d1bb58cf65a22ff6 ./examples/complete/complete-examples
++ IFS=
++ read -r f
+++ sha256sum ./examples/functions/array-stuff
+++ awk '{print $1}'
++ h=8d41af016b5d77dcb299732616672f34e155dbb5419184bd3168bf95dad17a82
++ printf '%s  %s\n' 8d41af016b5d77dcb299732616672f34e155dbb5419184bd3168bf95dad17a82 ./examples/functions/array-stuff
++ IFS=
++ read -r f
+++ sha256sum ./examples/functions/array-to-string
+++ awk '{print $1}'
++ h=59784c11b05162b23972395e3ee5938d7269ea79b4f2d3d880aaa7959af7d5d7
++ printf '%s  %s\n' 59784c11b05162b23972395e3ee5938d7269ea79b4f2d3d880aaa7959af7d5d7 ./examples/functions/array-to-string
++ IFS=
++ read -r f
+++ sha256sum ./examples/functions/arrayops.bash
+++ awk '{print $1}'
++ h=ab3c9c8ea11f9b3eb3a1b1be5d4b57240e3f558d13787ea72263a1ab0af4ed78
++ printf '%s  %s\n' ab3c9c8ea11f9b3eb3a1b1be5d4b57240e3f558d13787ea72263a1ab0af4ed78 ./examples/functions/arrayops.bash
++ IFS=
++ read -r f
+++ sha256sum ./examples/functions/autoload
+++ awk '{print $1}'
++ h=140e0ccd36c29b4227df2655b2cfd546fd52cc3f4074dffb245cfc9dd269064f
++ printf '%s  %s\n' 140e0ccd36c29b4227df2655b2cfd546fd52cc3f4074dffb245cfc9dd269064f ./examples/functions/autoload
++ IFS=
++ read -r f
+++ sha256sum ./examples/functions/autoload.v2
+++ awk '{print $1}'
++ h=e0eccafd535755b8d0a02420ef139e09eb8cb07d944d2b1cadbe98a6d3f0bfd6
++ printf '%s  %s\n' e0eccafd535755b8d0a02420ef139e09eb8cb07d944d2b1cadbe98a6d3f0bfd6 ./examples/functions/autoload.v2
++ IFS=
++ read -r f
+++ sha256sum ./examples/functions/autoload.v3
+++ awk '{print $1}'
++ h=8697ac093603f86a084ed06433ca8913b80dc5dcef83662b97faac22008d61dd
++ printf '%s  %s\n' 8697ac093603f86a084ed06433ca8913b80dc5dcef83662b97faac22008d61dd ./examples/functions/autoload.v3
++ IFS=
++ read -r f
+++ sha256sum ./examples/functions/autoload.v4
+++ awk '{print $1}'
++ h=43214a27830d864fd002901f5b3dac3b7b8a866592d1a065e260797e45c324c5
++ printf '%s  %s\n' 43214a27830d864fd002901f5b3dac3b7b8a866592d1a065e260797e45c324c5 ./examples/functions/autoload.v4
++ IFS=
++ read -r f
+++ sha256sum ./examples/functions/autoload.v4.t
+++ awk '{print $1}'
++ h=ee88c76eceb60b68c4a834767e897be008bccf4551618db6eb87bb1f91a9c2cf
++ printf '%s  %s\n' ee88c76eceb60b68c4a834767e897be008bccf4551618db6eb87bb1f91a9c2cf ./examples/functions/autoload.v4.t
++ IFS=
++ read -r f
+++ sha256sum ./examples/functions/basename
+++ awk '{print $1}'
++ h=b4416d69778de259c0471790b11ca8d8f1eb747df1a9b06a2098bfbf58903834
++ printf '%s  %s\n' b4416d69778de259c0471790b11ca8d8f1eb747df1a9b06a2098bfbf58903834 ./examples/functions/basename
++ IFS=
++ read -r f
+++ sha256sum ./examples/functions/csh-compat
+++ awk '{print $1}'
++ h=37f51c099f52a719e79636bb8aca1dc2e7c43d27fd06b40ec1e67fd93ce71cf0
++ printf '%s  %s\n' 37f51c099f52a719e79636bb8aca1dc2e7c43d27fd06b40ec1e67fd93ce71cf0 ./examples/functions/csh-compat
++ IFS=
++ read -r f
+++ sha256sum ./examples/functions/dirname
+++ awk '{print $1}'
++ h=b372879cd6fdc0c42085dffd9267488e0cac21019c50cb1c57aef5d008c21cb4
++ printf '%s  %s\n' b372879cd6fdc0c42085dffd9267488e0cac21019c50cb1c57aef5d008c21cb4 ./examples/functions/dirname
++ IFS=
++ read -r f
+++ sha256sum ./examples/functions/dirstack
+++ awk '{print $1}'
++ h=55a9697118afdf1cce8f5caf68e4eeeb55de8148c78d760027d233290b8b2fce
++ printf '%s  %s\n' 55a9697118afdf1cce8f5caf68e4eeeb55de8148c78d760027d233290b8b2fce ./examples/functions/dirstack
++ IFS=
++ read -r f
+++ sha256sum ./examples/functions/exitstat
+++ awk '{print $1}'
++ h=c5e66b1d951c23035a1198bb5228cea193dc6c5a7710a75370afe4dd55b6e3ef
++ printf '%s  %s\n' c5e66b1d951c23035a1198bb5228cea193dc6c5a7710a75370afe4dd55b6e3ef ./examples/functions/exitstat
++ IFS=
++ read -r f
+++ sha256sum ./examples/functions/external
+++ awk '{print $1}'
++ h=3120265aaa692032d40df53aaddfd17aa3f6189f2e458e46434ca8997ce06529
++ printf '%s  %s\n' 3120265aaa692032d40df53aaddfd17aa3f6189f2e458e46434ca8997ce06529 ./examples/functions/external
++ IFS=
++ read -r f
+++ sha256sum ./examples/functions/fact
+++ awk '{print $1}'
++ h=c9d62e5cfa090613775e860fec8a0f3ad721858bf14fe6845a3850f1439bf77a
++ printf '%s  %s\n' c9d62e5cfa090613775e860fec8a0f3ad721858bf14fe6845a3850f1439bf77a ./examples/functions/fact
++ IFS=
++ read -r f
+++ sha256sum ./examples/functions/fstty
+++ awk '{print $1}'
++ h=de24194c6e9f9004fa30d7526b69eb1ce70802e6c3d9d520cb399576356ea880
++ printf '%s  %s\n' de24194c6e9f9004fa30d7526b69eb1ce70802e6c3d9d520cb399576356ea880 ./examples/functions/fstty
++ IFS=
++ read -r f
+++ sha256sum ./examples/functions/func
+++ awk '{print $1}'
++ h=1aa53335a147b636473336778be2d6e7b89031a5abbafe21c42fe8a8f196bba5
++ printf '%s  %s\n' 1aa53335a147b636473336778be2d6e7b89031a5abbafe21c42fe8a8f196bba5 ./examples/functions/func
++ IFS=
++ read -r f
+++ sha256sum ./examples/functions/inetaddr
+++ awk '{print $1}'
++ h=ab7a6ef0e1264a199d8a308a11379078c8d84cbe5d4adeb42eb9e7d1f138b075
++ printf '%s  %s\n' ab7a6ef0e1264a199d8a308a11379078c8d84cbe5d4adeb42eb9e7d1f138b075 ./examples/functions/inetaddr
++ IFS=
++ read -r f
+++ sha256sum ./examples/functions/inpath
+++ awk '{print $1}'
++ h=219eafd402ddbb9ca31b0978762299d33802fdaaa5aaf60c81e7eeebe1ab9ba0
++ printf '%s  %s\n' 219eafd402ddbb9ca31b0978762299d33802fdaaa5aaf60c81e7eeebe1ab9ba0 ./examples/functions/inpath
++ IFS=
++ read -r f
+++ sha256sum ./examples/functions/isnum2
+++ awk '{print $1}'
++ h=e92d77e5bb2700a3a3689d77716c9ab5eee69cb197d9fca758f09084d085eeab
++ printf '%s  %s\n' e92d77e5bb2700a3a3689d77716c9ab5eee69cb197d9fca758f09084d085eeab ./examples/functions/isnum2
++ IFS=
++ read -r f
+++ awk '{print $1}'
+++ sha256sum ./examples/functions/isvalidip
++ h=539d3dd02bf43911eeed18b577851d40692527fd452568ef8e64a1fdbf1fb803
++ printf '%s  %s\n' 539d3dd02bf43911eeed18b577851d40692527fd452568ef8e64a1fdbf1fb803 ./examples/functions/isvalidip
++ IFS=
++ read -r f
+++ sha256sum ./examples/functions/ksh-cd
+++ awk '{print $1}'
++ h=6412c7293ce4bfaca8a4647a139a180810f65bd4bcae17ec3d2dd50e32fd9457
++ printf '%s  %s\n' 6412c7293ce4bfaca8a4647a139a180810f65bd4bcae17ec3d2dd50e32fd9457 ./examples/functions/ksh-cd
++ IFS=
++ read -r f
+++ sha256sum ./examples/functions/ksh-compat-test
+++ awk '{print $1}'
++ h=f1db59d9add61b358bad10d0e4008fa798b67e67277210827eecf781deb96c2a
++ printf '%s  %s\n' f1db59d9add61b358bad10d0e4008fa798b67e67277210827eecf781deb96c2a ./examples/functions/ksh-compat-test
++ IFS=
++ read -r f
+++ sha256sum ./examples/functions/kshenv
+++ awk '{print $1}'
++ h=4135e66a92692256f1cccab13d7d4e40a82c970e09c4cf6c7131b70a070c9b22
++ printf '%s  %s\n' 4135e66a92692256f1cccab13d7d4e40a82c970e09c4cf6c7131b70a070c9b22 ./examples/functions/kshenv
++ IFS=
++ read -r f
+++ sha256sum ./examples/functions/login
+++ awk '{print $1}'
++ h=cb139679853bfddd8449aa8b80b299de4f72d8b4b4ed9004c0bb713ada82d82b
++ printf '%s  %s\n' cb139679853bfddd8449aa8b80b299de4f72d8b4b4ed9004c0bb713ada82d82b ./examples/functions/login
++ IFS=
++ read -r f
+++ sha256sum ./examples/functions/notify.bash
+++ awk '{print $1}'
++ h=93634cd4804acf62669c62978ed7841416be3e31562de2b5d1ec4c9f39948752
++ printf '%s  %s\n' 93634cd4804acf62669c62978ed7841416be3e31562de2b5d1ec4c9f39948752 ./examples/functions/notify.bash
++ IFS=
++ read -r f
+++ sha256sum ./examples/functions/seq
+++ awk '{print $1}'
++ h=4a2d45f6a3e9e06a5399c4afcf7e040842c836b238e80129344df9dedaf85bf6
++ printf '%s  %s\n' 4a2d45f6a3e9e06a5399c4afcf7e040842c836b238e80129344df9dedaf85bf6 ./examples/functions/seq
++ IFS=
++ read -r f
+++ sha256sum ./examples/functions/seq2
+++ awk '{print $1}'
++ h=7b9ef3eeeb4930fe84e186aa7004dccedcf2ead21bf06577d902236b3641323c
++ printf '%s  %s\n' 7b9ef3eeeb4930fe84e186aa7004dccedcf2ead21bf06577d902236b3641323c ./examples/functions/seq2
++ IFS=
++ read -r f
+++ sha256sum ./examples/functions/setalrm
+++ awk '{print $1}'
++ h=b4cfb756aca7b230308cef784593b99f7e007c0535b3ba9ea4669c4fe9dd5210
++ printf '%s  %s\n' b4cfb756aca7b230308cef784593b99f7e007c0535b3ba9ea4669c4fe9dd5210 ./examples/functions/setalrm
++ IFS=
++ read -r f
+++ sha256sum ./examples/functions/shcat
+++ awk '{print $1}'
++ h=546dfbf2d39b34886f7fa3a1a943e82ea7bc0538e571beaf7faa8ae984fc5ec8
++ printf '%s  %s\n' 546dfbf2d39b34886f7fa3a1a943e82ea7bc0538e571beaf7faa8ae984fc5ec8 ./examples/functions/shcat
++ IFS=
++ read -r f
+++ sha256sum ./examples/functions/shcat2
+++ awk '{print $1}'
++ h=76b925c9cee76e2aec42cb684a767452da7e7761074eb77a224c812d1bc674e1
++ printf '%s  %s\n' 76b925c9cee76e2aec42cb684a767452da7e7761074eb77a224c812d1bc674e1 ./examples/functions/shcat2
++ IFS=
++ read -r f
+++ sha256sum ./examples/functions/sort-pos-params
+++ awk '{print $1}'
++ h=0769c12870738a668bd5bdc0aab406d9024c51e49701a22378e51bcdb570b7ae
++ printf '%s  %s\n' 0769c12870738a668bd5bdc0aab406d9024c51e49701a22378e51bcdb570b7ae ./examples/functions/sort-pos-params
++ IFS=
++ read -r f
+++ sha256sum ./examples/functions/substr
+++ awk '{print $1}'
++ h=529ec002d0cb677b5c2c266e6fe58f65e77fcbbb067dd85e29b79acd87cbfce5
++ printf '%s  %s\n' 529ec002d0cb677b5c2c266e6fe58f65e77fcbbb067dd85e29b79acd87cbfce5 ./examples/functions/substr
++ IFS=
++ read -r f
+++ sha256sum ./examples/functions/substr2
+++ awk '{print $1}'
++ h=e961fd941a331263dfbd1f5efdaa004ad4926c2ea5dac21c4a780ad04dbd2ad9
++ printf '%s  %s\n' e961fd941a331263dfbd1f5efdaa004ad4926c2ea5dac21c4a780ad04dbd2ad9 ./examples/functions/substr2
++ IFS=
++ read -r f
+++ sha256sum ./examples/functions/whatis
+++ awk '{print $1}'
++ h=4c55596d3172d1b618396f481b44dec983c6292665e39091272ca56757f2dc6b
++ printf '%s  %s\n' 4c55596d3172d1b618396f481b44dec983c6292665e39091272ca56757f2dc6b ./examples/functions/whatis
++ IFS=
++ read -r f
+++ sha256sum ./examples/functions/whence
+++ awk '{print $1}'
++ h=d953541a96ab2477e7e4495fc6a47ee5105c60f14a0e33206de7d6090820629c
++ printf '%s  %s\n' d953541a96ab2477e7e4495fc6a47ee5105c60f14a0e33206de7d6090820629c ./examples/functions/whence
++ IFS=
++ read -r f
+++ sha256sum ./examples/functions/which
+++ awk '{print $1}'
++ h=1ef78ee16ad7e4f35bf81302c37c5089bbc88bba8aa57b49b0865dd49dae5516
++ printf '%s  %s\n' 1ef78ee16ad7e4f35bf81302c37c5089bbc88bba8aa57b49b0865dd49dae5516 ./examples/functions/which
++ IFS=
++ read -r f
+++ sha256sum ./examples/loadables/Makefile.in
+++ awk '{print $1}'
++ h=d7025e1c345566775647480002d357ede38999278935ea82b21fada1bb5d5ae9
++ printf '%s  %s\n' d7025e1c345566775647480002d357ede38999278935ea82b21fada1bb5d5ae9 ./examples/loadables/Makefile.in
++ IFS=
++ read -r f
+++ sha256sum ./examples/loadables/Makefile.inc.in
+++ awk '{print $1}'
++ h=9c89abb70fb3ff50f831b747075dba49645ca770d98f42fc238d34e8b6e7c3c2
++ printf '%s  %s\n' 9c89abb70fb3ff50f831b747075dba49645ca770d98f42fc238d34e8b6e7c3c2 ./examples/loadables/Makefile.inc.in
++ IFS=
++ read -r f
+++ sha256sum ./examples/loadables/Makefile.sample.in
+++ awk '{print $1}'
++ h=781a8ebed08d2bb016d39476b0422547df9059da2feaca99b0edc05bf2744b4a
++ printf '%s  %s\n' 781a8ebed08d2bb016d39476b0422547df9059da2feaca99b0edc05bf2744b4a ./examples/loadables/Makefile.sample.in
++ IFS=
++ read -r f
+++ sha256sum ./examples/loadables/README
+++ awk '{print $1}'
++ h=23648176062a0ff7e1a7239b3ffb1dbddb2d2741810f39c242d3bbb20a5c71c2
++ printf '%s  %s\n' 23648176062a0ff7e1a7239b3ffb1dbddb2d2741810f39c242d3bbb20a5c71c2 ./examples/loadables/README
++ IFS=
++ read -r f
+++ sha256sum ./examples/loadables/accept.c
+++ awk '{print $1}'
++ h=7bb9dab1893fda7c50df3841328dd9716c888c3e60da6a1a980bd6e7c0ec6eaf
++ printf '%s  %s\n' 7bb9dab1893fda7c50df3841328dd9716c888c3e60da6a1a980bd6e7c0ec6eaf ./examples/loadables/accept.c
++ IFS=
++ read -r f
+++ sha256sum ./examples/loadables/asort.c
+++ awk '{print $1}'
++ h=4d0782af1d9faa1df2544cd649441620fb08d61a39e9e906ed817ea024de092c
++ printf '%s  %s\n' 4d0782af1d9faa1df2544cd649441620fb08d61a39e9e906ed817ea024de092c ./examples/loadables/asort.c
++ IFS=
++ read -r f
+++ sha256sum ./examples/loadables/basename.c
+++ awk '{print $1}'
++ h=4975921efd55837e1638a52384a71b176956014047efdf4499c5bb1b28871ab5
++ printf '%s  %s\n' 4975921efd55837e1638a52384a71b176956014047efdf4499c5bb1b28871ab5 ./examples/loadables/basename.c
++ IFS=
++ read -r f
+++ sha256sum ./examples/loadables/cat.c
+++ awk '{print $1}'
++ h=4aac3e58f47de0673242a41c6bc2206b9920b79e1ea4b25d7bc8bf99fcebffcf
++ printf '%s  %s\n' 4aac3e58f47de0673242a41c6bc2206b9920b79e1ea4b25d7bc8bf99fcebffcf ./examples/loadables/cat.c
++ IFS=
++ read -r f
+++ sha256sum ./examples/loadables/chmod.c
+++ awk '{print $1}'
++ h=90eb7f7b66af4b3f397016f7b8dbc8764cb75c64d0d1fb89f2ba52c6aea922ae
++ printf '%s  %s\n' 90eb7f7b66af4b3f397016f7b8dbc8764cb75c64d0d1fb89f2ba52c6aea922ae ./examples/loadables/chmod.c
++ IFS=
++ read -r f
+++ sha256sum ./examples/loadables/csv.c
+++ awk '{print $1}'
++ h=4ec6f1bd7f7c9f46795d434ce6fef3f273dff64dc4d0de095425fe536d62502b
++ printf '%s  %s\n' 4ec6f1bd7f7c9f46795d434ce6fef3f273dff64dc4d0de095425fe536d62502b ./examples/loadables/csv.c
++ IFS=
++ read -r f
+++ sha256sum ./examples/loadables/cut.c
+++ awk '{print $1}'
++ h=c864e2477ad29c7819524ff5e71dd4318e66b5531fcb30003a0cfd726f54ab53
++ printf '%s  %s\n' c864e2477ad29c7819524ff5e71dd4318e66b5531fcb30003a0cfd726f54ab53 ./examples/loadables/cut.c
++ IFS=
++ read -r f
+++ sha256sum ./examples/loadables/dirname.c
+++ awk '{print $1}'
++ h=1a837f2c3c563dfe2954c1c53c52d85fcf9679349333b5c809e100bd4c66c9ca
++ printf '%s  %s\n' 1a837f2c3c563dfe2954c1c53c52d85fcf9679349333b5c809e100bd4c66c9ca ./examples/loadables/dirname.c
++ IFS=
++ read -r f
+++ sha256sum ./examples/loadables/dsv.c
+++ awk '{print $1}'
++ h=a936fe06f769b7bc777f4c811ab859bee878852ce9bbb52ea92ca4abda4702bf
++ printf '%s  %s\n' a936fe06f769b7bc777f4c811ab859bee878852ce9bbb52ea92ca4abda4702bf ./examples/loadables/dsv.c
++ IFS=
++ read -r f
+++ sha256sum ./examples/loadables/fdflags.c
+++ awk '{print $1}'
++ h=369aa6a53f34dcf2a84ccc95203cd98f140b3f6cd9c7dd6ca93fb3e31070b127
++ printf '%s  %s\n' 369aa6a53f34dcf2a84ccc95203cd98f140b3f6cd9c7dd6ca93fb3e31070b127 ./examples/loadables/fdflags.c
++ IFS=
++ read -r f
+++ sha256sum ./examples/loadables/finfo.c
+++ awk '{print $1}'
++ h=ebc6947df0705155ee8bbf3653861e78bc426e0313ab6aa89023b5747774fb04
++ printf '%s  %s\n' ebc6947df0705155ee8bbf3653861e78bc426e0313ab6aa89023b5747774fb04 ./examples/loadables/finfo.c
++ IFS=
++ read -r f
+++ sha256sum ./examples/loadables/fltexpr.c
+++ awk '{print $1}'
++ h=f66a781bb37da386e8e4e5a88b6540d8f0ac6a0c0dd0ca5bdc8e142e830f8065
++ printf '%s  %s\n' f66a781bb37da386e8e4e5a88b6540d8f0ac6a0c0dd0ca5bdc8e142e830f8065 ./examples/loadables/fltexpr.c
++ IFS=
++ read -r f
+++ sha256sum ./examples/loadables/getconf.c
+++ awk '{print $1}'
++ h=ceb2bc7c11303622b1c4accfff87505bc2604093aae5d61f78897d4e5ca62abb
++ printf '%s  %s\n' ceb2bc7c11303622b1c4accfff87505bc2604093aae5d61f78897d4e5ca62abb ./examples/loadables/getconf.c
++ IFS=
++ read -r f
+++ sha256sum ./examples/loadables/getconf.h
+++ awk '{print $1}'
++ h=8afc5c1ff292999adbfe493b604445036fd72d4bda779ef4954ecccb201434b9
++ printf '%s  %s\n' 8afc5c1ff292999adbfe493b604445036fd72d4bda779ef4954ecccb201434b9 ./examples/loadables/getconf.h
++ IFS=
++ read -r f
+++ sha256sum ./examples/loadables/head.c
+++ awk '{print $1}'
++ h=766a60e7e93ad1ff5004098ad80989e6a6ecb59eefc1877897ff7b00ae922a7d
++ printf '%s  %s\n' 766a60e7e93ad1ff5004098ad80989e6a6ecb59eefc1877897ff7b00ae922a7d ./examples/loadables/head.c
++ IFS=
++ read -r f
+++ sha256sum ./examples/loadables/hello.c
+++ awk '{print $1}'
++ h=67f0842301d006d070e6d461294fa80d04d79e92304e75b9b0b96df35d41e360
++ printf '%s  %s\n' 67f0842301d006d070e6d461294fa80d04d79e92304e75b9b0b96df35d41e360 ./examples/loadables/hello.c
++ IFS=
++ read -r f
+++ sha256sum ./examples/loadables/id.c
+++ awk '{print $1}'
++ h=853c3797b49ef05dfbe74497ea3a4be8f1263b5154e968b724436acff9e424e8
++ printf '%s  %s\n' 853c3797b49ef05dfbe74497ea3a4be8f1263b5154e968b724436acff9e424e8 ./examples/loadables/id.c
++ IFS=
++ read -r f
+++ sha256sum ./examples/loadables/kv.c
+++ awk '{print $1}'
++ h=696ee6be10eef7110b97af9f1ee2babe9f1753ee80c9c557a9dc2c9f066dea2c
++ printf '%s  %s\n' 696ee6be10eef7110b97af9f1ee2babe9f1753ee80c9c557a9dc2c9f066dea2c ./examples/loadables/kv.c
++ IFS=
++ read -r f
+++ sha256sum ./examples/loadables/ln.c
+++ awk '{print $1}'
++ h=03a0ed8f9ff9a8e2936a04df4929fc910d6e7312de29987b8e909deedc52e679
++ printf '%s  %s\n' 03a0ed8f9ff9a8e2936a04df4929fc910d6e7312de29987b8e909deedc52e679 ./examples/loadables/ln.c
++ IFS=
++ read -r f
+++ sha256sum ./examples/loadables/loadables.h
+++ awk '{print $1}'
++ h=6d6454465c603205106fb0c29766de51f31cdf989c93f2cbe68114fe9d990ba6
++ printf '%s  %s\n' 6d6454465c603205106fb0c29766de51f31cdf989c93f2cbe68114fe9d990ba6 ./examples/loadables/loadables.h
++ IFS=
++ read -r f
+++ sha256sum ./examples/loadables/logname.c
+++ awk '{print $1}'
++ h=53d89b047f12254e80e78970370d4eeb204aade04ece64e9d4e86e912f74eceb
++ printf '%s  %s\n' 53d89b047f12254e80e78970370d4eeb204aade04ece64e9d4e86e912f74eceb ./examples/loadables/logname.c
++ IFS=
++ read -r f
+++ sha256sum ./examples/loadables/mkdir.c
+++ awk '{print $1}'
++ h=0107d04deaa81811ed2a3a71e401781487043280e8ef00b150db7b4ff2c46ea7
++ printf '%s  %s\n' 0107d04deaa81811ed2a3a71e401781487043280e8ef00b150db7b4ff2c46ea7 ./examples/loadables/mkdir.c
++ IFS=
++ read -r f
+++ sha256sum ./examples/loadables/mkfifo.c
+++ awk '{print $1}'
++ h=dd3ebd08df4142cb0a37611cec1b9a1328ec787c887a08f4395a0b77f09aa7cc
++ printf '%s  %s\n' dd3ebd08df4142cb0a37611cec1b9a1328ec787c887a08f4395a0b77f09aa7cc ./examples/loadables/mkfifo.c
++ IFS=
++ read -r f
+++ sha256sum ./examples/loadables/mktemp.c
+++ awk '{print $1}'
++ h=1cdc1904d04cf5da9737b3f1522b1954f89163f05fe47fc03936e4d72cd3c592
++ printf '%s  %s\n' 1cdc1904d04cf5da9737b3f1522b1954f89163f05fe47fc03936e4d72cd3c592 ./examples/loadables/mktemp.c
++ IFS=
++ read -r f
+++ sha256sum ./examples/loadables/mypid.c
+++ awk '{print $1}'
++ h=785eb20f10a52d24bcadf0a616bd7fc0d2502b4fdc0b2276b3216fc3d3665f75
++ printf '%s  %s\n' 785eb20f10a52d24bcadf0a616bd7fc0d2502b4fdc0b2276b3216fc3d3665f75 ./examples/loadables/mypid.c
++ IFS=
++ read -r f
+++ sha256sum ./examples/loadables/necho.c
+++ awk '{print $1}'
++ h=c559fde91a8c2c0c24e499235ed2e41909dbf154bcf7a1f4f74fec116cd004b1
++ printf '%s  %s\n' c559fde91a8c2c0c24e499235ed2e41909dbf154bcf7a1f4f74fec116cd004b1 ./examples/loadables/necho.c
++ IFS=
++ read -r f
+++ sha256sum ./examples/loadables/ocut.c
+++ awk '{print $1}'
++ h=ad74edf6951423cbbbb55af8e8608db0a0baec263db8ad1f43ee13e594bf35a2
++ printf '%s  %s\n' ad74edf6951423cbbbb55af8e8608db0a0baec263db8ad1f43ee13e594bf35a2 ./examples/loadables/ocut.c
++ IFS=
++ read -r f
+++ sha256sum ./examples/loadables/pathchk.c
+++ awk '{print $1}'
++ h=9b1156c366a4e9f3705bbe63357c6fdaffdae83afb27462760cbf2686e97f782
++ printf '%s  %s\n' 9b1156c366a4e9f3705bbe63357c6fdaffdae83afb27462760cbf2686e97f782 ./examples/loadables/pathchk.c
++ IFS=
++ read -r f
+++ sha256sum ./examples/loadables/perl/Makefile.in
+++ awk '{print $1}'
++ h=f4a74a3afed3297f35decc3db096361729e54762155f4717a9a04b442702ff3c
++ printf '%s  %s\n' f4a74a3afed3297f35decc3db096361729e54762155f4717a9a04b442702ff3c ./examples/loadables/perl/Makefile.in
++ IFS=
++ read -r f
+++ sha256sum ./examples/loadables/perl/README
+++ awk '{print $1}'
++ h=13e186942fdb39f4183b8bb6e629c33b05d42316d795782be1603d4d8dd54605
++ printf '%s  %s\n' 13e186942fdb39f4183b8bb6e629c33b05d42316d795782be1603d4d8dd54605 ./examples/loadables/perl/README
++ IFS=
++ read -r f
+++ sha256sum ./examples/loadables/perl/bperl.c
+++ awk '{print $1}'
++ h=e24f9df1f697a169f3186a3ad1bd511390e8dd01ed4e9ccd17ca942cdfcb476e
++ printf '%s  %s\n' e24f9df1f697a169f3186a3ad1bd511390e8dd01ed4e9ccd17ca942cdfcb476e ./examples/loadables/perl/bperl.c
++ IFS=
++ read -r f
+++ sha256sum ./examples/loadables/perl/iperl.c
+++ awk '{print $1}'
++ h=66d1cc7e48123c073daf480a6a6e0706b27c98a62d39b5486600d577fce9441a
++ printf '%s  %s\n' 66d1cc7e48123c073daf480a6a6e0706b27c98a62d39b5486600d577fce9441a ./examples/loadables/perl/iperl.c
++ IFS=
++ read -r f
+++ sha256sum ./examples/loadables/print.c
+++ awk '{print $1}'
++ h=93696e924374e03110e4b1de2b4dbfda24d316ed56c9ec80250959377294a1c8
++ printf '%s  %s\n' 93696e924374e03110e4b1de2b4dbfda24d316ed56c9ec80250959377294a1c8 ./examples/loadables/print.c
++ IFS=
++ read -r f
+++ sha256sum ./examples/loadables/printenv.c
+++ awk '{print $1}'
++ h=a6a541ff2c1b56c3db6673743b6a37ee5810a8eaa3b2895be9be84ae60298d69
++ printf '%s  %s\n' a6a541ff2c1b56c3db6673743b6a37ee5810a8eaa3b2895be9be84ae60298d69 ./examples/loadables/printenv.c
++ IFS=
++ read -r f
+++ sha256sum ./examples/loadables/push.c
+++ awk '{print $1}'
++ h=883f9c5b4d2655f3884cc68048fc73b0d4caa16189a4751022982e10cd381e23
++ printf '%s  %s\n' 883f9c5b4d2655f3884cc68048fc73b0d4caa16189a4751022982e10cd381e23 ./examples/loadables/push.c
++ IFS=
++ read -r f
+++ sha256sum ./examples/loadables/realpath.c
+++ awk '{print $1}'
++ h=a1128753858f44707546019c3f0814f76a8a23b34e77c508c99b9634174573a9
++ printf '%s  %s\n' a1128753858f44707546019c3f0814f76a8a23b34e77c508c99b9634174573a9 ./examples/loadables/realpath.c
++ IFS=
++ read -r f
+++ sha256sum ./examples/loadables/rm.c
+++ awk '{print $1}'
++ h=05a0280786ec8f11900d0265b17b4cb49132deada39a81e5d1f5af6cfd9be70b
++ printf '%s  %s\n' 05a0280786ec8f11900d0265b17b4cb49132deada39a81e5d1f5af6cfd9be70b ./examples/loadables/rm.c
++ IFS=
++ read -r f
+++ sha256sum ./examples/loadables/rmdir.c
+++ awk '{print $1}'
++ h=ea95c824a19c1f54175507809264ef8cabb7b7d32526d331c3be69230cc95588
++ printf '%s  %s\n' ea95c824a19c1f54175507809264ef8cabb7b7d32526d331c3be69230cc95588 ./examples/loadables/rmdir.c
++ IFS=
++ read -r f
+++ sha256sum ./examples/loadables/seq.c
+++ awk '{print $1}'
++ h=0cad2491a40f61803429fc8efd3e8c648f2d28bfc84e825d6c98973e239178fe
++ printf '%s  %s\n' 0cad2491a40f61803429fc8efd3e8c648f2d28bfc84e825d6c98973e239178fe ./examples/loadables/seq.c
++ IFS=
++ read -r f
+++ sha256sum ./examples/loadables/setpgid.c
+++ awk '{print $1}'
++ h=1e6a875d52fc530f1b69e5f120e2810b4f40c1b279637c5b3e17f28bfad9dc81
++ printf '%s  %s\n' 1e6a875d52fc530f1b69e5f120e2810b4f40c1b279637c5b3e17f28bfad9dc81 ./examples/loadables/setpgid.c
++ IFS=
++ read -r f
+++ sha256sum ./examples/loadables/sleep.c
+++ awk '{print $1}'
++ h=4276cba64ca50fd1a77cea91ad6a6a89e7db86e270cea878d769d27e1d423733
++ printf '%s  %s\n' 4276cba64ca50fd1a77cea91ad6a6a89e7db86e270cea878d769d27e1d423733 ./examples/loadables/sleep.c
++ IFS=
++ read -r f
+++ sha256sum ./examples/loadables/stat.c
+++ awk '{print $1}'
++ h=2a8d8df3b7714a053f9715e9933b5658ca17eed01b1036834703a0b222cec194
++ printf '%s  %s\n' 2a8d8df3b7714a053f9715e9933b5658ca17eed01b1036834703a0b222cec194 ./examples/loadables/stat.c
++ IFS=
++ read -r f
+++ sha256sum ./examples/loadables/strftime.c
+++ awk '{print $1}'
++ h=782fbbec6f160313da8f0c0cbf0790b1473cbe0c24bf7f37f1377d4e344a0b10
++ printf '%s  %s\n' 782fbbec6f160313da8f0c0cbf0790b1473cbe0c24bf7f37f1377d4e344a0b10 ./examples/loadables/strftime.c
++ IFS=
++ read -r f
+++ sha256sum ./examples/loadables/strptime.c
+++ awk '{print $1}'
++ h=bcf66bb6de163177ac00147980943d7232ed183632c4941ff7776bc3e5b295e7
++ printf '%s  %s\n' bcf66bb6de163177ac00147980943d7232ed183632c4941ff7776bc3e5b295e7 ./examples/loadables/strptime.c
++ IFS=
++ read -r f
+++ sha256sum ./examples/loadables/sync.c
+++ awk '{print $1}'
++ h=ab2ba6d6e8f19ba0aac809d3f97d7f00650223cb03a2f3fcacc2d697db551892
++ printf '%s  %s\n' ab2ba6d6e8f19ba0aac809d3f97d7f00650223cb03a2f3fcacc2d697db551892 ./examples/loadables/sync.c
++ IFS=
++ read -r f
+++ sha256sum ./examples/loadables/tee.c
+++ awk '{print $1}'
++ h=83fd91ef83e478675eb2e674d21f134b9ca700f86143d930f446a71aeb0e59f2
++ printf '%s  %s\n' 83fd91ef83e478675eb2e674d21f134b9ca700f86143d930f446a71aeb0e59f2 ./examples/loadables/tee.c
++ IFS=
++ read -r f
+++ sha256sum ./examples/loadables/template.c
+++ awk '{print $1}'
++ h=dc597735cfbf67f84cf3c5fdc44d2e094fdf75092c2465dc580ac47b59a8c49c
++ printf '%s  %s\n' dc597735cfbf67f84cf3c5fdc44d2e094fdf75092c2465dc580ac47b59a8c49c ./examples/loadables/template.c
++ IFS=
++ read -r f
+++ sha256sum ./examples/loadables/truefalse.c
+++ awk '{print $1}'
++ h=23ebb0d47f04545bd37dbc89a6e2e311c867071dcd11197e2f8604f80204b304
++ printf '%s  %s\n' 23ebb0d47f04545bd37dbc89a6e2e311c867071dcd11197e2f8604f80204b304 ./examples/loadables/truefalse.c
++ IFS=
++ read -r f
+++ sha256sum ./examples/loadables/tty.c
+++ awk '{print $1}'
++ h=9892082ad9d5ec6ca40153330e6ef73714a2da1b924d55d237c08c0832dbe976
++ printf '%s  %s\n' 9892082ad9d5ec6ca40153330e6ef73714a2da1b924d55d237c08c0832dbe976 ./examples/loadables/tty.c
++ IFS=
++ read -r f
+++ sha256sum ./examples/loadables/uname.c
+++ awk '{print $1}'
++ h=62b07756728053cb637bf66270d02118adc3f0c123c2fd2fdce9999f26ddd72e
++ printf '%s  %s\n' 62b07756728053cb637bf66270d02118adc3f0c123c2fd2fdce9999f26ddd72e ./examples/loadables/uname.c
++ IFS=
++ read -r f
+++ sha256sum ./examples/loadables/unlink.c
+++ awk '{print $1}'
++ h=f1bdec27b87532e5abe1b28497fa21688855aec189a9a258c029fdd2dcd0dd9d
++ printf '%s  %s\n' f1bdec27b87532e5abe1b28497fa21688855aec189a9a258c029fdd2dcd0dd9d ./examples/loadables/unlink.c
++ IFS=
++ read -r f
+++ sha256sum ./examples/loadables/whoami.c
+++ awk '{print $1}'
++ h=f9500047deca82cf0520a590cb7eafcee5d65de2344f115f45e90e968207a6ea
++ printf '%s  %s\n' f9500047deca82cf0520a590cb7eafcee5d65de2344f115f45e90e968207a6ea ./examples/loadables/whoami.c
++ IFS=
++ read -r f
+++ sha256sum ./examples/misc/aliasconv.bash
+++ awk '{print $1}'
++ h=922973774eeebc5f1d4fc04cab1071af033f8edd770adb0eeb9f931197d0c1f5
++ printf '%s  %s\n' 922973774eeebc5f1d4fc04cab1071af033f8edd770adb0eeb9f931197d0c1f5 ./examples/misc/aliasconv.bash
++ IFS=
++ read -r f
+++ sha256sum ./examples/misc/aliasconv.sh
+++ awk '{print $1}'
++ h=9fd985dd0b65e2b358d4eb5a03fcdfd9d26a4a1bb916cec7b2f9a4b97e7ece0a
++ printf '%s  %s\n' 9fd985dd0b65e2b358d4eb5a03fcdfd9d26a4a1bb916cec7b2f9a4b97e7ece0a ./examples/misc/aliasconv.sh
++ IFS=
++ read -r f
+++ sha256sum ./examples/misc/cshtobash
+++ awk '{print $1}'
++ h=178c4a2b33cff3374564b6fddba2ca7ba8cc355d2b39d450072f7f2d34992771
++ printf '%s  %s\n' 178c4a2b33cff3374564b6fddba2ca7ba8cc355d2b39d450072f7f2d34992771 ./examples/misc/cshtobash
++ IFS=
++ read -r f
+++ sha256sum ./examples/scripts/bcalc
+++ awk '{print $1}'
++ h=dfce8d0a0be2c407afa30df37d22a888a3ae9902ebc1bee0fc534bd4d4c38f94
++ printf '%s  %s\n' dfce8d0a0be2c407afa30df37d22a888a3ae9902ebc1bee0fc534bd4d4c38f94 ./examples/scripts/bcalc
++ IFS=
++ read -r f
+++ sha256sum ./examples/scripts/cat.sh
+++ awk '{print $1}'
++ h=dbfa769a86f1a05b79daafd94bdbed1b61b6d25052f1d03c670c5a6babc770e0
++ printf '%s  %s\n' dbfa769a86f1a05b79daafd94bdbed1b61b6d25052f1d03c670c5a6babc770e0 ./examples/scripts/cat.sh
++ IFS=
++ read -r f
+++ sha256sum ./examples/scripts/center
+++ awk '{print $1}'
++ h=f71b1f2b863deda6de0ca3347652bd7b878f4755447c24dfe5607dd1e6ecaa3a
++ printf '%s  %s\n' f71b1f2b863deda6de0ca3347652bd7b878f4755447c24dfe5607dd1e6ecaa3a ./examples/scripts/center
++ IFS=
++ read -r f
+++ sha256sum ./examples/scripts/inpath
+++ awk '{print $1}'
++ h=d88c25c77b67d060b9c07b4ee24d6159a34094b6abac90c6890ec391a5fb4a5d
++ printf '%s  %s\n' d88c25c77b67d060b9c07b4ee24d6159a34094b6abac90c6890ec391a5fb4a5d ./examples/scripts/inpath
++ IFS=
++ read -r f
+++ sha256sum ./examples/scripts/secure-script
+++ awk '{print $1}'
++ h=0700aa589fb5a7c3163038b217c3fa31a00e417d5694e067cd765c904c21661c
++ printf '%s  %s\n' 0700aa589fb5a7c3163038b217c3fa31a00e417d5694e067cd765c904c21661c ./examples/scripts/secure-script
++ IFS=
++ read -r f
+++ sha256sum ./examples/scripts/shprompt
+++ awk '{print $1}'
++ h=3c0aa1ffa1b0d1deb9748c58e2c47ef6b6342918155a0e3a931ad711a1c7a40a
++ printf '%s  %s\n' 3c0aa1ffa1b0d1deb9748c58e2c47ef6b6342918155a0e3a931ad711a1c7a40a ./examples/scripts/shprompt
++ IFS=
++ read -r f
+++ sha256sum ./examples/scripts/spin.bash
+++ awk '{print $1}'
++ h=b28017451e4cc19e3196d059cd0f002bba25ffe0b8d673d7064903604b81eb39
++ printf '%s  %s\n' b28017451e4cc19e3196d059cd0f002bba25ffe0b8d673d7064903604b81eb39 ./examples/scripts/spin.bash
++ IFS=
++ read -r f
+++ sha256sum ./examples/scripts/xterm_title
+++ awk '{print $1}'
++ h=49418ae4353b6f934140ac5719df8cd09e09dccc6e823c98ea6d9caf58f6033a
++ printf '%s  %s\n' 49418ae4353b6f934140ac5719df8cd09e09dccc6e823c98ea6d9caf58f6033a ./examples/scripts/xterm_title
++ IFS=
++ read -r f
+++ sha256sum ./examples/scripts/zprintf
+++ awk '{print $1}'
++ h=af6122ce9b11bc4576b139fedb01bee6eb73a3a99ce8b66d9b39b21c36816969
++ printf '%s  %s\n' af6122ce9b11bc4576b139fedb01bee6eb73a3a99ce8b66d9b39b21c36816969 ./examples/scripts/zprintf
++ IFS=
++ read -r f
+++ sha256sum ./examples/shellmath/LICENSE
+++ awk '{print $1}'
++ h=5908bd3b6f430bffa4f8a20290eebdd933b62e2213908b83da1230355f3e9c1a
++ printf '%s  %s\n' 5908bd3b6f430bffa4f8a20290eebdd933b62e2213908b83da1230355f3e9c1a ./examples/shellmath/LICENSE
++ IFS=
++ read -r f
+++ sha256sum ./examples/shellmath/README.md
+++ awk '{print $1}'
++ h=0bc8091b73b8c39f860566ee8082da5387de7cbb74befeb57a97e8599b516433
++ printf '%s  %s\n' 0bc8091b73b8c39f860566ee8082da5387de7cbb74befeb57a97e8599b516433 ./examples/shellmath/README.md
++ IFS=
++ read -r f
+++ sha256sum ./examples/shellmath/assert.sh
+++ awk '{print $1}'
++ h=10c1ac1af35208b9fac88364bb8296d6119155ad9c0fa12675a9b36f3a9b42f5
++ printf '%s  %s\n' 10c1ac1af35208b9fac88364bb8296d6119155ad9c0fa12675a9b36f3a9b42f5 ./examples/shellmath/assert.sh
++ IFS=
++ read -r f
+++ sha256sum ./examples/shellmath/faster_e_demo.sh
+++ awk '{print $1}'
++ h=e62b7abc74e6d450126b88987fe7831e87b39c5e08ba5048b44945321b117b82
++ printf '%s  %s\n' e62b7abc74e6d450126b88987fe7831e87b39c5e08ba5048b44945321b117b82 ./examples/shellmath/faster_e_demo.sh
++ IFS=
++ read -r f
+++ sha256sum ./examples/shellmath/image.png
+++ awk '{print $1}'
++ h=db7e21c3012bc7e72adbdd6063fc4529a4270039d70cbf84547074d648085a23
++ printf '%s  %s\n' db7e21c3012bc7e72adbdd6063fc4529a4270039d70cbf84547074d648085a23 ./examples/shellmath/image.png
++ IFS=
++ read -r f
+++ sha256sum ./examples/shellmath/runTests.sh
+++ awk '{print $1}'
++ h=3698fdcc26be496a980a7f4e05d395464212c7de4e7706d32ee37b0e320996d3
++ printf '%s  %s\n' 3698fdcc26be496a980a7f4e05d395464212c7de4e7706d32ee37b0e320996d3 ./examples/shellmath/runTests.sh
++ IFS=
++ read -r f
+++ sha256sum ./examples/shellmath/shellmath.sh
+++ awk '{print $1}'
++ h=91c804b140f158fdda3e62d75451946c421d2307bcd7305f59d3ce1127d958ab
++ printf '%s  %s\n' 91c804b140f158fdda3e62d75451946c421d2307bcd7305f59d3ce1127d958ab ./examples/shellmath/shellmath.sh
++ IFS=
++ read -r f
+++ sha256sum ./examples/shellmath/slower_e_demo.sh
+++ awk '{print $1}'
++ h=61909404ee980458007bb1fa08604fc06d4a375d33b0c1d003265f82e78d4400
++ printf '%s  %s\n' 61909404ee980458007bb1fa08604fc06d4a375d33b0c1d003265f82e78d4400 ./examples/shellmath/slower_e_demo.sh
++ IFS=
++ read -r f
+++ sha256sum ./examples/shellmath/testCases.in
+++ awk '{print $1}'
++ h=0989abeabcfaeccf2be0c01b1dd0400917c09a5736ddac7a0faebead160fc667
++ printf '%s  %s\n' 0989abeabcfaeccf2be0c01b1dd0400917c09a5736ddac7a0faebead160fc667 ./examples/shellmath/testCases.in
++ IFS=
++ read -r f
+++ sha256sum ./examples/shellmath/timingData.txt
+++ awk '{print $1}'
++ h=ca0d238b48b053a4c57720af9aaf8ffad25685f490638a2fb1ba466277b354d3
++ printf '%s  %s\n' ca0d238b48b053a4c57720af9aaf8ffad25685f490638a2fb1ba466277b354d3 ./examples/shellmath/timingData.txt
++ IFS=
++ read -r f
+++ sha256sum ./examples/startup-files/Bash_aliases
+++ awk '{print $1}'
++ h=e242a364f19e3414d85c1586255c7b55d77ccbce321819915d98476ea5d14373
++ printf '%s  %s\n' e242a364f19e3414d85c1586255c7b55d77ccbce321819915d98476ea5d14373 ./examples/startup-files/Bash_aliases
++ IFS=
++ read -r f
+++ sha256sum ./examples/startup-files/Bash_profile
+++ awk '{print $1}'
++ h=1133bda2ea3bd8f860bf7e1ed87693c3fbd04910143dbbe6f06a00ca72e61d6d
++ printf '%s  %s\n' 1133bda2ea3bd8f860bf7e1ed87693c3fbd04910143dbbe6f06a00ca72e61d6d ./examples/startup-files/Bash_profile
++ IFS=
++ read -r f
+++ sha256sum ./examples/startup-files/Bashrc.bfox
+++ awk '{print $1}'
++ h=1a86e8d97df9551d2ea3c377af8b3cf152fdb885f357ac357a4d854c6440b4e5
++ printf '%s  %s\n' 1a86e8d97df9551d2ea3c377af8b3cf152fdb885f357ac357a4d854c6440b4e5 ./examples/startup-files/Bashrc.bfox
++ IFS=
++ read -r f
+++ sha256sum ./examples/startup-files/README
+++ awk '{print $1}'
++ h=a678af1afb82ace66f81b110cb2b67a1766d4dfce1854d7ad1d07e5381827b8f
++ printf '%s  %s\n' a678af1afb82ace66f81b110cb2b67a1766d4dfce1854d7ad1d07e5381827b8f ./examples/startup-files/README
++ IFS=
++ read -r f
+++ sha256sum ./examples/startup-files/bash-profile
+++ awk '{print $1}'
++ h=f6d93a4de8f062ac44c5a1d1007d5cb31a8a7272e5278a48a096bf380b10d719
++ printf '%s  %s\n' f6d93a4de8f062ac44c5a1d1007d5cb31a8a7272e5278a48a096bf380b10d719 ./examples/startup-files/bash-profile
++ IFS=
++ read -r f
+++ sha256sum ./examples/startup-files/bashrc
+++ awk '{print $1}'
++ h=3afa7b5bbcb7d2d6dbb211e0966a5bc3993fc597b2faac62e675120ead455765
++ printf '%s  %s\n' 3afa7b5bbcb7d2d6dbb211e0966a5bc3993fc597b2faac62e675120ead455765 ./examples/startup-files/bashrc
++ IFS=
++ read -r f
+++ sha256sum ./execute_cmd.c
+++ awk '{print $1}'
++ h=edca6ab242353ca928d2d991eb5cd92d6267b6be39f990aac6532263bfe0548d
++ printf '%s  %s\n' edca6ab242353ca928d2d991eb5cd92d6267b6be39f990aac6532263bfe0548d ./execute_cmd.c
++ IFS=
++ read -r f
+++ sha256sum ./execute_cmd.h
+++ awk '{print $1}'
++ h=62d0cb7bcc63f78dd3cf8e5ddbe12f9bff4f627ff7541185d5296fda32acd976
++ printf '%s  %s\n' 62d0cb7bcc63f78dd3cf8e5ddbe12f9bff4f627ff7541185d5296fda32acd976 ./execute_cmd.h
++ IFS=
++ read -r f
+++ sha256sum ./expr.c
+++ awk '{print $1}'
++ h=014aabf3c591c496bfcb39851d38f3691eb56d14c1e99b69e2b7cd3134f6e05b
++ printf '%s  %s\n' 014aabf3c591c496bfcb39851d38f3691eb56d14c1e99b69e2b7cd3134f6e05b ./expr.c
++ IFS=
++ read -r f
+++ sha256sum ./externs.h
+++ awk '{print $1}'
++ h=97cf8851450f6755f590b639b515b5ac23ab486d281e76a684595f7010e55762
++ printf '%s  %s\n' 97cf8851450f6755f590b639b515b5ac23ab486d281e76a684595f7010e55762 ./externs.h
++ IFS=
++ read -r f
+++ sha256sum ./findcmd.c
+++ awk '{print $1}'
++ h=b22ca53e45130293bc80a93f43a649db83d32f29979866ca2ab6adb9270a5eff
++ printf '%s  %s\n' b22ca53e45130293bc80a93f43a649db83d32f29979866ca2ab6adb9270a5eff ./findcmd.c
++ IFS=
++ read -r f
+++ sha256sum ./findcmd.h
+++ awk '{print $1}'
++ h=0780ab3a459fa66ab3db31b9bae6f7eede01cceae0c984c451a1fd25656671a1
++ printf '%s  %s\n' 0780ab3a459fa66ab3db31b9bae6f7eede01cceae0c984c451a1fd25656671a1 ./findcmd.h
++ IFS=
++ read -r f
+++ sha256sum ./flags.c
+++ awk '{print $1}'
++ h=5696d846e008e46ec754d55acd1d29d328e4966af4d8577245d2cddfcd50d468
++ printf '%s  %s\n' 5696d846e008e46ec754d55acd1d29d328e4966af4d8577245d2cddfcd50d468 ./flags.c
++ IFS=
++ read -r f
+++ sha256sum ./flags.h
+++ awk '{print $1}'
++ h=08df6d3a8a8ba4a9f1fda6399d1e20099154b9f3358c5ffdfabdcfe3bdecb068
++ printf '%s  %s\n' 08df6d3a8a8ba4a9f1fda6399d1e20099154b9f3358c5ffdfabdcfe3bdecb068 ./flags.h
++ IFS=
++ read -r f
+++ sha256sum ./general.c
+++ awk '{print $1}'
++ h=669ef408f4bcc6b4ce424677d29532f28e903430c93b335fa1a292dd360bd165
++ printf '%s  %s\n' 669ef408f4bcc6b4ce424677d29532f28e903430c93b335fa1a292dd360bd165 ./general.c
++ IFS=
++ read -r f
+++ sha256sum ./general.h
+++ awk '{print $1}'
++ h=bf9251e3270c933d3387828a263a3d30e4f0de7ec02b802b1f0f99a60ad3f2f2
++ printf '%s  %s\n' bf9251e3270c933d3387828a263a3d30e4f0de7ec02b802b1f0f99a60ad3f2f2 ./general.h
++ IFS=
++ read -r f
+++ sha256sum ./hashcmd.c
+++ awk '{print $1}'
++ h=9102d5f4860f0eaa36fe0213806d56e77980e7b6ab412feb1d47db6a0cc0b13a
++ printf '%s  %s\n' 9102d5f4860f0eaa36fe0213806d56e77980e7b6ab412feb1d47db6a0cc0b13a ./hashcmd.c
++ IFS=
++ read -r f
+++ sha256sum ./hashcmd.h
+++ awk '{print $1}'
++ h=0da9b835e04fa416fcfe0e91300030d6c0f74ac21c144f2592ae019ca09ceb2d
++ printf '%s  %s\n' 0da9b835e04fa416fcfe0e91300030d6c0f74ac21c144f2592ae019ca09ceb2d ./hashcmd.h
++ IFS=
++ read -r f
+++ sha256sum ./hashlib.c
+++ awk '{print $1}'
++ h=ecfac08008645dc0917dc5c1985a2030d673240361b77f6ba3c56d2f61bdf33f
++ printf '%s  %s\n' ecfac08008645dc0917dc5c1985a2030d673240361b77f6ba3c56d2f61bdf33f ./hashlib.c
++ IFS=
++ read -r f
+++ sha256sum ./hashlib.h
+++ awk '{print $1}'
++ h=588dc97af2efa294279819bd7fce780c294d3ab03b1db89caf8acf8419fcb13d
++ printf '%s  %s\n' 588dc97af2efa294279819bd7fce780c294d3ab03b1db89caf8acf8419fcb13d ./hashlib.h
++ IFS=
++ read -r f
+++ sha256sum ./include/ansi_stdlib.h
+++ awk '{print $1}'
++ h=d71ec4c8dbca7ec5f0adedd3ae9c527beacdae29e49fa9086ef7325e2aaf68ad
++ printf '%s  %s\n' d71ec4c8dbca7ec5f0adedd3ae9c527beacdae29e49fa9086ef7325e2aaf68ad ./include/ansi_stdlib.h
++ IFS=
++ read -r f
+++ sha256sum ./include/chartypes.h
+++ awk '{print $1}'
++ h=be8f90e477389434df67a053811d98795b2717e7c92545631e71533f29dc2f16
++ printf '%s  %s\n' be8f90e477389434df67a053811d98795b2717e7c92545631e71533f29dc2f16 ./include/chartypes.h
++ IFS=
++ read -r f
+++ sha256sum ./include/filecntl.h
+++ awk '{print $1}'
++ h=0fec9b4d255ba190b5d213ea7dc8e6e4084238fc99b9da7e720c4de3e63291b4
++ printf '%s  %s\n' 0fec9b4d255ba190b5d213ea7dc8e6e4084238fc99b9da7e720c4de3e63291b4 ./include/filecntl.h
++ IFS=
++ read -r f
+++ sha256sum ./include/gettext.h
+++ awk '{print $1}'
++ h=75f6e21e0e5d8ec4130ed8a19a6418b0c0cb7a221efd9aa21d2e22d49eeb1f0c
++ printf '%s  %s\n' 75f6e21e0e5d8ec4130ed8a19a6418b0c0cb7a221efd9aa21d2e22d49eeb1f0c ./include/gettext.h
++ IFS=
++ read -r f
+++ sha256sum ./include/intprops-internal.h
+++ awk '{print $1}'
++ h=e39d358088c702d3a970b8fe2964620f2a5bdd8879e5446d7ef3ab6bce3b4053
++ printf '%s  %s\n' e39d358088c702d3a970b8fe2964620f2a5bdd8879e5446d7ef3ab6bce3b4053 ./include/intprops-internal.h
++ IFS=
++ read -r f
+++ sha256sum ./include/maxpath.h
+++ awk '{print $1}'
++ h=d4ad4091127abfb0b931fe07b1c3e33fb1092223094100f7e8a55ceaf82af24a
++ printf '%s  %s\n' d4ad4091127abfb0b931fe07b1c3e33fb1092223094100f7e8a55ceaf82af24a ./include/maxpath.h
++ IFS=
++ read -r f
+++ sha256sum ./include/memalloc.h
+++ awk '{print $1}'
++ h=93953eeb2cca0cc479d721395f14e7a4f9c6ad559dfabfa35355efbac712c60d
++ printf '%s  %s\n' 93953eeb2cca0cc479d721395f14e7a4f9c6ad559dfabfa35355efbac712c60d ./include/memalloc.h
++ IFS=
++ read -r f
+++ sha256sum ./include/ocache.h
+++ awk '{print $1}'
++ h=db53428385d35b476087a9a31de4422c09524cde39c33f6638dc1d26ab4e53bb
++ printf '%s  %s\n' db53428385d35b476087a9a31de4422c09524cde39c33f6638dc1d26ab4e53bb ./include/ocache.h
++ IFS=
++ read -r f
+++ sha256sum ./include/posixdir.h
+++ awk '{print $1}'
++ h=c4c12d8adb56129c3151976619f1a91eda1d47eed446deb1b728f251e85eec10
++ printf '%s  %s\n' c4c12d8adb56129c3151976619f1a91eda1d47eed446deb1b728f251e85eec10 ./include/posixdir.h
++ IFS=
++ read -r f
+++ sha256sum ./include/posixjmp.h
+++ awk '{print $1}'
++ h=4a79e5d83b9e87153cd057d76a5b2614922c04a5b58a9f5ae9ed23634dc70261
++ printf '%s  %s\n' 4a79e5d83b9e87153cd057d76a5b2614922c04a5b58a9f5ae9ed23634dc70261 ./include/posixjmp.h
++ IFS=
++ read -r f
+++ sha256sum ./include/posixselect.h
+++ awk '{print $1}'
++ h=5330e1aaf639e393b2463a29d35d298e7a054ddb34727743e24d9a72c8fa3ad9
++ printf '%s  %s\n' 5330e1aaf639e393b2463a29d35d298e7a054ddb34727743e24d9a72c8fa3ad9 ./include/posixselect.h
++ IFS=
++ read -r f
+++ sha256sum ./include/posixstat.h
+++ awk '{print $1}'
++ h=29de8968be3337d40918adbf6a943d2bda903ff4eace81c12d626da9234bf544
++ printf '%s  %s\n' 29de8968be3337d40918adbf6a943d2bda903ff4eace81c12d626da9234bf544 ./include/posixstat.h
++ IFS=
++ read -r f
+++ sha256sum ./include/posixtime.h
+++ awk '{print $1}'
++ h=d28362696dddb64847b9642c437377b484bac0d2dc405137b0129fee749bb5ba
++ printf '%s  %s\n' d28362696dddb64847b9642c437377b484bac0d2dc405137b0129fee749bb5ba ./include/posixtime.h
++ IFS=
++ read -r f
+++ sha256sum ./include/posixwait.h
+++ awk '{print $1}'
++ h=70539b19039ab4e0c0152d078ab79ad9918854ef8aaee7eafbb80cb30a5e85e2
++ printf '%s  %s\n' 70539b19039ab4e0c0152d078ab79ad9918854ef8aaee7eafbb80cb30a5e85e2 ./include/posixwait.h
++ IFS=
++ read -r f
+++ sha256sum ./include/shmbchar.h
+++ awk '{print $1}'
++ h=f330ce6b038ee88c4fb3280130799298063f6c5b3a45668fa138a38ffc24316d
++ printf '%s  %s\n' f330ce6b038ee88c4fb3280130799298063f6c5b3a45668fa138a38ffc24316d ./include/shmbchar.h
++ IFS=
++ read -r f
+++ sha256sum ./include/shmbutil.h
+++ awk '{print $1}'
++ h=df45c27172b612e006fcefcc5c11ebe9710ef914cb8840e95d4e951aafe75061
++ printf '%s  %s\n' df45c27172b612e006fcefcc5c11ebe9710ef914cb8840e95d4e951aafe75061 ./include/shmbutil.h
++ IFS=
++ read -r f
+++ sha256sum ./include/shtty.h
+++ awk '{print $1}'
++ h=850fa663b352542c4e90adf7b95051c412945307ef1460cf771b6b7b05364fa9
++ printf '%s  %s\n' 850fa663b352542c4e90adf7b95051c412945307ef1460cf771b6b7b05364fa9 ./include/shtty.h
++ IFS=
++ read -r f
+++ sha256sum ./include/stat-time.h
+++ awk '{print $1}'
++ h=b6b3bb0f986a7c542048d1a81c9b3ca383d9c6be361f9079d1e558164b1882a1
++ printf '%s  %s\n' b6b3bb0f986a7c542048d1a81c9b3ca383d9c6be361f9079d1e558164b1882a1 ./include/stat-time.h
++ IFS=
++ read -r f
+++ sha256sum ./include/stdc.h
+++ awk '{print $1}'
++ h=169345595cffcc7d56861c3ac22e419b9cc4bc58852482dca711e63e715fe783
++ printf '%s  %s\n' 169345595cffcc7d56861c3ac22e419b9cc4bc58852482dca711e63e715fe783 ./include/stdc.h
++ IFS=
++ read -r f
+++ sha256sum ./include/stdckdint.in.h
+++ awk '{print $1}'
++ h=5a94030116d1dbbaf906383b2c0c5f673cdb8c2f0d2c6a2efa2d0f3fcea3b760
++ printf '%s  %s\n' 5a94030116d1dbbaf906383b2c0c5f673cdb8c2f0d2c6a2efa2d0f3fcea3b760 ./include/stdckdint.in.h
++ IFS=
++ read -r f
+++ sha256sum ./include/systimes.h
+++ awk '{print $1}'
++ h=bba76478f54c72212ddf149fde8bc325da8397a08c46d0b95fa977517ad311d0
++ printf '%s  %s\n' bba76478f54c72212ddf149fde8bc325da8397a08c46d0b95fa977517ad311d0 ./include/systimes.h
++ IFS=
++ read -r f
+++ sha256sum ./include/timer.h
+++ awk '{print $1}'
++ h=aaaacacf60008dd3a15a392db20d56eb180cc2ce0d71ff00b16d723e8a5fa3b8
++ printf '%s  %s\n' aaaacacf60008dd3a15a392db20d56eb180cc2ce0d71ff00b16d723e8a5fa3b8 ./include/timer.h
++ IFS=
++ read -r f
+++ sha256sum ./include/typemax.h
+++ awk '{print $1}'
++ h=8e5d7aecc1a107ba7a339da22eda581337a90529f43a403e9d908f34129cabb7
++ printf '%s  %s\n' 8e5d7aecc1a107ba7a339da22eda581337a90529f43a403e9d908f34129cabb7 ./include/typemax.h
++ IFS=
++ read -r f
+++ sha256sum ./include/unionwait.h
+++ awk '{print $1}'
++ h=5a5c8024ce1a640bc3b9db746cd0d3e48e207f43c13cfd21dfb6a00c841e4d88
++ printf '%s  %s\n' 5a5c8024ce1a640bc3b9db746cd0d3e48e207f43c13cfd21dfb6a00c841e4d88 ./include/unionwait.h
++ IFS=
++ read -r f
+++ sha256sum ./include/unlocked-io.h
+++ awk '{print $1}'
++ h=76e919132cfaa1fbc5350a23ad51128cea29a06217081d5f939f89a51bd39e92
++ printf '%s  %s\n' 76e919132cfaa1fbc5350a23ad51128cea29a06217081d5f939f89a51bd39e92 ./include/unlocked-io.h
++ IFS=
++ read -r f
+++ sha256sum ./input.c
+++ awk '{print $1}'
++ h=d88d0583932086cce7dc4a4db18407c084991b1574383c833579ca9ce2f2a50b
++ printf '%s  %s\n' d88d0583932086cce7dc4a4db18407c084991b1574383c833579ca9ce2f2a50b ./input.c
++ IFS=
++ read -r f
+++ sha256sum ./input.h
+++ awk '{print $1}'
++ h=e5be76416b310ab4310ad6641e94911efb0e97ebe7b3d5944430501a8c98ce44
++ printf '%s  %s\n' e5be76416b310ab4310ad6641e94911efb0e97ebe7b3d5944430501a8c98ce44 ./input.h
++ IFS=
++ read -r f
+++ sha256sum ./jobs.c
+++ awk '{print $1}'
++ h=df9585646fdd1463b61099d26b0dbb69d1c6ab5869856f7a99b8aaeaaab34de5
++ printf '%s  %s\n' df9585646fdd1463b61099d26b0dbb69d1c6ab5869856f7a99b8aaeaaab34de5 ./jobs.c
++ IFS=
++ read -r f
+++ sha256sum ./jobs.h
+++ awk '{print $1}'
++ h=9d7fe9e1d7b45ca51870e6f171ca6e4a58fb74c9c07626117537ac5575dc8ce2
++ printf '%s  %s\n' 9d7fe9e1d7b45ca51870e6f171ca6e4a58fb74c9c07626117537ac5575dc8ce2 ./jobs.h
++ IFS=
++ read -r f
+++ sha256sum ./lib/glob/Makefile.in
+++ awk '{print $1}'
++ h=fbd060765ec9d8f1db48b90b60158a580f92d801b051599ca32949a56fca20f8
++ printf '%s  %s\n' fbd060765ec9d8f1db48b90b60158a580f92d801b051599ca32949a56fca20f8 ./lib/glob/Makefile.in
++ IFS=
++ read -r f
+++ sha256sum ./lib/glob/collsyms.h
+++ awk '{print $1}'
++ h=f0a7e25ca4b2cddabf17d41b720282073bb28afd6f259bff98fe7c22908620f1
++ printf '%s  %s\n' f0a7e25ca4b2cddabf17d41b720282073bb28afd6f259bff98fe7c22908620f1 ./lib/glob/collsyms.h
++ IFS=
++ read -r f
+++ sha256sum ./lib/glob/doc/Makefile
+++ awk '{print $1}'
++ h=ee9b093c47ad68510bd14c0841bed73c83b4d0deffafd2a5f9371ff67d743ca7
++ printf '%s  %s\n' ee9b093c47ad68510bd14c0841bed73c83b4d0deffafd2a5f9371ff67d743ca7 ./lib/glob/doc/Makefile
++ IFS=
++ read -r f
+++ sha256sum ./lib/glob/doc/glob.texi
+++ awk '{print $1}'
++ h=0f63fde42480437a937bd1d1088ce435748be469bd54fe95c4b623b95c9251cf
++ printf '%s  %s\n' 0f63fde42480437a937bd1d1088ce435748be469bd54fe95c4b623b95c9251cf ./lib/glob/doc/glob.texi
++ IFS=
++ read -r f
+++ sha256sum ./lib/glob/glob.c
+++ awk '{print $1}'
++ h=7dc8442ded492441a6a642d8cf40175a64a99d6d469854b6befa7c126c0428d8
++ printf '%s  %s\n' 7dc8442ded492441a6a642d8cf40175a64a99d6d469854b6befa7c126c0428d8 ./lib/glob/glob.c
++ IFS=
++ read -r f
+++ sha256sum ./lib/glob/glob.h
+++ awk '{print $1}'
++ h=580c3207852ae55b466d5d003bd12c4767c0c959dd958ed8f4987fd4b5d25e18
++ printf '%s  %s\n' 580c3207852ae55b466d5d003bd12c4767c0c959dd958ed8f4987fd4b5d25e18 ./lib/glob/glob.h
++ IFS=
++ read -r f
+++ sha256sum ./lib/glob/glob_loop.c
+++ awk '{print $1}'
++ h=8d8a9d2ba9838e36da4da4726a427cfc0d4022b2292328383a3643ada63c53aa
++ printf '%s  %s\n' 8d8a9d2ba9838e36da4da4726a427cfc0d4022b2292328383a3643ada63c53aa ./lib/glob/glob_loop.c
++ IFS=
++ read -r f
+++ sha256sum ./lib/glob/gm_loop.c
+++ awk '{print $1}'
++ h=310d4d912bb26d678089915112e68a9faf55ca0d1028c2bd0597c6bdabc864be
++ printf '%s  %s\n' 310d4d912bb26d678089915112e68a9faf55ca0d1028c2bd0597c6bdabc864be ./lib/glob/gm_loop.c
++ IFS=
++ read -r f
+++ sha256sum ./lib/glob/gmisc.c
+++ awk '{print $1}'
++ h=9bad1886026e8857be9e72f0011a8d4a0b6185c187697d09544e5293dca1390e
++ printf '%s  %s\n' 9bad1886026e8857be9e72f0011a8d4a0b6185c187697d09544e5293dca1390e ./lib/glob/gmisc.c
++ IFS=
++ read -r f
+++ sha256sum ./lib/glob/sm_loop.c
+++ awk '{print $1}'
++ h=1e78398ae5088b6cee6fb5cf326692e65196bb530abccbb5e79ef318880f40d4
++ printf '%s  %s\n' 1e78398ae5088b6cee6fb5cf326692e65196bb530abccbb5e79ef318880f40d4 ./lib/glob/sm_loop.c
++ IFS=
++ read -r f
+++ sha256sum ./lib/glob/smatch.c
+++ awk '{print $1}'
++ h=f6ee430eec571f5c8a719b24a7d6bc3aa383283d78126ecc57413bd23c70ea9d
++ printf '%s  %s\n' f6ee430eec571f5c8a719b24a7d6bc3aa383283d78126ecc57413bd23c70ea9d ./lib/glob/smatch.c
++ IFS=
++ read -r f
+++ sha256sum ./lib/glob/strmatch.c
+++ awk '{print $1}'
++ h=8d3e0641e9f5e8bb329157d462977855ebce06a5df82b7f9f67ca9937b1c421f
++ printf '%s  %s\n' 8d3e0641e9f5e8bb329157d462977855ebce06a5df82b7f9f67ca9937b1c421f ./lib/glob/strmatch.c
++ IFS=
++ read -r f
+++ sha256sum ./lib/glob/strmatch.h
+++ awk '{print $1}'
++ h=faa0bcbad94c2faf5d42d2653880a346c8498bb0abf08aff5b339c2815f7e130
++ printf '%s  %s\n' faa0bcbad94c2faf5d42d2653880a346c8498bb0abf08aff5b339c2815f7e130 ./lib/glob/strmatch.h
++ IFS=
++ read -r f
+++ sha256sum ./lib/glob/xmbsrtowcs.c
+++ awk '{print $1}'
++ h=ecc2666b3ba14c2e888c604237ff4c6c2c637afb8a669a5d103c2b0649f402cb
++ printf '%s  %s\n' ecc2666b3ba14c2e888c604237ff4c6c2c637afb8a669a5d103c2b0649f402cb ./lib/glob/xmbsrtowcs.c
++ IFS=
++ read -r f
+++ sha256sum ./lib/intl/ChangeLog
+++ awk '{print $1}'
++ h=3f83246a1d8a799a4295f40882fd25719693982dde30121ef00184c0800b942f
++ printf '%s  %s\n' 3f83246a1d8a799a4295f40882fd25719693982dde30121ef00184c0800b942f ./lib/intl/ChangeLog
++ IFS=
++ read -r f
+++ sha256sum ./lib/intl/Makefile.in
+++ awk '{print $1}'
++ h=882051e64d9d65540d3c13121bfaf0793e6ac565990d91c6d090d0e7582c6da3
++ printf '%s  %s\n' 882051e64d9d65540d3c13121bfaf0793e6ac565990d91c6d090d0e7582c6da3 ./lib/intl/Makefile.in
++ IFS=
++ read -r f
+++ sha256sum ./lib/intl/VERSION
+++ awk '{print $1}'
++ h=b200bdf4166b1ea73ef0bb667ce7a9a5492533defaed553930c8b6a1c3a87f97
++ printf '%s  %s\n' b200bdf4166b1ea73ef0bb667ce7a9a5492533defaed553930c8b6a1c3a87f97 ./lib/intl/VERSION
++ IFS=
++ read -r f
+++ sha256sum ./lib/intl/arg-nonnull.h
+++ awk '{print $1}'
++ h=b4c121a4a6ee43b25ab693c69a9b30720c7ba0ffdf7c327735fcd86589ebf725
++ printf '%s  %s\n' b4c121a4a6ee43b25ab693c69a9b30720c7ba0ffdf7c327735fcd86589ebf725 ./lib/intl/arg-nonnull.h
++ IFS=
++ read -r f
+++ sha256sum ./lib/intl/attribute.h
+++ awk '{print $1}'
++ h=054ac08f3526b460a017bcd25658ca3d96b652c5e353b51ec0312cc82fa9ddcc
++ printf '%s  %s\n' 054ac08f3526b460a017bcd25658ca3d96b652c5e353b51ec0312cc82fa9ddcc ./lib/intl/attribute.h
++ IFS=
++ read -r f
+++ sha256sum ./lib/intl/bindtextdom.c
+++ awk '{print $1}'
++ h=f7a0df2df6ab2f22a5b0ee0d42bce40093972569c41042a4dfa633799ebdda0e
++ printf '%s  %s\n' f7a0df2df6ab2f22a5b0ee0d42bce40093972569c41042a4dfa633799ebdda0e ./lib/intl/bindtextdom.c
++ IFS=
++ read -r f
+++ sha256sum ./lib/intl/config.charset
+++ awk '{print $1}'
++ h=3d39293fa47f44a4f8a74f02a4ca3675a879ace95d8fa53d3b68c8751362bda9
++ printf '%s  %s\n' 3d39293fa47f44a4f8a74f02a4ca3675a879ace95d8fa53d3b68c8751362bda9 ./lib/intl/config.charset
++ IFS=
++ read -r f
+++ sha256sum ./lib/intl/dcgettext.c
+++ awk '{print $1}'
++ h=75cf5f57b14d83a992beb17b05fc762b0b7dc87c271ac1070edea77c9bb96c05
++ printf '%s  %s\n' 75cf5f57b14d83a992beb17b05fc762b0b7dc87c271ac1070edea77c9bb96c05 ./lib/intl/dcgettext.c
++ IFS=
++ read -r f
+++ sha256sum ./lib/intl/dcigettext.c
+++ awk '{print $1}'
++ h=f26bacbb33a0a6960ca5b446e9b0d9cdb87ee6ff4d19bfc02996f5e35efb6d40
++ printf '%s  %s\n' f26bacbb33a0a6960ca5b446e9b0d9cdb87ee6ff4d19bfc02996f5e35efb6d40 ./lib/intl/dcigettext.c
++ IFS=
++ read -r f
+++ sha256sum ./lib/intl/dcngettext.c
+++ awk '{print $1}'
++ h=66a5e9bcc4ef4aaf0a820974030c2d2b6489a8aabb56acef07a1277cbe9d63d8
++ printf '%s  %s\n' 66a5e9bcc4ef4aaf0a820974030c2d2b6489a8aabb56acef07a1277cbe9d63d8 ./lib/intl/dcngettext.c
++ IFS=
++ read -r f
+++ sha256sum ./lib/intl/dgettext.c
+++ awk '{print $1}'
++ h=b3570c73b07320da8cba439e01a3f4a5d0c1070c1e83bc599d72dbe0f0bde154
++ printf '%s  %s\n' b3570c73b07320da8cba439e01a3f4a5d0c1070c1e83bc599d72dbe0f0bde154 ./lib/intl/dgettext.c
++ IFS=
++ read -r f
+++ sha256sum ./lib/intl/dngettext.c
+++ awk '{print $1}'
++ h=f4771cf69ea3830226e8a226a264dcb9bc3d6c87f6bcec1ae71a5e383e7dfa00
++ printf '%s  %s\n' f4771cf69ea3830226e8a226a264dcb9bc3d6c87f6bcec1ae71a5e383e7dfa00 ./lib/intl/dngettext.c
++ IFS=
++ read -r f
+++ sha256sum ./lib/intl/eval-plural.h
+++ awk '{print $1}'
++ h=d49d4ce2fe37f2724a1f20d5ccb7225a2595d2e5b3dbb70fa4653a8f1fa50b1e
++ printf '%s  %s\n' d49d4ce2fe37f2724a1f20d5ccb7225a2595d2e5b3dbb70fa4653a8f1fa50b1e ./lib/intl/eval-plural.h
++ IFS=
++ read -r f
+++ sha256sum ./lib/intl/explodename.c
+++ awk '{print $1}'
++ h=2cca5dcb0bf1f997dfc615f017b13e0e62f205a73001045d8541e0925677bbdc
++ printf '%s  %s\n' 2cca5dcb0bf1f997dfc615f017b13e0e62f205a73001045d8541e0925677bbdc ./lib/intl/explodename.c
++ IFS=
++ read -r f
+++ sha256sum ./lib/intl/export.h
+++ awk '{print $1}'
++ h=5676270a9d04a47c26158cf8bc76909242dc32f5afae13d4117f7deffbc813e1
++ printf '%s  %s\n' 5676270a9d04a47c26158cf8bc76909242dc32f5afae13d4117f7deffbc813e1 ./lib/intl/export.h
++ IFS=
++ read -r f
+++ sha256sum ./lib/intl/filename.h
+++ awk '{print $1}'
++ h=c07b17b36efb4c3d7fb95399a1812066e3921bc444d30293ea29ddc2729cdd47
++ printf '%s  %s\n' c07b17b36efb4c3d7fb95399a1812066e3921bc444d30293ea29ddc2729cdd47 ./lib/intl/filename.h
++ IFS=
++ read -r f
+++ sha256sum ./lib/intl/finddomain.c
+++ awk '{print $1}'
++ h=39d69f8963e92f3fef05cb64781a688471ca772102cc441a97033d826c0d65ff
++ printf '%s  %s\n' 39d69f8963e92f3fef05cb64781a688471ca772102cc441a97033d826c0d65ff ./lib/intl/finddomain.c
++ IFS=
++ read -r f
+++ sha256sum ./lib/intl/flexmember.h
+++ awk '{print $1}'
++ h=c18ee0180351386f2acd739653aa99614d288640cdeb753cb5f175b28a45f0ff
++ printf '%s  %s\n' c18ee0180351386f2acd739653aa99614d288640cdeb753cb5f175b28a45f0ff ./lib/intl/flexmember.h
++ IFS=
++ read -r f
+++ sha256sum ./lib/intl/gettext.c
+++ awk '{print $1}'
++ h=0525bd632a5156617fe10c03417f1b11263a3d69969ba44923b8f3d5220a3e7a
++ printf '%s  %s\n' 0525bd632a5156617fe10c03417f1b11263a3d69969ba44923b8f3d5220a3e7a ./lib/intl/gettext.c
++ IFS=
++ read -r f
+++ sha256sum ./lib/intl/gettextP.h
+++ awk '{print $1}'
++ h=1526ebe023c1c225c9706fee74e425cff90e55512e4fa13cb826f60a358854f1
++ printf '%s  %s\n' 1526ebe023c1c225c9706fee74e425cff90e55512e4fa13cb826f60a358854f1 ./lib/intl/gettextP.h
++ IFS=
++ read -r f
+++ sha256sum ./lib/intl/gmo.h
+++ awk '{print $1}'
++ h=e3c421ef7604de30d22dd17581b09284ce0a5f8cc9f840492991f796366cf4eb
++ printf '%s  %s\n' e3c421ef7604de30d22dd17581b09284ce0a5f8cc9f840492991f796366cf4eb ./lib/intl/gmo.h
++ IFS=
++ read -r f
+++ sha256sum ./lib/intl/hash-string.c
+++ awk '{print $1}'
++ h=72bbd26b5e73bfa058e0955d2f506316c50d39c284005ac7455e0905ce35c433
++ printf '%s  %s\n' 72bbd26b5e73bfa058e0955d2f506316c50d39c284005ac7455e0905ce35c433 ./lib/intl/hash-string.c
++ IFS=
++ read -r f
+++ sha256sum ./lib/intl/hash-string.h
+++ awk '{print $1}'
++ h=663ab9939735411e49ff9d923f750443b1aa3e45caeb8076ca9d72cac0233cb8
++ printf '%s  %s\n' 663ab9939735411e49ff9d923f750443b1aa3e45caeb8076ca9d72cac0233cb8 ./lib/intl/hash-string.h
++ IFS=
++ read -r f
+++ sha256sum ./lib/intl/intl-compat.c
+++ awk '{print $1}'
++ h=3d1057536d925b60e06c80591468c81ac0fce9dc644eb202cf897a59642551d3
++ printf '%s  %s\n' 3d1057536d925b60e06c80591468c81ac0fce9dc644eb202cf897a59642551d3 ./lib/intl/intl-compat.c
++ IFS=
++ read -r f
+++ sha256sum ./lib/intl/intl-exports.c
+++ awk '{print $1}'
++ h=08bf305f5308a3f351665582c09203533aa99bd35446a14ad0d19045c8191176
++ printf '%s  %s\n' 08bf305f5308a3f351665582c09203533aa99bd35446a14ad0d19045c8191176 ./lib/intl/intl-exports.c
++ IFS=
++ read -r f
+++ sha256sum ./lib/intl/l10nflist.c
+++ awk '{print $1}'
++ h=e2df2f0111b5ad2d54eaabfc9d7b57e0ea8ac9087c81e8debc75d4a80384cd3a
++ printf '%s  %s\n' e2df2f0111b5ad2d54eaabfc9d7b57e0ea8ac9087c81e8debc75d4a80384cd3a ./lib/intl/l10nflist.c
++ IFS=
++ read -r f
+++ sha256sum ./lib/intl/langprefs.c
+++ awk '{print $1}'
++ h=3adb281d42b7701465b8c4ad7f8f23bc220433ac1eef516e02ae710b40a0e393
++ printf '%s  %s\n' 3adb281d42b7701465b8c4ad7f8f23bc220433ac1eef516e02ae710b40a0e393 ./lib/intl/langprefs.c
++ IFS=
++ read -r f
+++ sha256sum ./lib/intl/libgnuintl.h.in
+++ awk '{print $1}'
++ h=a59f98f4367e05a03ce866546d5ee75f465a1b242504246d4e4409900231ab24
++ printf '%s  %s\n' a59f98f4367e05a03ce866546d5ee75f465a1b242504246d4e4409900231ab24 ./lib/intl/libgnuintl.h.in
++ IFS=
++ read -r f
+++ sha256sum ./lib/intl/libgnuintl.in.h
+++ awk '{print $1}'
++ h=c31ea8693189bffba02182bf51f4352313860128a295e38560c089064d86c683
++ printf '%s  %s\n' c31ea8693189bffba02182bf51f4352313860128a295e38560c089064d86c683 ./lib/intl/libgnuintl.in.h
++ IFS=
++ read -r f
+++ sha256sum ./lib/intl/loadinfo.h
+++ awk '{print $1}'
++ h=352efaf8058a3c76ff5016ffabf4ef6d93d47f2656f64e5908f76d54222def78
++ printf '%s  %s\n' 352efaf8058a3c76ff5016ffabf4ef6d93d47f2656f64e5908f76d54222def78 ./lib/intl/loadinfo.h
++ IFS=
++ read -r f
+++ sha256sum ./lib/intl/loadmsgcat.c
+++ awk '{print $1}'
++ h=ad56f453e3f383e598cc491fa2d70010d7930217ebcd6609563f41c285fdc6ce
++ printf '%s  %s\n' ad56f453e3f383e598cc491fa2d70010d7930217ebcd6609563f41c285fdc6ce ./lib/intl/loadmsgcat.c
++ IFS=
++ read -r f
+++ sha256sum ./lib/intl/localcharset.c
+++ awk '{print $1}'
++ h=282ebcbb14989187b41e7ba2ba4b64d65b59a2d754c94377a3e25623abba5083
++ printf '%s  %s\n' 282ebcbb14989187b41e7ba2ba4b64d65b59a2d754c94377a3e25623abba5083 ./lib/intl/localcharset.c
++ IFS=
++ read -r f
+++ sha256sum ./lib/intl/localcharset.h
+++ awk '{print $1}'
++ h=2d62c93415536425c8900a3e9bf63ac4b51f67637e56977a230b20b19c0c6672
++ printf '%s  %s\n' 2d62c93415536425c8900a3e9bf63ac4b51f67637e56977a230b20b19c0c6672 ./lib/intl/localcharset.h
++ IFS=
++ read -r f
+++ sha256sum ./lib/intl/locale.alias
+++ awk '{print $1}'
++ h=844d3f74409019effc901e1b42224aaff5a0451285b77854c9c67a64497af4d7
++ printf '%s  %s\n' 844d3f74409019effc901e1b42224aaff5a0451285b77854c9c67a64497af4d7 ./lib/intl/locale.alias
++ IFS=
++ read -r f
+++ sha256sum ./lib/intl/localealias.c
+++ awk '{print $1}'
++ h=9b8a74ceb57d68d1728ad9a2b359acc0f3218a83219df679954e85ea416954d2
++ printf '%s  %s\n' 9b8a74ceb57d68d1728ad9a2b359acc0f3218a83219df679954e85ea416954d2 ./lib/intl/localealias.c
++ IFS=
++ read -r f
+++ sha256sum ./lib/intl/localename-table.c
+++ awk '{print $1}'
++ h=d5717a45cdb7c33dc4c956d1c00bc86e7f061f8a698da02088b77dc3b6d5bd8d
++ printf '%s  %s\n' d5717a45cdb7c33dc4c956d1c00bc86e7f061f8a698da02088b77dc3b6d5bd8d ./lib/intl/localename-table.c
++ IFS=
++ read -r f
+++ sha256sum ./lib/intl/localename-table.in.h
+++ awk '{print $1}'
++ h=6a55540b9e179d758aefa7dcb7c384b94a77d612fadefd389657f29098b40998
++ printf '%s  %s\n' 6a55540b9e179d758aefa7dcb7c384b94a77d612fadefd389657f29098b40998 ./lib/intl/localename-table.in.h
++ IFS=
++ read -r f
+++ sha256sum ./lib/intl/localename.c
+++ awk '{print $1}'
++ h=fd57699b9e18aee15e43a857ba2042d3037a33cb460001eed385d1fb8453425d
++ printf '%s  %s\n' fd57699b9e18aee15e43a857ba2042d3037a33cb460001eed385d1fb8453425d ./lib/intl/localename.c
++ IFS=
++ read -r f
+++ sha256sum ./lib/intl/lock.c
+++ awk '{print $1}'
++ h=49d7815f0ac6d92eb5f43c1e7135672ab20bc7e2189d988abfda31be82e2e0f0
++ printf '%s  %s\n' 49d7815f0ac6d92eb5f43c1e7135672ab20bc7e2189d988abfda31be82e2e0f0 ./lib/intl/lock.c
++ IFS=
++ read -r f
+++ sha256sum ./lib/intl/lock.h
+++ awk '{print $1}'
++ h=6640b0c5c48b96377217eca3bad032c92ef2c25c73645fcb3db5fe6c160ce9be
++ printf '%s  %s\n' 6640b0c5c48b96377217eca3bad032c92ef2c25c73645fcb3db5fe6c160ce9be ./lib/intl/lock.h
++ IFS=
++ read -r f
+++ sha256sum ./lib/intl/log.c
+++ awk '{print $1}'
++ h=c4874fb69527e1848bfdac37f83cc4a0cc25cea479732d1bd1fa05e097a79f1c
++ printf '%s  %s\n' c4874fb69527e1848bfdac37f83cc4a0cc25cea479732d1bd1fa05e097a79f1c ./lib/intl/log.c
++ IFS=
++ read -r f
+++ sha256sum ./lib/intl/ngettext.c
+++ awk '{print $1}'
++ h=b4428dc18bbbc00984090eaa9861d0e9648fc8e1f165e538422d303b5477b945
++ printf '%s  %s\n' b4428dc18bbbc00984090eaa9861d0e9648fc8e1f165e538422d303b5477b945 ./lib/intl/ngettext.c
++ IFS=
++ read -r f
+++ sha256sum ./lib/intl/os2compat.c
+++ awk '{print $1}'
++ h=36fdb3f899665ba52fa216c84388f4978119ddbcda9e99a72f7f0dcfda0cf55d
++ printf '%s  %s\n' 36fdb3f899665ba52fa216c84388f4978119ddbcda9e99a72f7f0dcfda0cf55d ./lib/intl/os2compat.c
++ IFS=
++ read -r f
+++ sha256sum ./lib/intl/os2compat.h
+++ awk '{print $1}'
++ h=187852b13eebaf292c156146664d8c3ee745cbe074c5ee963e201b38c9ec7bcd
++ printf '%s  %s\n' 187852b13eebaf292c156146664d8c3ee745cbe074c5ee963e201b38c9ec7bcd ./lib/intl/os2compat.h
++ IFS=
++ read -r f
+++ sha256sum ./lib/intl/osdep.c
+++ awk '{print $1}'
++ h=2becc84e52a3b768f27d7e7137501247629e5208c68dae39113af70324849719
++ printf '%s  %s\n' 2becc84e52a3b768f27d7e7137501247629e5208c68dae39113af70324849719 ./lib/intl/osdep.c
++ IFS=
++ read -r f
+++ sha256sum ./lib/intl/plural-exp.c
+++ awk '{print $1}'
++ h=682f2acf479766f04504ed492367cab5ae7f1823bf933bcbe6ecc4b7ef201dfb
++ printf '%s  %s\n' 682f2acf479766f04504ed492367cab5ae7f1823bf933bcbe6ecc4b7ef201dfb ./lib/intl/plural-exp.c
++ IFS=
++ read -r f
+++ sha256sum ./lib/intl/plural-exp.h
+++ awk '{print $1}'
++ h=6b5e9b320c4f9f94b23441d241707eabd45a40584cb5ef89fede6b353320811f
++ printf '%s  %s\n' 6b5e9b320c4f9f94b23441d241707eabd45a40584cb5ef89fede6b353320811f ./lib/intl/plural-exp.h
++ IFS=
++ read -r f
+++ sha256sum ./lib/intl/plural.c
+++ awk '{print $1}'
++ h=c0b88d6e70123a014e754b08a65ece8e22d42a26569270d2e4657a07ecf705ae
++ printf '%s  %s\n' c0b88d6e70123a014e754b08a65ece8e22d42a26569270d2e4657a07ecf705ae ./lib/intl/plural.c
++ IFS=
++ read -r f
+++ sha256sum ./lib/intl/plural.h
+++ awk '{print $1}'
++ h=7ab9da767e7cd628f4e89df23f4b51709a064e8acdc3752638a021a7923d80b0
++ printf '%s  %s\n' 7ab9da767e7cd628f4e89df23f4b51709a064e8acdc3752638a021a7923d80b0 ./lib/intl/plural.h
++ IFS=
++ read -r f
+++ sha256sum ./lib/intl/plural.y
+++ awk '{print $1}'
++ h=aafdd05203f981b4237b7c3b19f66dec65e7d623ec9de68a5e9d7d9e65073501
++ printf '%s  %s\n' aafdd05203f981b4237b7c3b19f66dec65e7d623ec9de68a5e9d7d9e65073501 ./lib/intl/plural.y
++ IFS=
++ read -r f
+++ sha256sum ./lib/intl/printf-args.c
+++ awk '{print $1}'
++ h=272913c9d29deae0bf0328a778fdaf040abd29e36d3e0f51a261c4fddc2ea890
++ printf '%s  %s\n' 272913c9d29deae0bf0328a778fdaf040abd29e36d3e0f51a261c4fddc2ea890 ./lib/intl/printf-args.c
++ IFS=
++ read -r f
+++ sha256sum ./lib/intl/printf-args.h
+++ awk '{print $1}'
++ h=616e7d27df47470e572c08bde8e42b2349b536c1a2b6cbf36a908073a3d3e457
++ printf '%s  %s\n' 616e7d27df47470e572c08bde8e42b2349b536c1a2b6cbf36a908073a3d3e457 ./lib/intl/printf-args.h
++ IFS=
++ read -r f
+++ sha256sum ./lib/intl/printf-parse.c
+++ awk '{print $1}'
++ h=6c22fa491910b1a29c0200a5326b09665bf78a56011b5e490af785895d70f3cc
++ printf '%s  %s\n' 6c22fa491910b1a29c0200a5326b09665bf78a56011b5e490af785895d70f3cc ./lib/intl/printf-parse.c
++ IFS=
++ read -r f
+++ sha256sum ./lib/intl/printf-parse.h
+++ awk '{print $1}'
++ h=f89c9ce51f223c64a605ed1eeebbe691258d0eadc0ffa0c4ab670b8b74a94602
++ printf '%s  %s\n' f89c9ce51f223c64a605ed1eeebbe691258d0eadc0ffa0c4ab670b8b74a94602 ./lib/intl/printf-parse.h
++ IFS=
++ read -r f
+++ sha256sum ./lib/intl/printf.c
+++ awk '{print $1}'
++ h=f82ecade52e5eaf86f34875a3aca91932c02efda733b448f849080af9e8f6d67
++ printf '%s  %s\n' f82ecade52e5eaf86f34875a3aca91932c02efda733b448f849080af9e8f6d67 ./lib/intl/printf.c
++ IFS=
++ read -r f
+++ sha256sum ./lib/intl/ref-add.sin
+++ awk '{print $1}'
++ h=34a1e9f172f4502acbf665fff485f7223025683a8e1a8f05f9ba057e38ee99b6
++ printf '%s  %s\n' 34a1e9f172f4502acbf665fff485f7223025683a8e1a8f05f9ba057e38ee99b6 ./lib/intl/ref-add.sin
++ IFS=
++ read -r f
+++ sha256sum ./lib/intl/ref-del.sin
+++ awk '{print $1}'
++ h=1425230ee1c9c345b9522c55237d0e646b0e82a32dc7485ceca32d6c77b60431
++ printf '%s  %s\n' 1425230ee1c9c345b9522c55237d0e646b0e82a32dc7485ceca32d6c77b60431 ./lib/intl/ref-del.sin
++ IFS=
++ read -r f
+++ sha256sum ./lib/intl/relocatable.c
+++ awk '{print $1}'
++ h=820a4dee4fcab6031aa6f9beae82d1e9ed42f00ac30e51c91de836a79e90a4d9
++ printf '%s  %s\n' 820a4dee4fcab6031aa6f9beae82d1e9ed42f00ac30e51c91de836a79e90a4d9 ./lib/intl/relocatable.c
++ IFS=
++ read -r f
+++ sha256sum ./lib/intl/relocatable.h
+++ awk '{print $1}'
++ h=78be69b65e9c1245899fa57c95e244f516b3686f053b978084e70bad2a21966d
++ printf '%s  %s\n' 78be69b65e9c1245899fa57c95e244f516b3686f053b978084e70bad2a21966d ./lib/intl/relocatable.h
++ IFS=
++ read -r f
+++ sha256sum ./lib/intl/setlocale-lock.c
+++ awk '{print $1}'
++ h=ca98be6090bb70a7949d1a852cbf35f2c1eec669447ff947951f82ca759cf381
++ printf '%s  %s\n' ca98be6090bb70a7949d1a852cbf35f2c1eec669447ff947951f82ca759cf381 ./lib/intl/setlocale-lock.c
++ IFS=
++ read -r f
+++ sha256sum ./lib/intl/setlocale.c
+++ awk '{print $1}'
++ h=be11b257d81945248a20ad8fd3bd8498bb14ff1768179ccbd767f06de59ed226
++ printf '%s  %s\n' be11b257d81945248a20ad8fd3bd8498bb14ff1768179ccbd767f06de59ed226 ./lib/intl/setlocale.c
++ IFS=
++ read -r f
+++ sha256sum ./lib/intl/setlocale_null.c
+++ awk '{print $1}'
++ h=759d3ef99732955d007a2cd15ca2fb364365c64b43efda6102b40f20d623646c
++ printf '%s  %s\n' 759d3ef99732955d007a2cd15ca2fb364365c64b43efda6102b40f20d623646c ./lib/intl/setlocale_null.c
++ IFS=
++ read -r f
+++ sha256sum ./lib/intl/setlocale_null.h
+++ awk '{print $1}'
++ h=62762ce89f233b8f6446ad88db36546aec8d289653fec41e8b7ad9aed50c0dee
++ printf '%s  %s\n' 62762ce89f233b8f6446ad88db36546aec8d289653fec41e8b7ad9aed50c0dee ./lib/intl/setlocale_null.h
++ IFS=
++ read -r f
+++ sha256sum ./lib/intl/textdomain.c
+++ awk '{print $1}'
++ h=7982d45dcd9442e8d7096d5d848502f466141e26ed609e349e72ef5029e71073
++ printf '%s  %s\n' 7982d45dcd9442e8d7096d5d848502f466141e26ed609e349e72ef5029e71073 ./lib/intl/textdomain.c
++ IFS=
++ read -r f
+++ sha256sum ./lib/intl/thread-optim.h
+++ awk '{print $1}'
++ h=fbae8f1ebf43e2bc16c995e0c99637c7961493e022b8fc2e84d0cc107864f69d
++ printf '%s  %s\n' fbae8f1ebf43e2bc16c995e0c99637c7961493e022b8fc2e84d0cc107864f69d ./lib/intl/thread-optim.h
++ IFS=
++ read -r f
+++ sha256sum ./lib/intl/threadlib.c
+++ awk '{print $1}'
++ h=2903d77b4ca12fbfd146ab44b062dedeb55f02a02d7f687d84eed71985d2f0d1
++ printf '%s  %s\n' 2903d77b4ca12fbfd146ab44b062dedeb55f02a02d7f687d84eed71985d2f0d1 ./lib/intl/threadlib.c
++ IFS=
++ read -r f
+++ sha256sum ./lib/intl/tsearch.c
+++ awk '{print $1}'
++ h=64f11e7fae4e6453b26cf2cb5cae2dc0c92b57fad2ebe97c10dc5c679e99255a
++ printf '%s  %s\n' 64f11e7fae4e6453b26cf2cb5cae2dc0c92b57fad2ebe97c10dc5c679e99255a ./lib/intl/tsearch.c
++ IFS=
++ read -r f
+++ sha256sum ./lib/intl/tsearch.h
+++ awk '{print $1}'
++ h=10e1f9feb670d5df0b0b5887acf000743b94d02adf3c27b1c5098aa37fbc5407
++ printf '%s  %s\n' 10e1f9feb670d5df0b0b5887acf000743b94d02adf3c27b1c5098aa37fbc5407 ./lib/intl/tsearch.h
++ IFS=
++ read -r f
+++ sha256sum ./lib/intl/vasnprintf.c
+++ awk '{print $1}'
++ h=17abcfbceb1f5acee3602c8bede94f0796f4ce6551b7dd9c5fb980aeeaae06dc
++ printf '%s  %s\n' 17abcfbceb1f5acee3602c8bede94f0796f4ce6551b7dd9c5fb980aeeaae06dc ./lib/intl/vasnprintf.c
++ IFS=
++ read -r f
+++ sha256sum ./lib/intl/vasnprintf.h
+++ awk '{print $1}'
++ h=5353f27d6505330494047145038f638a9f088730044e146dd4aefe953984e969
++ printf '%s  %s\n' 5353f27d6505330494047145038f638a9f088730044e146dd4aefe953984e969 ./lib/intl/vasnprintf.h
++ IFS=
++ read -r f
+++ sha256sum ./lib/intl/vasnwprintf.h
+++ awk '{print $1}'
++ h=3ad9a982499c24a4c3da0b47bf7f7b18dfd0202963a3dba41b577c039e6da3f9
++ printf '%s  %s\n' 3ad9a982499c24a4c3da0b47bf7f7b18dfd0202963a3dba41b577c039e6da3f9 ./lib/intl/vasnwprintf.h
++ IFS=
++ read -r f
+++ sha256sum ./lib/intl/verify.h
+++ awk '{print $1}'
++ h=2f0c52c90b77e1bbbff31e256fe58cfbbfff52008e48eee533da57dbbbeb2309
++ printf '%s  %s\n' 2f0c52c90b77e1bbbff31e256fe58cfbbfff52008e48eee533da57dbbbeb2309 ./lib/intl/verify.h
++ IFS=
++ read -r f
+++ sha256sum ./lib/intl/version.c
+++ awk '{print $1}'
++ h=5ed86e0d31f85a0606d6a1b72edb758914a1bf2e02022c0b0de5a8ef331802af
++ printf '%s  %s\n' 5ed86e0d31f85a0606d6a1b72edb758914a1bf2e02022c0b0de5a8ef331802af ./lib/intl/version.c
++ IFS=
++ read -r f
+++ sha256sum ./lib/intl/wprintf-parse.h
+++ awk '{print $1}'
++ h=7e8dbd6a7b4984b1cdddea638ae89ac797ad9d0f539e73e28c6efb83f964b154
++ printf '%s  %s\n' 7e8dbd6a7b4984b1cdddea638ae89ac797ad9d0f539e73e28c6efb83f964b154 ./lib/intl/wprintf-parse.h
++ IFS=
++ read -r f
+++ sha256sum ./lib/intl/xsize.c
+++ awk '{print $1}'
++ h=3d85581f02d664f61b713bb1f9d7b1df3a247a676190845162b7ee42e746e25a
++ printf '%s  %s\n' 3d85581f02d664f61b713bb1f9d7b1df3a247a676190845162b7ee42e746e25a ./lib/intl/xsize.c
++ IFS=
++ read -r f
+++ sha256sum ./lib/intl/xsize.h
+++ awk '{print $1}'
++ h=a2fb8bf7869872f377c4887123a21b1191e8926a48c59081eb978a52828d0099
++ printf '%s  %s\n' a2fb8bf7869872f377c4887123a21b1191e8926a48c59081eb978a52828d0099 ./lib/intl/xsize.h
++ IFS=
++ read -r f
+++ sha256sum ./lib/malloc/Makefile.in
+++ awk '{print $1}'
++ h=96a54df5e6448cfee92d0ea210bb9977a20b18132482d992fe50d9fdd29a23d1
++ printf '%s  %s\n' 96a54df5e6448cfee92d0ea210bb9977a20b18132482d992fe50d9fdd29a23d1 ./lib/malloc/Makefile.in
++ IFS=
++ read -r f
+++ sha256sum ./lib/malloc/alloca.c
+++ awk '{print $1}'
++ h=ee1baa9d2145f683b35416a720c6a76763a08aff0ee0183a30483a94d17628c5
++ printf '%s  %s\n' ee1baa9d2145f683b35416a720c6a76763a08aff0ee0183a30483a94d17628c5 ./lib/malloc/alloca.c
++ IFS=
++ read -r f
+++ sha256sum ./lib/malloc/getpagesize.h
+++ awk '{print $1}'
++ h=8b06d3975ab0d77dc97dc4780ef469413dc2ac2429831f52ecd62a7f5b89f7fd
++ printf '%s  %s\n' 8b06d3975ab0d77dc97dc4780ef469413dc2ac2429831f52ecd62a7f5b89f7fd ./lib/malloc/getpagesize.h
++ IFS=
++ read -r f
+++ sha256sum ./lib/malloc/i386-alloca.s
+++ awk '{print $1}'
++ h=467947541195a7076a325991b64f3355f71bcd4755bd3194e678ede1e22a5c31
++ printf '%s  %s\n' 467947541195a7076a325991b64f3355f71bcd4755bd3194e678ede1e22a5c31 ./lib/malloc/i386-alloca.s
++ IFS=
++ read -r f
+++ sha256sum ./lib/malloc/imalloc.h
+++ awk '{print $1}'
++ h=cff18d4b5c86f8183f68f8d1bb9612a55c92c4af27afb0bddbfcdd9f51cf521e
++ printf '%s  %s\n' cff18d4b5c86f8183f68f8d1bb9612a55c92c4af27afb0bddbfcdd9f51cf521e ./lib/malloc/imalloc.h
++ IFS=
++ read -r f
+++ sha256sum ./lib/malloc/malloc.c
+++ awk '{print $1}'
++ h=343a74b604568017301dc4a66bf040bfd0977b3bd4514a04126b912e1ebe5ea2
++ printf '%s  %s\n' 343a74b604568017301dc4a66bf040bfd0977b3bd4514a04126b912e1ebe5ea2 ./lib/malloc/malloc.c
++ IFS=
++ read -r f
+++ sha256sum ./lib/malloc/mstats.h
+++ awk '{print $1}'
++ h=77e10e58e6f39fc432cb106e88eca8ce462e502959f24e9a8527cabe43e53c6f
++ printf '%s  %s\n' 77e10e58e6f39fc432cb106e88eca8ce462e502959f24e9a8527cabe43e53c6f ./lib/malloc/mstats.h
++ IFS=
++ read -r f
+++ sha256sum ./lib/malloc/sbrk.c
+++ awk '{print $1}'
++ h=fea988bfc3cd16308cab1c8033b0434a77c29dcaaa99a0b800188417dc964702
++ printf '%s  %s\n' fea988bfc3cd16308cab1c8033b0434a77c29dcaaa99a0b800188417dc964702 ./lib/malloc/sbrk.c
++ IFS=
++ read -r f
+++ sha256sum ./lib/malloc/shmalloc.h
+++ awk '{print $1}'
++ h=afc16667f0a603c676f4095920c89eaa89de32c928b84cfa40b561a6fa433fc0
++ printf '%s  %s\n' afc16667f0a603c676f4095920c89eaa89de32c928b84cfa40b561a6fa433fc0 ./lib/malloc/shmalloc.h
++ IFS=
++ read -r f
+++ sha256sum ./lib/malloc/stats.c
+++ awk '{print $1}'
++ h=3ca5cc14308857308d1b7ef85b05f7ccc427521e836f9163a4b061cb4a5cb84a
++ printf '%s  %s\n' 3ca5cc14308857308d1b7ef85b05f7ccc427521e836f9163a4b061cb4a5cb84a ./lib/malloc/stats.c
++ IFS=
++ read -r f
+++ sha256sum ./lib/malloc/stub.c
+++ awk '{print $1}'
++ h=7381e93c0975aceaa4ea1d96fe9a2655e53fad164c83df6e99e08cae5da34437
++ printf '%s  %s\n' 7381e93c0975aceaa4ea1d96fe9a2655e53fad164c83df6e99e08cae5da34437 ./lib/malloc/stub.c
++ IFS=
++ read -r f
+++ sha256sum ./lib/malloc/table.c
+++ awk '{print $1}'
++ h=ccd3b6fb64e776149084952e7ab79d88df253a392142a2e33626f6e2d5b85d37
++ printf '%s  %s\n' ccd3b6fb64e776149084952e7ab79d88df253a392142a2e33626f6e2d5b85d37 ./lib/malloc/table.c
++ IFS=
++ read -r f
+++ sha256sum ./lib/malloc/table.h
+++ awk '{print $1}'
++ h=a90c96f4ab6cce26a8b81ae2a897350097eb74dfb9bc40b86d41b6e3a047697c
++ printf '%s  %s\n' a90c96f4ab6cce26a8b81ae2a897350097eb74dfb9bc40b86d41b6e3a047697c ./lib/malloc/table.h
++ IFS=
++ read -r f
+++ sha256sum ./lib/malloc/trace.c
+++ awk '{print $1}'
++ h=effdb952faee6dac0d3986e42c8372e5fc79ead9c97d882ca974fdb24ff1c77b
++ printf '%s  %s\n' effdb952faee6dac0d3986e42c8372e5fc79ead9c97d882ca974fdb24ff1c77b ./lib/malloc/trace.c
++ IFS=
++ read -r f
+++ sha256sum ./lib/malloc/watch.c
+++ awk '{print $1}'
++ h=942f1f43f87d863baac9e71c782b7460e6811adc20cd37b8fba859279eba3fe9
++ printf '%s  %s\n' 942f1f43f87d863baac9e71c782b7460e6811adc20cd37b8fba859279eba3fe9 ./lib/malloc/watch.c
++ IFS=
++ read -r f
+++ sha256sum ./lib/malloc/watch.h
+++ awk '{print $1}'
++ h=95997f361347cb948d3aa14e8d37936886c93cd93b264ffa4e98b1952fe5e011
++ printf '%s  %s\n' 95997f361347cb948d3aa14e8d37936886c93cd93b264ffa4e98b1952fe5e011 ./lib/malloc/watch.h
++ IFS=
++ read -r f
+++ sha256sum ./lib/malloc/x386-alloca.s
+++ awk '{print $1}'
++ h=645a6a188b7c31f8c1854c3815ec1d41cd1ad5d9d6c0a5185d915fdaa65d6bf5
++ printf '%s  %s\n' 645a6a188b7c31f8c1854c3815ec1d41cd1ad5d9d6c0a5185d915fdaa65d6bf5 ./lib/malloc/x386-alloca.s
++ IFS=
++ read -r f
+++ sha256sum ./lib/malloc/xleaktrace
+++ awk '{print $1}'
++ h=8171f3c2dd11f819d5fed36516394c76df4e1c1ad21886ec09d7b3008e351be0
++ printf '%s  %s\n' 8171f3c2dd11f819d5fed36516394c76df4e1c1ad21886ec09d7b3008e351be0 ./lib/malloc/xleaktrace
++ IFS=
++ read -r f
+++ sha256sum ./lib/malloc/xmalloc.c
+++ awk '{print $1}'
++ h=32b0657fa626125f556c9dd10d265d429ba3f8520548f74c6590711341e785a3
++ printf '%s  %s\n' 32b0657fa626125f556c9dd10d265d429ba3f8520548f74c6590711341e785a3 ./lib/malloc/xmalloc.c
++ IFS=
++ read -r f
+++ sha256sum ./lib/readline/COPYING
+++ awk '{print $1}'
++ h=8ceb4b9ee5adedde47b31e975c1d90c73ad27b6b165a1dcd80c7c545eb65b903
++ printf '%s  %s\n' 8ceb4b9ee5adedde47b31e975c1d90c73ad27b6b165a1dcd80c7c545eb65b903 ./lib/readline/COPYING
++ IFS=
++ read -r f
+++ sha256sum ./lib/readline/ChangeLog
+++ awk '{print $1}'
++ h=50fbca5f67fcba1097be255f83111cd4d4466c3853d3074a314618f94185b925
++ printf '%s  %s\n' 50fbca5f67fcba1097be255f83111cd4d4466c3853d3074a314618f94185b925 ./lib/readline/ChangeLog
++ IFS=
++ read -r f
+++ sha256sum ./lib/readline/Makefile.in
+++ awk '{print $1}'
++ h=e776c591d19ff81eac95bb0c96dadf7e2f3f4a3e744038ebca7c2806352c0b1c
++ printf '%s  %s\n' e776c591d19ff81eac95bb0c96dadf7e2f3f4a3e744038ebca7c2806352c0b1c ./lib/readline/Makefile.in
++ IFS=
++ read -r f
+++ sha256sum ./lib/readline/README
+++ awk '{print $1}'
++ h=3aaff4f44011a97c1e3d36d9a75097fbda7c080ce6051a34b1a8206d06be4510
++ printf '%s  %s\n' 3aaff4f44011a97c1e3d36d9a75097fbda7c080ce6051a34b1a8206d06be4510 ./lib/readline/README
++ IFS=
++ read -r f
+++ sha256sum ./lib/readline/STANDALONE
+++ awk '{print $1}'
++ h=b0b375a65db8a0156c163fa988825fd51314ac08462c7cf29548c894f17e688d
++ printf '%s  %s\n' b0b375a65db8a0156c163fa988825fd51314ac08462c7cf29548c894f17e688d ./lib/readline/STANDALONE
++ IFS=
++ read -r f
+++ sha256sum ./lib/readline/ansi_stdlib.h
+++ awk '{print $1}'
++ h=d71ec4c8dbca7ec5f0adedd3ae9c527beacdae29e49fa9086ef7325e2aaf68ad
++ printf '%s  %s\n' d71ec4c8dbca7ec5f0adedd3ae9c527beacdae29e49fa9086ef7325e2aaf68ad ./lib/readline/ansi_stdlib.h
++ IFS=
++ read -r f
+++ sha256sum ./lib/readline/bind.c
+++ awk '{print $1}'
++ h=29ba334b17435beebe8df110fec88e6fde17f803b4fcdf5e1ba971a4492aa5ab
++ printf '%s  %s\n' 29ba334b17435beebe8df110fec88e6fde17f803b4fcdf5e1ba971a4492aa5ab ./lib/readline/bind.c
++ IFS=
++ read -r f
+++ sha256sum ./lib/readline/callback.c
+++ awk '{print $1}'
++ h=9423757413b71990cffbf83dd80dc8fe37c892d06d90442ec08eb081dc569e2f
++ printf '%s  %s\n' 9423757413b71990cffbf83dd80dc8fe37c892d06d90442ec08eb081dc569e2f ./lib/readline/callback.c
++ IFS=
++ read -r f
+++ sha256sum ./lib/readline/chardefs.h
+++ awk '{print $1}'
++ h=9ba24bdf97311a56b49494aa17072965cae628390d648e207622f4068da960ff
++ printf '%s  %s\n' 9ba24bdf97311a56b49494aa17072965cae628390d648e207622f4068da960ff ./lib/readline/chardefs.h
++ IFS=
++ read -r f
+++ sha256sum ./lib/readline/colors.c
+++ awk '{print $1}'
++ h=32ed2dcb418d8a788af87d375f9748bee04a5c1c4c69fc9ceace3e80cd1263fe
++ printf '%s  %s\n' 32ed2dcb418d8a788af87d375f9748bee04a5c1c4c69fc9ceace3e80cd1263fe ./lib/readline/colors.c
++ IFS=
++ read -r f
+++ sha256sum ./lib/readline/colors.h
+++ awk '{print $1}'
++ h=74ea8d310d1b4a559ff9c42f96ee246c13675005d36f35e4652a3b2fc3600936
++ printf '%s  %s\n' 74ea8d310d1b4a559ff9c42f96ee246c13675005d36f35e4652a3b2fc3600936 ./lib/readline/colors.h
++ IFS=
++ read -r f
+++ sha256sum ./lib/readline/compat.c
+++ awk '{print $1}'
++ h=411767e69b3f1599ba632bb77a65278a5a6398d5e5f3ce3a5b9e653dc6d35eee
++ printf '%s  %s\n' 411767e69b3f1599ba632bb77a65278a5a6398d5e5f3ce3a5b9e653dc6d35eee ./lib/readline/compat.c
++ IFS=
++ read -r f
+++ sha256sum ./lib/readline/complete.c
+++ awk '{print $1}'
++ h=3fbc27ab518acda456764a00ba27cc1f66692b1525a5565c70b3cc81af400415
++ printf '%s  %s\n' 3fbc27ab518acda456764a00ba27cc1f66692b1525a5565c70b3cc81af400415 ./lib/readline/complete.c
++ IFS=
++ read -r f
+++ sha256sum ./lib/readline/display.c
+++ awk '{print $1}'
++ h=cf775ea85f801f452551959b9158aa07d0617abc643b18a6ee64335438a16a2f
++ printf '%s  %s\n' cf775ea85f801f452551959b9158aa07d0617abc643b18a6ee64335438a16a2f ./lib/readline/display.c
++ IFS=
++ read -r f
+++ sha256sum ./lib/readline/doc/Makefile
+++ awk '{print $1}'
++ h=8265b549faa1737d025fa7f96aa6ef0e20dc362eb110151ebdefcdfd72623f79
++ printf '%s  %s\n' 8265b549faa1737d025fa7f96aa6ef0e20dc362eb110151ebdefcdfd72623f79 ./lib/readline/doc/Makefile
++ IFS=
++ read -r f
+++ sha256sum ./lib/readline/doc/fdl.texi
+++ awk '{print $1}'
++ h=a7e43ea88ee8fc4722d38482fd1a14c12bfbe2f0512d61980c810627b19cdce5
++ printf '%s  %s\n' a7e43ea88ee8fc4722d38482fd1a14c12bfbe2f0512d61980c810627b19cdce5 ./lib/readline/doc/fdl.texi
++ IFS=
++ read -r f
+++ sha256sum ./lib/readline/doc/history.aux
+++ awk '{print $1}'
++ h=1492da5f23064556ed267b8533958d72fa058d379348b2ab76ceba16f3dba3bc
++ printf '%s  %s\n' 1492da5f23064556ed267b8533958d72fa058d379348b2ab76ceba16f3dba3bc ./lib/readline/doc/history.aux
++ IFS=
++ read -r f
+++ sha256sum ./lib/readline/doc/history.cp
+++ awk '{print $1}'
++ h=0862cba1a49d99249ca337c4f09cfbbd5f1a130504afd5de72ed76a96b20a1c0
++ printf '%s  %s\n' 0862cba1a49d99249ca337c4f09cfbbd5f1a130504afd5de72ed76a96b20a1c0 ./lib/readline/doc/history.cp
++ IFS=
++ read -r f
+++ sha256sum ./lib/readline/doc/history.cps
+++ awk '{print $1}'
++ h=f84f69a8647cd74404105cc47f509044c6ed11ec1418fcefaac570cf12713f7e
++ printf '%s  %s\n' f84f69a8647cd74404105cc47f509044c6ed11ec1418fcefaac570cf12713f7e ./lib/readline/doc/history.cps
++ IFS=
++ read -r f
+++ sha256sum ./lib/readline/doc/history.fn
+++ awk '{print $1}'
++ h=292331e1403da3f8693cba29d2eaf6d001dbb1da94425cb2d75ae106ed2f416a
++ printf '%s  %s\n' 292331e1403da3f8693cba29d2eaf6d001dbb1da94425cb2d75ae106ed2f416a ./lib/readline/doc/history.fn
++ IFS=
++ read -r f
+++ sha256sum ./lib/readline/doc/history.fns
+++ awk '{print $1}'
++ h=a2ffa4e441ca24c0ece3d4fe7519784155e5a6e702dc682e66c85212b83381b7
++ printf '%s  %s\n' a2ffa4e441ca24c0ece3d4fe7519784155e5a6e702dc682e66c85212b83381b7 ./lib/readline/doc/history.fns
++ IFS=
++ read -r f
+++ awk '{print $1}'
+++ sha256sum ./lib/readline/doc/history.log
++ h=df7b0e8ab35745820e730c5e465467739a7dc540cc629068ec1eca8d701efa13
++ printf '%s  %s\n' df7b0e8ab35745820e730c5e465467739a7dc540cc629068ec1eca8d701efa13 ./lib/readline/doc/history.log
++ IFS=
++ read -r f
+++ sha256sum ./lib/readline/doc/history.texi
+++ awk '{print $1}'
++ h=90edcd892a36e349953b703f756ae1116d4cad48bab8e860868197850006f4c0
++ printf '%s  %s\n' 90edcd892a36e349953b703f756ae1116d4cad48bab8e860868197850006f4c0 ./lib/readline/doc/history.texi
++ IFS=
++ read -r f
+++ sha256sum ./lib/readline/doc/history.toc
+++ awk '{print $1}'
++ h=e3b0c44298fc1c149afbf4c8996fb92427ae41e4649b934ca495991b7852b855
++ printf '%s  %s\n' e3b0c44298fc1c149afbf4c8996fb92427ae41e4649b934ca495991b7852b855 ./lib/readline/doc/history.toc
++ IFS=
++ read -r f
+++ sha256sum ./lib/readline/doc/history.vr
+++ awk '{print $1}'
++ h=11d72a5f72706fdaf64b9b2600cf58a13b7c9a5ebce445d4f0ac9f5630f7ba8c
++ printf '%s  %s\n' 11d72a5f72706fdaf64b9b2600cf58a13b7c9a5ebce445d4f0ac9f5630f7ba8c ./lib/readline/doc/history.vr
++ IFS=
++ read -r f
+++ sha256sum ./lib/readline/doc/history.vrs
+++ awk '{print $1}'
++ h=7775762db08f329d378c961bb42c01418bff901b75d4bd03b95fd55d2dc8b6bc
++ printf '%s  %s\n' 7775762db08f329d378c961bb42c01418bff901b75d4bd03b95fd55d2dc8b6bc ./lib/readline/doc/history.vrs
++ IFS=
++ read -r f
+++ sha256sum ./lib/readline/doc/hstech.texi
+++ awk '{print $1}'
++ h=7d89c6523a6ecad2d5ee2a8ff5356a3cc14bed5618adef6f4ebc814eddd4d05f
++ printf '%s  %s\n' 7d89c6523a6ecad2d5ee2a8ff5356a3cc14bed5618adef6f4ebc814eddd4d05f ./lib/readline/doc/hstech.texi
++ IFS=
++ read -r f
+++ sha256sum ./lib/readline/doc/hsuser.texi
+++ awk '{print $1}'
++ h=dc98de5bd1fb8e440dbdae418024d4c3a3181aee6984197fe74153dc977ba197
++ printf '%s  %s\n' dc98de5bd1fb8e440dbdae418024d4c3a3181aee6984197fe74153dc977ba197 ./lib/readline/doc/hsuser.texi
++ IFS=
++ read -r f
+++ sha256sum ./lib/readline/doc/rlman.aux
+++ awk '{print $1}'
++ h=0d198a71d0ccfd52100cdb724f67c1db117a903bc599becf8bc0a81e43f966e4
++ printf '%s  %s\n' 0d198a71d0ccfd52100cdb724f67c1db117a903bc599becf8bc0a81e43f966e4 ./lib/readline/doc/rlman.aux
++ IFS=
++ read -r f
+++ sha256sum ./lib/readline/doc/rlman.cp
+++ awk '{print $1}'
++ h=7a4969d355c578b065fd1cee5da47ab0251b43992c89451473602b4e3535e74b
++ printf '%s  %s\n' 7a4969d355c578b065fd1cee5da47ab0251b43992c89451473602b4e3535e74b ./lib/readline/doc/rlman.cp
++ IFS=
++ read -r f
+++ sha256sum ./lib/readline/doc/rlman.cps
+++ awk '{print $1}'
++ h=80d9a5aa0b2ac392d6aca79f56db3cf58f6ac3a4626a0ed5127f76bc91208869
++ printf '%s  %s\n' 80d9a5aa0b2ac392d6aca79f56db3cf58f6ac3a4626a0ed5127f76bc91208869 ./lib/readline/doc/rlman.cps
++ IFS=
++ read -r f
+++ sha256sum ./lib/readline/doc/rlman.fn
+++ awk '{print $1}'
++ h=729bf87f0f1c7f18c4552ff84053b9d782c9619a3a793b62be9d30004f2eea36
++ printf '%s  %s\n' 729bf87f0f1c7f18c4552ff84053b9d782c9619a3a793b62be9d30004f2eea36 ./lib/readline/doc/rlman.fn
++ IFS=
++ read -r f
+++ sha256sum ./lib/readline/doc/rlman.fns
+++ awk '{print $1}'
++ h=7fdf7698c3f4ba65f5482ceb4b141c45a7bf59593ac1b53a761001c1d1ed4ab5
++ printf '%s  %s\n' 7fdf7698c3f4ba65f5482ceb4b141c45a7bf59593ac1b53a761001c1d1ed4ab5 ./lib/readline/doc/rlman.fns
++ IFS=
++ read -r f
+++ sha256sum ./lib/readline/doc/rlman.log
+++ awk '{print $1}'
++ h=fa236d55d29f29dca797275cf19921a26bd69605c23db0ed437580cbd960e97b
++ printf '%s  %s\n' fa236d55d29f29dca797275cf19921a26bd69605c23db0ed437580cbd960e97b ./lib/readline/doc/rlman.log
++ IFS=
++ read -r f
+++ sha256sum ./lib/readline/doc/rlman.texi
+++ awk '{print $1}'
++ h=f8f467c61f7c3970ec618695bbbe45c9d80a73fb76b45a4e5ae65ea8c7b7a31f
++ printf '%s  %s\n' f8f467c61f7c3970ec618695bbbe45c9d80a73fb76b45a4e5ae65ea8c7b7a31f ./lib/readline/doc/rlman.texi
++ IFS=
++ read -r f
+++ sha256sum ./lib/readline/doc/rlman.toc
+++ awk '{print $1}'
++ h=73086b9fa8129aff9658ebee168e56a51f6e61698187c59342e793b551f95894
++ printf '%s  %s\n' 73086b9fa8129aff9658ebee168e56a51f6e61698187c59342e793b551f95894 ./lib/readline/doc/rlman.toc
++ IFS=
++ read -r f
+++ sha256sum ./lib/readline/doc/rlman.vr
+++ awk '{print $1}'
++ h=3175fc24af5205d2c09a2ca36731b3ae6a6ddad0a7b96c22ee2dba95de61b179
++ printf '%s  %s\n' 3175fc24af5205d2c09a2ca36731b3ae6a6ddad0a7b96c22ee2dba95de61b179 ./lib/readline/doc/rlman.vr
++ IFS=
++ read -r f
+++ sha256sum ./lib/readline/doc/rlman.vrs
+++ awk '{print $1}'
++ h=1690a37cf1de3bf3d19e50c44d30f0ec3ad1434fca7ac227e226809a40928376
++ printf '%s  %s\n' 1690a37cf1de3bf3d19e50c44d30f0ec3ad1434fca7ac227e226809a40928376 ./lib/readline/doc/rlman.vrs
++ IFS=
++ read -r f
+++ sha256sum ./lib/readline/doc/rltech.texi
+++ awk '{print $1}'
++ h=8d97586226cb88d67064553254253e7305abdec0ffc81f915cfa7ddc9c85c418
++ printf '%s  %s\n' 8d97586226cb88d67064553254253e7305abdec0ffc81f915cfa7ddc9c85c418 ./lib/readline/doc/rltech.texi
++ IFS=
++ read -r f
+++ sha256sum ./lib/readline/doc/rluser.texi
+++ awk '{print $1}'
++ h=cd1d3ebe616ccb1e284cb2213343cadccb209fca2251286b56e90bbd7d122992
++ printf '%s  %s\n' cd1d3ebe616ccb1e284cb2213343cadccb209fca2251286b56e90bbd7d122992 ./lib/readline/doc/rluser.texi
++ IFS=
++ read -r f
+++ sha256sum ./lib/readline/doc/rluserman.aux
+++ awk '{print $1}'
++ h=f6f8187860de517a541ea09b27ae5356b7ac4794cca6db5a3adba70b2f683d76
++ printf '%s  %s\n' f6f8187860de517a541ea09b27ae5356b7ac4794cca6db5a3adba70b2f683d76 ./lib/readline/doc/rluserman.aux
++ IFS=
++ read -r f
+++ sha256sum ./lib/readline/doc/rluserman.cp
+++ awk '{print $1}'
++ h=7f40837115e2f53ccd34e86809a3cf597b14ba9a69caa77bbc07b37ab06339a3
++ printf '%s  %s\n' 7f40837115e2f53ccd34e86809a3cf597b14ba9a69caa77bbc07b37ab06339a3 ./lib/readline/doc/rluserman.cp
++ IFS=
++ read -r f
+++ sha256sum ./lib/readline/doc/rluserman.cps
+++ awk '{print $1}'
++ h=8a49aab0cf23d285634d5b1df171066ab3f631e7c133b1a219613fe8636d1763
++ printf '%s  %s\n' 8a49aab0cf23d285634d5b1df171066ab3f631e7c133b1a219613fe8636d1763 ./lib/readline/doc/rluserman.cps
++ IFS=
++ read -r f
+++ sha256sum ./lib/readline/doc/rluserman.fn
+++ awk '{print $1}'
++ h=b18d18b720f1da6003d3c7d54fa2fbff3ac9a68f6114f028b8019923191d1614
++ printf '%s  %s\n' b18d18b720f1da6003d3c7d54fa2fbff3ac9a68f6114f028b8019923191d1614 ./lib/readline/doc/rluserman.fn
++ IFS=
++ read -r f
+++ sha256sum ./lib/readline/doc/rluserman.fns
+++ awk '{print $1}'
++ h=792371da409160af4a54688673687f384e93c2ebe6835a21cd2308b21a55ec6e
++ printf '%s  %s\n' 792371da409160af4a54688673687f384e93c2ebe6835a21cd2308b21a55ec6e ./lib/readline/doc/rluserman.fns
++ IFS=
++ read -r f
+++ sha256sum ./lib/readline/doc/rluserman.log
+++ awk '{print $1}'
++ h=eed247a4ebda1d5238b29fe2e9c09a59412bcc883dd68460adb08d4a8ce1729a
++ printf '%s  %s\n' eed247a4ebda1d5238b29fe2e9c09a59412bcc883dd68460adb08d4a8ce1729a ./lib/readline/doc/rluserman.log
++ IFS=
++ read -r f
+++ sha256sum ./lib/readline/doc/rluserman.texi
+++ awk '{print $1}'
++ h=48e3252b0e98a5cbafeb0c48c934ff5e1ea699f97f1ba2aaecbc9c6c1c5a86ee
++ printf '%s  %s\n' 48e3252b0e98a5cbafeb0c48c934ff5e1ea699f97f1ba2aaecbc9c6c1c5a86ee ./lib/readline/doc/rluserman.texi
++ IFS=
++ read -r f
+++ sha256sum ./lib/readline/doc/rluserman.toc
+++ awk '{print $1}'
++ h=673e2477407e457b803ad632d1020e0589bf353c7718aa7899def2b507108d29
++ printf '%s  %s\n' 673e2477407e457b803ad632d1020e0589bf353c7718aa7899def2b507108d29 ./lib/readline/doc/rluserman.toc
++ IFS=
++ read -r f
+++ sha256sum ./lib/readline/doc/rluserman.vr
+++ awk '{print $1}'
++ h=ed4cea986cd109e37a0a1678c07332e17fbcfb9257f8d86b14249906754afe1b
++ printf '%s  %s\n' ed4cea986cd109e37a0a1678c07332e17fbcfb9257f8d86b14249906754afe1b ./lib/readline/doc/rluserman.vr
++ IFS=
++ read -r f
+++ sha256sum ./lib/readline/doc/rluserman.vrs
+++ awk '{print $1}'
++ h=3b0ef87382670aeadabdad1e68359ee8dc007e05b9c4511f0e0dda376abc1cd2
++ printf '%s  %s\n' 3b0ef87382670aeadabdad1e68359ee8dc007e05b9c4511f0e0dda376abc1cd2 ./lib/readline/doc/rluserman.vrs
++ IFS=
++ read -r f
+++ sha256sum ./lib/readline/doc/version.texi
+++ awk '{print $1}'
++ h=79e67c9c152f9d23bea5cb765f8d3a6789e4ac6a2f3815b1a0d52ac7c7b7d9a6
++ printf '%s  %s\n' 79e67c9c152f9d23bea5cb765f8d3a6789e4ac6a2f3815b1a0d52ac7c7b7d9a6 ./lib/readline/doc/version.texi
++ IFS=
++ read -r f
+++ sha256sum ./lib/readline/emacs_keymap.c
+++ awk '{print $1}'
++ h=63297150b652485d9c573c940e2469d496779895caed8b6d78605e679af0a106
++ printf '%s  %s\n' 63297150b652485d9c573c940e2469d496779895caed8b6d78605e679af0a106 ./lib/readline/emacs_keymap.c
++ IFS=
++ read -r f
+++ sha256sum ./lib/readline/examples/Inputrc
+++ awk '{print $1}'
++ h=91b802c04ca1e0c2f8966814c696ca980ea2c633f943c806078729a919da454c
++ printf '%s  %s\n' 91b802c04ca1e0c2f8966814c696ca980ea2c633f943c806078729a919da454c ./lib/readline/examples/Inputrc
++ IFS=
++ read -r f
+++ sha256sum ./lib/readline/examples/Makefile
+++ awk '{print $1}'
++ h=fe12dc6592ef2d975011d0a2b55f878056932d94b299d601408bd9405169fbc8
++ printf '%s  %s\n' fe12dc6592ef2d975011d0a2b55f878056932d94b299d601408bd9405169fbc8 ./lib/readline/examples/Makefile
++ IFS=
++ read -r f
+++ sha256sum ./lib/readline/examples/excallback.c
+++ awk '{print $1}'
++ h=583e40cbdf2990190776a59cdca9267a8eb46bb20719cfd46f9f9db2e88f4b7c
++ printf '%s  %s\n' 583e40cbdf2990190776a59cdca9267a8eb46bb20719cfd46f9f9db2e88f4b7c ./lib/readline/examples/excallback.c
++ IFS=
++ read -r f
+++ sha256sum ./lib/readline/examples/fileman.c
+++ awk '{print $1}'
++ h=9f765983085f5b1a86bacf9a5ae2b954dbb3f834484395c593727b29998cb823
++ printf '%s  %s\n' 9f765983085f5b1a86bacf9a5ae2b954dbb3f834484395c593727b29998cb823 ./lib/readline/examples/fileman.c
++ IFS=
++ read -r f
+++ sha256sum ./lib/readline/examples/histexamp.c
+++ awk '{print $1}'
++ h=074455ed23590fd0eb4dd0c7d058b96fb83391fdba8d00e4f091675a1311c1c8
++ printf '%s  %s\n' 074455ed23590fd0eb4dd0c7d058b96fb83391fdba8d00e4f091675a1311c1c8 ./lib/readline/examples/histexamp.c
++ IFS=
++ read -r f
+++ sha256sum ./lib/readline/examples/manexamp.c
+++ awk '{print $1}'
++ h=29e099b54928ab2cb42d50553d2e28cf2db9b3dc9cc91337960981e2d2e06367
++ printf '%s  %s\n' 29e099b54928ab2cb42d50553d2e28cf2db9b3dc9cc91337960981e2d2e06367 ./lib/readline/examples/manexamp.c
++ IFS=
++ read -r f
+++ sha256sum ./lib/readline/examples/rl-callbacktest.c
+++ awk '{print $1}'
++ h=9a07023c8fdd7386042b4b3aa669b4a9e45f9423880a66d671707a75ece7a581
++ printf '%s  %s\n' 9a07023c8fdd7386042b4b3aa669b4a9e45f9423880a66d671707a75ece7a581 ./lib/readline/examples/rl-callbacktest.c
++ IFS=
++ read -r f
+++ sha256sum ./lib/readline/examples/rl.c
+++ awk '{print $1}'
++ h=aec244574a07e72bdbfdc5d5ef1a98f304497a7b68079a954607d3a019996cab
++ printf '%s  %s\n' aec244574a07e72bdbfdc5d5ef1a98f304497a7b68079a954607d3a019996cab ./lib/readline/examples/rl.c
++ IFS=
++ read -r f
+++ sha256sum ./lib/readline/examples/rlcat.c
+++ awk '{print $1}'
++ h=7cb48e18f6b912aca1c978481f55fd5bd3b102ff64d8ee7d935b2fa4a737b469
++ printf '%s  %s\n' 7cb48e18f6b912aca1c978481f55fd5bd3b102ff64d8ee7d935b2fa4a737b469 ./lib/readline/examples/rlcat.c
++ IFS=
++ read -r f
+++ sha256sum ./lib/readline/examples/rltest.c
+++ awk '{print $1}'
++ h=0a35b0c9466f849f2d1dd03ea795936e81385b716bab30b4c0aa4642ccaac87e
++ printf '%s  %s\n' 0a35b0c9466f849f2d1dd03ea795936e81385b716bab30b4c0aa4642ccaac87e ./lib/readline/examples/rltest.c
++ IFS=
++ read -r f
+++ sha256sum ./lib/readline/funmap.c
+++ awk '{print $1}'
++ h=06825d59a6af086385b8c7894d04318d2b35de35e3387b9dbefb179e11ec152c
++ printf '%s  %s\n' 06825d59a6af086385b8c7894d04318d2b35de35e3387b9dbefb179e11ec152c ./lib/readline/funmap.c
++ IFS=
++ read -r f
+++ sha256sum ./lib/readline/histexpand.c
+++ awk '{print $1}'
++ h=514c593c87b31a1def251d42aa80f19295472920af321854f192ed944a115798
++ printf '%s  %s\n' 514c593c87b31a1def251d42aa80f19295472920af321854f192ed944a115798 ./lib/readline/histexpand.c
++ IFS=
++ read -r f
+++ sha256sum ./lib/readline/histfile.c
+++ awk '{print $1}'
++ h=86321754a2b8ae12ebee9cf848339372a92ec4f0685ec0cbac0ac8c2f40d0b9b
++ printf '%s  %s\n' 86321754a2b8ae12ebee9cf848339372a92ec4f0685ec0cbac0ac8c2f40d0b9b ./lib/readline/histfile.c
++ IFS=
++ read -r f
+++ sha256sum ./lib/readline/histlib.h
+++ awk '{print $1}'
++ h=132211a75a43be7e189095e7566f21e93944d472de138a13625d592032ba08aa
++ printf '%s  %s\n' 132211a75a43be7e189095e7566f21e93944d472de138a13625d592032ba08aa ./lib/readline/histlib.h
++ IFS=
++ read -r f
+++ sha256sum ./lib/readline/history.c
+++ awk '{print $1}'
++ h=8931c3fa1d083a890d90abb922b5a8c551b913175c140ed54b7e7840696aa491
++ printf '%s  %s\n' 8931c3fa1d083a890d90abb922b5a8c551b913175c140ed54b7e7840696aa491 ./lib/readline/history.c
++ IFS=
++ read -r f
+++ sha256sum ./lib/readline/history.h
+++ awk '{print $1}'
++ h=5b8762c1086f62ed54567e258a72183b384534f57453d07f57085a03187a270a
++ printf '%s  %s\n' 5b8762c1086f62ed54567e258a72183b384534f57453d07f57085a03187a270a ./lib/readline/history.h
++ IFS=
++ read -r f
+++ sha256sum ./lib/readline/histsearch.c
+++ awk '{print $1}'
++ h=23342c5bbe08683b7c71e3e5d2ca340f91a14855f7d88293c9906e0f93619e8f
++ printf '%s  %s\n' 23342c5bbe08683b7c71e3e5d2ca340f91a14855f7d88293c9906e0f93619e8f ./lib/readline/histsearch.c
++ IFS=
++ read -r f
+++ sha256sum ./lib/readline/input.c
+++ awk '{print $1}'
++ h=28bfd8157409584cfb110f6056fb28d77eafc8d4e47188763eab6077795bdf68
++ printf '%s  %s\n' 28bfd8157409584cfb110f6056fb28d77eafc8d4e47188763eab6077795bdf68 ./lib/readline/input.c
++ IFS=
++ read -r f
+++ sha256sum ./lib/readline/isearch.c
+++ awk '{print $1}'
++ h=f265ffa4799888275261e7c4502fa8d67d712995e6bb6121587f604257babbd2
++ printf '%s  %s\n' f265ffa4799888275261e7c4502fa8d67d712995e6bb6121587f604257babbd2 ./lib/readline/isearch.c
++ IFS=
++ read -r f
+++ sha256sum ./lib/readline/keymaps.c
+++ awk '{print $1}'
++ h=0d341e14cb6b2f5408de53c9aacf5f4a032d914260a084af6f375289288c3dff
++ printf '%s  %s\n' 0d341e14cb6b2f5408de53c9aacf5f4a032d914260a084af6f375289288c3dff ./lib/readline/keymaps.c
++ IFS=
++ read -r f
+++ sha256sum ./lib/readline/keymaps.h
+++ awk '{print $1}'
++ h=4c42c3c5d2bb3aba10c7e7f27dd79841f30857fde61c6c85bf67f4f2ac1befc4
++ printf '%s  %s\n' 4c42c3c5d2bb3aba10c7e7f27dd79841f30857fde61c6c85bf67f4f2ac1befc4 ./lib/readline/keymaps.h
++ IFS=
++ read -r f
+++ sha256sum ./lib/readline/kill.c
+++ awk '{print $1}'
++ h=404368c6146d4e72f7b1877d79dae960734d4b8e1cba1a12e8912baa59e9b569
++ printf '%s  %s\n' 404368c6146d4e72f7b1877d79dae960734d4b8e1cba1a12e8912baa59e9b569 ./lib/readline/kill.c
++ IFS=
++ read -r f
+++ sha256sum ./lib/readline/macro.c
+++ awk '{print $1}'
++ h=6b39729c12a12555e6b6bfd1c9d8d834928f4a0e604774d6af010db20ec03150
++ printf '%s  %s\n' 6b39729c12a12555e6b6bfd1c9d8d834928f4a0e604774d6af010db20ec03150 ./lib/readline/macro.c
++ IFS=
++ read -r f
+++ sha256sum ./lib/readline/mbutil.c
+++ awk '{print $1}'
++ h=bb6e56ad90035aa19b19f256ae8e12d0923e680e5bab8ebf38d263bc8aa7bdae
++ printf '%s  %s\n' bb6e56ad90035aa19b19f256ae8e12d0923e680e5bab8ebf38d263bc8aa7bdae ./lib/readline/mbutil.c
++ IFS=
++ read -r f
+++ sha256sum ./lib/readline/misc.c
+++ awk '{print $1}'
++ h=0ecd59cc3b78a975dc73e8308d9d6c880de1fe05b223fa24e18e43f48dd8823c
++ printf '%s  %s\n' 0ecd59cc3b78a975dc73e8308d9d6c880de1fe05b223fa24e18e43f48dd8823c ./lib/readline/misc.c
++ IFS=
++ read -r f
+++ sha256sum ./lib/readline/nls.c
+++ awk '{print $1}'
++ h=243e1c31087f2d913d5d0957d07559a85e9838c1a6932c539246e3101b59a4fa
++ printf '%s  %s\n' 243e1c31087f2d913d5d0957d07559a85e9838c1a6932c539246e3101b59a4fa ./lib/readline/nls.c
++ IFS=
++ read -r f
+++ sha256sum ./lib/readline/parens.c
+++ awk '{print $1}'
++ h=ca18d5e605157d8439232cf82b81f0f82e936de85f9657c37d5392bc347392b3
++ printf '%s  %s\n' ca18d5e605157d8439232cf82b81f0f82e936de85f9657c37d5392bc347392b3 ./lib/readline/parens.c
++ IFS=
++ read -r f
+++ sha256sum ./lib/readline/parse-colors.c
+++ awk '{print $1}'
++ h=00b8baf09cc619cdd38ea99d94da0a366c6e73d9c49a59292f3822efddd7918b
++ printf '%s  %s\n' 00b8baf09cc619cdd38ea99d94da0a366c6e73d9c49a59292f3822efddd7918b ./lib/readline/parse-colors.c
++ IFS=
++ read -r f
+++ sha256sum ./lib/readline/parse-colors.h
+++ awk '{print $1}'
++ h=f29572dfe001d479a4294bc7384f145d93236b2c30648222d21df9fbd36e13d1
++ printf '%s  %s\n' f29572dfe001d479a4294bc7384f145d93236b2c30648222d21df9fbd36e13d1 ./lib/readline/parse-colors.h
++ IFS=
++ read -r f
+++ sha256sum ./lib/readline/posixdir.h
+++ awk '{print $1}'
++ h=c4c12d8adb56129c3151976619f1a91eda1d47eed446deb1b728f251e85eec10
++ printf '%s  %s\n' c4c12d8adb56129c3151976619f1a91eda1d47eed446deb1b728f251e85eec10 ./lib/readline/posixdir.h
++ IFS=
++ read -r f
+++ sha256sum ./lib/readline/posixjmp.h
+++ awk '{print $1}'
++ h=4a79e5d83b9e87153cd057d76a5b2614922c04a5b58a9f5ae9ed23634dc70261
++ printf '%s  %s\n' 4a79e5d83b9e87153cd057d76a5b2614922c04a5b58a9f5ae9ed23634dc70261 ./lib/readline/posixjmp.h
++ IFS=
++ read -r f
+++ sha256sum ./lib/readline/posixselect.h
+++ awk '{print $1}'
++ h=5330e1aaf639e393b2463a29d35d298e7a054ddb34727743e24d9a72c8fa3ad9
++ printf '%s  %s\n' 5330e1aaf639e393b2463a29d35d298e7a054ddb34727743e24d9a72c8fa3ad9 ./lib/readline/posixselect.h
++ IFS=
++ read -r f
+++ sha256sum ./lib/readline/posixstat.h
+++ awk '{print $1}'
++ h=29de8968be3337d40918adbf6a943d2bda903ff4eace81c12d626da9234bf544
++ printf '%s  %s\n' 29de8968be3337d40918adbf6a943d2bda903ff4eace81c12d626da9234bf544 ./lib/readline/posixstat.h
++ IFS=
++ read -r f
+++ sha256sum ./lib/readline/posixtime.h
+++ awk '{print $1}'
++ h=d28362696dddb64847b9642c437377b484bac0d2dc405137b0129fee749bb5ba
++ printf '%s  %s\n' d28362696dddb64847b9642c437377b484bac0d2dc405137b0129fee749bb5ba ./lib/readline/posixtime.h
++ IFS=
++ read -r f
+++ sha256sum ./lib/readline/readline.c
+++ awk '{print $1}'
++ h=55ec0a03753f231639e7f6630511b59009775c79393518908a86afad6e3a98bf
++ printf '%s  %s\n' 55ec0a03753f231639e7f6630511b59009775c79393518908a86afad6e3a98bf ./lib/readline/readline.c
++ IFS=
++ read -r f
+++ sha256sum ./lib/readline/readline.h
+++ awk '{print $1}'
++ h=1934a225c54300308cbda341851b693ecdbba66623e5f84527d90be9de34f572
++ printf '%s  %s\n' 1934a225c54300308cbda341851b693ecdbba66623e5f84527d90be9de34f572 ./lib/readline/readline.h
++ IFS=
++ read -r f
+++ sha256sum ./lib/readline/rlconf.h
+++ awk '{print $1}'
++ h=f140434f57cba8dbd83e87997c73608b51643b6dd89f292aa5eb83a68c816dd2
++ printf '%s  %s\n' f140434f57cba8dbd83e87997c73608b51643b6dd89f292aa5eb83a68c816dd2 ./lib/readline/rlconf.h
++ IFS=
++ read -r f
+++ sha256sum ./lib/readline/rldefs.h
+++ awk '{print $1}'
++ h=9ddfd4250234036964e11b1dd4648a1b77df24ca80ad5e3b0cdd670774cbfd8b
++ printf '%s  %s\n' 9ddfd4250234036964e11b1dd4648a1b77df24ca80ad5e3b0cdd670774cbfd8b ./lib/readline/rldefs.h
++ IFS=
++ read -r f
+++ sha256sum ./lib/readline/rlmbutil.h
+++ awk '{print $1}'
++ h=d51ffe32f4e53ee35dbd7bc25985b0cb639515e01cfec1e2a2218f588b573d1c
++ printf '%s  %s\n' d51ffe32f4e53ee35dbd7bc25985b0cb639515e01cfec1e2a2218f588b573d1c ./lib/readline/rlmbutil.h
++ IFS=
++ read -r f
+++ sha256sum ./lib/readline/rlprivate.h
+++ awk '{print $1}'
++ h=6efcc8b7b23a32bec041ae83cc8d87087e0efe084be66a0b8e87e00a154f3470
++ printf '%s  %s\n' 6efcc8b7b23a32bec041ae83cc8d87087e0efe084be66a0b8e87e00a154f3470 ./lib/readline/rlprivate.h
++ IFS=
++ read -r f
+++ sha256sum ./lib/readline/rlshell.h
+++ awk '{print $1}'
++ h=62959accde8c92b2fc36d7e6b14a73185b282812bd1e17c6c397dfdb8a70230c
++ printf '%s  %s\n' 62959accde8c92b2fc36d7e6b14a73185b282812bd1e17c6c397dfdb8a70230c ./lib/readline/rlshell.h
++ IFS=
++ read -r f
+++ sha256sum ./lib/readline/rlstdc.h
+++ awk '{print $1}'
++ h=5a66bb179f4a7ad32b9a0a04b0a60c20c0b3f5ee63b1b2eed41fc64fbd590e64
++ printf '%s  %s\n' 5a66bb179f4a7ad32b9a0a04b0a60c20c0b3f5ee63b1b2eed41fc64fbd590e64 ./lib/readline/rlstdc.h
++ IFS=
++ read -r f
+++ sha256sum ./lib/readline/rltty.c
+++ awk '{print $1}'
++ h=479a5064f2fcfd08e8b703db0f12cb6de9e0c6a8a83fa24aab50762fd49ef668
++ printf '%s  %s\n' 479a5064f2fcfd08e8b703db0f12cb6de9e0c6a8a83fa24aab50762fd49ef668 ./lib/readline/rltty.c
++ IFS=
++ read -r f
+++ sha256sum ./lib/readline/rltty.h
+++ awk '{print $1}'
++ h=2255734ae3c7a0bfc24d7145b8ca267b1ea8ecc8ca5d7c5c1f98fa8c872f146a
++ printf '%s  %s\n' 2255734ae3c7a0bfc24d7145b8ca267b1ea8ecc8ca5d7c5c1f98fa8c872f146a ./lib/readline/rltty.h
++ IFS=
++ read -r f
+++ sha256sum ./lib/readline/rltypedefs.h
+++ awk '{print $1}'
++ h=9c756ee45536c3999c3d9b50c75343fe0338d7634ca96c3b375d13e30e9c582e
++ printf '%s  %s\n' 9c756ee45536c3999c3d9b50c75343fe0338d7634ca96c3b375d13e30e9c582e ./lib/readline/rltypedefs.h
++ IFS=
++ read -r f
+++ sha256sum ./lib/readline/rlwinsize.h
+++ awk '{print $1}'
++ h=eabe5439bb5372be6694eaaeae3c91b36148beec68c4003958628b7910a68138
++ printf '%s  %s\n' eabe5439bb5372be6694eaaeae3c91b36148beec68c4003958628b7910a68138 ./lib/readline/rlwinsize.h
++ IFS=
++ read -r f
+++ sha256sum ./lib/readline/savestring.c
+++ awk '{print $1}'
++ h=2cf7d256fc3cbd2f2dd1fb6fd1b2a02cb278edbc14f9b0db1372346fc23a3de1
++ printf '%s  %s\n' 2cf7d256fc3cbd2f2dd1fb6fd1b2a02cb278edbc14f9b0db1372346fc23a3de1 ./lib/readline/savestring.c
++ IFS=
++ read -r f
+++ sha256sum ./lib/readline/search.c
+++ awk '{print $1}'
++ h=5e33985cc078d24c623d08eb162c8b7a9b1fe435016533c7471a27ecfe2dd210
++ printf '%s  %s\n' 5e33985cc078d24c623d08eb162c8b7a9b1fe435016533c7471a27ecfe2dd210 ./lib/readline/search.c
++ IFS=
++ read -r f
+++ sha256sum ./lib/readline/shell.c
+++ awk '{print $1}'
++ h=4f138c8a44bf27c13b613d79fafd447c463ee7791217efd02edc72c7603a14c8
++ printf '%s  %s\n' 4f138c8a44bf27c13b613d79fafd447c463ee7791217efd02edc72c7603a14c8 ./lib/readline/shell.c
++ IFS=
++ read -r f
+++ sha256sum ./lib/readline/signals.c
+++ awk '{print $1}'
++ h=eb14ca8717e32c3542acb2f681b0891870533b422f6bd608c67504e2fe6f0c91
++ printf '%s  %s\n' eb14ca8717e32c3542acb2f681b0891870533b422f6bd608c67504e2fe6f0c91 ./lib/readline/signals.c
++ IFS=
++ read -r f
+++ sha256sum ./lib/readline/tcap.h
+++ awk '{print $1}'
++ h=de2985c15c44b787097d007ab5a3d96935f1ca124980be106bd777cae5fba74b
++ printf '%s  %s\n' de2985c15c44b787097d007ab5a3d96935f1ca124980be106bd777cae5fba74b ./lib/readline/tcap.h
++ IFS=
++ read -r f
+++ sha256sum ./lib/readline/terminal.c
+++ awk '{print $1}'
++ h=65ff1a8a3853775d2cc813a6312a4a064f3a439bc6f1ff7bed633e8cafafea0a
++ printf '%s  %s\n' 65ff1a8a3853775d2cc813a6312a4a064f3a439bc6f1ff7bed633e8cafafea0a ./lib/readline/terminal.c
++ IFS=
++ read -r f
+++ sha256sum ./lib/readline/text.c
+++ awk '{print $1}'
++ h=858cd9c39e3baf33778b7137f338c22993c6e96abe361bd8ad3b0012e0fbb773
++ printf '%s  %s\n' 858cd9c39e3baf33778b7137f338c22993c6e96abe361bd8ad3b0012e0fbb773 ./lib/readline/text.c
++ IFS=
++ read -r f
+++ sha256sum ./lib/readline/tilde.c
+++ awk '{print $1}'
++ h=14852bd1a56a0f67e4a9d059ebccf30cd804be3cd65fb530dad2d0d1693879f8
++ printf '%s  %s\n' 14852bd1a56a0f67e4a9d059ebccf30cd804be3cd65fb530dad2d0d1693879f8 ./lib/readline/tilde.c
++ IFS=
++ read -r f
+++ sha256sum ./lib/readline/tilde.h
+++ awk '{print $1}'
++ h=76ea2566b9045468f1ae1a0a97e62d765edcd642a2d1f12a62a6af1b4dfe9729
++ printf '%s  %s\n' 76ea2566b9045468f1ae1a0a97e62d765edcd642a2d1f12a62a6af1b4dfe9729 ./lib/readline/tilde.h
++ IFS=
++ read -r f
+++ sha256sum ./lib/readline/undo.c
+++ awk '{print $1}'
++ h=6c68c1a7b0bd8887ee13371390cf55efb2a2477334e0deb4f3606c7f158936f9
++ printf '%s  %s\n' 6c68c1a7b0bd8887ee13371390cf55efb2a2477334e0deb4f3606c7f158936f9 ./lib/readline/undo.c
++ IFS=
++ read -r f
+++ sha256sum ./lib/readline/util.c
+++ awk '{print $1}'
++ h=3638744e0ffb866bcd3e8e524ed56d096bfcfaca04456bb60e53023844d25ab1
++ printf '%s  %s\n' 3638744e0ffb866bcd3e8e524ed56d096bfcfaca04456bb60e53023844d25ab1 ./lib/readline/util.c
++ IFS=
++ read -r f
+++ sha256sum ./lib/readline/vi_keymap.c
+++ awk '{print $1}'
++ h=d622732d0c82f6810c60c4cd97da80220bd8b949407e237996371b39050182a5
++ printf '%s  %s\n' d622732d0c82f6810c60c4cd97da80220bd8b949407e237996371b39050182a5 ./lib/readline/vi_keymap.c
++ IFS=
++ read -r f
+++ sha256sum ./lib/readline/vi_mode.c
+++ awk '{print $1}'
++ h=3f92ee815ba81edbdee08abb481dceead6bf073ad53828874958559a35e65b0f
++ printf '%s  %s\n' 3f92ee815ba81edbdee08abb481dceead6bf073ad53828874958559a35e65b0f ./lib/readline/vi_mode.c
++ IFS=
++ read -r f
+++ sha256sum ./lib/readline/xfree.c
+++ awk '{print $1}'
++ h=1c5a5493c870bb1e12044713cbfff0fefc0a48e572d287072b6f55e3d17dc3a6
++ printf '%s  %s\n' 1c5a5493c870bb1e12044713cbfff0fefc0a48e572d287072b6f55e3d17dc3a6 ./lib/readline/xfree.c
++ IFS=
++ read -r f
+++ sha256sum ./lib/readline/xmalloc.c
+++ awk '{print $1}'
++ h=fcab7a9bf239ca9aa211c8d6e831c5d391cdbfe8534d93a5e78b45bf67c1a10b
++ printf '%s  %s\n' fcab7a9bf239ca9aa211c8d6e831c5d391cdbfe8534d93a5e78b45bf67c1a10b ./lib/readline/xmalloc.c
++ IFS=
++ read -r f
+++ sha256sum ./lib/readline/xmalloc.h
+++ awk '{print $1}'
++ h=bb1a1618cd56fdf4308026ba87adcdb7bb96e844228618ed8fe9ccbbd0466c6e
++ printf '%s  %s\n' bb1a1618cd56fdf4308026ba87adcdb7bb96e844228618ed8fe9ccbbd0466c6e ./lib/readline/xmalloc.h
++ IFS=
++ read -r f
+++ sha256sum ./lib/sh/Makefile.in
+++ awk '{print $1}'
++ h=65bed62026b559ab851a5ed3c6d1d3f41262da28ec19cc212f165f9a167df5ef
++ printf '%s  %s\n' 65bed62026b559ab851a5ed3c6d1d3f41262da28ec19cc212f165f9a167df5ef ./lib/sh/Makefile.in
++ IFS=
++ read -r f
+++ sha256sum ./lib/sh/anonfile.c
+++ awk '{print $1}'
++ h=4ac7694ad542a0bed63e6ae7ccd9c32cb9f497085e35dbcd917dc66912bc7b12
++ printf '%s  %s\n' 4ac7694ad542a0bed63e6ae7ccd9c32cb9f497085e35dbcd917dc66912bc7b12 ./lib/sh/anonfile.c
++ IFS=
++ read -r f
+++ sha256sum ./lib/sh/casemod.c
+++ awk '{print $1}'
++ h=c82c0d5bf52de930f22039291e20192b6c21729b67d67f735c698c0fea7f35f6
++ printf '%s  %s\n' c82c0d5bf52de930f22039291e20192b6c21729b67d67f735c698c0fea7f35f6 ./lib/sh/casemod.c
++ IFS=
++ read -r f
+++ sha256sum ./lib/sh/clktck.c
+++ awk '{print $1}'
++ h=fbff1ee1de083642c16eeedfaa02c6cc2c47d63fb056087617a81ea2e3bb5870
++ printf '%s  %s\n' fbff1ee1de083642c16eeedfaa02c6cc2c47d63fb056087617a81ea2e3bb5870 ./lib/sh/clktck.c
++ IFS=
++ read -r f
+++ sha256sum ./lib/sh/clock.c
+++ awk '{print $1}'
++ h=d60d118453dde2116e4f186a3c38823d41fe323383912e149921a316f7779656
++ printf '%s  %s\n' d60d118453dde2116e4f186a3c38823d41fe323383912e149921a316f7779656 ./lib/sh/clock.c
++ IFS=
++ read -r f
+++ sha256sum ./lib/sh/compat.c
+++ awk '{print $1}'
++ h=102d2f0f0ed7a1c96d1d5a552d23d4c53ef0ed023e5b778393cc6c42e6b8b483
++ printf '%s  %s\n' 102d2f0f0ed7a1c96d1d5a552d23d4c53ef0ed023e5b778393cc6c42e6b8b483 ./lib/sh/compat.c
++ IFS=
++ read -r f
+++ sha256sum ./lib/sh/dprintf.c
+++ awk '{print $1}'
++ h=235a57e45049489b7046a78ac7aa039e977b1ce669c011b8b0c05d50fc2f47e6
++ printf '%s  %s\n' 235a57e45049489b7046a78ac7aa039e977b1ce669c011b8b0c05d50fc2f47e6 ./lib/sh/dprintf.c
++ IFS=
++ read -r f
+++ sha256sum ./lib/sh/eaccess.c
+++ awk '{print $1}'
++ h=e74417efcb72d73d5454e72652c68bc0d22c2268a46a1dfa0c6cc3734e770f5c
++ printf '%s  %s\n' e74417efcb72d73d5454e72652c68bc0d22c2268a46a1dfa0c6cc3734e770f5c ./lib/sh/eaccess.c
++ IFS=
++ read -r f
+++ sha256sum ./lib/sh/fmtullong.c
+++ awk '{print $1}'
++ h=90bf431346908827c49af019934613cba92e3ec0414f15d5aedf50a7290eb195
++ printf '%s  %s\n' 90bf431346908827c49af019934613cba92e3ec0414f15d5aedf50a7290eb195 ./lib/sh/fmtullong.c
++ IFS=
++ read -r f
+++ sha256sum ./lib/sh/fmtulong.c
+++ awk '{print $1}'
++ h=870b8c706942d4bef3d2bbb8e8ea1ccebe599397113a90f8b4ecf67720a1b365
++ printf '%s  %s\n' 870b8c706942d4bef3d2bbb8e8ea1ccebe599397113a90f8b4ecf67720a1b365 ./lib/sh/fmtulong.c
++ IFS=
++ read -r f
+++ sha256sum ./lib/sh/fmtumax.c
+++ awk '{print $1}'
++ h=f171de646dbafbc5c4da229e753dc1074c9c8a4685031a8bcaa0ffadc0c903d2
++ printf '%s  %s\n' f171de646dbafbc5c4da229e753dc1074c9c8a4685031a8bcaa0ffadc0c903d2 ./lib/sh/fmtumax.c
++ IFS=
++ read -r f
+++ sha256sum ./lib/sh/fnxform.c
+++ awk '{print $1}'
++ h=185c3a96732f72bce15fb6d5e5985662667fcc19d537cbc554f417f01cb14ecf
++ printf '%s  %s\n' 185c3a96732f72bce15fb6d5e5985662667fcc19d537cbc554f417f01cb14ecf ./lib/sh/fnxform.c
++ IFS=
++ read -r f
+++ sha256sum ./lib/sh/fpurge.c
+++ awk '{print $1}'
++ h=87b97266426a1739588a508cc3f319300850bfcbfca9e1e419c12c7273fe6cb0
++ printf '%s  %s\n' 87b97266426a1739588a508cc3f319300850bfcbfca9e1e419c12c7273fe6cb0 ./lib/sh/fpurge.c
++ IFS=
++ read -r f
+++ sha256sum ./lib/sh/getcwd.c
+++ awk '{print $1}'
++ h=185d7a5b7b728aa2fbf8e792da130b1ddc3b98814f88e381f359645d743671db
++ printf '%s  %s\n' 185d7a5b7b728aa2fbf8e792da130b1ddc3b98814f88e381f359645d743671db ./lib/sh/getcwd.c
++ IFS=
++ read -r f
+++ sha256sum ./lib/sh/getenv.c
+++ awk '{print $1}'
++ h=1efec755c575a0ffdc49af1f313d10105ad79287e2ad5b64d719e654c582fa04
++ printf '%s  %s\n' 1efec755c575a0ffdc49af1f313d10105ad79287e2ad5b64d719e654c582fa04 ./lib/sh/getenv.c
++ IFS=
++ read -r f
+++ sha256sum ./lib/sh/gettimeofday.c
+++ awk '{print $1}'
++ h=9892ef0d74653dd93b273464feb40b2add0faec2edbc798e2ac9ba8ad1a48628
++ printf '%s  %s\n' 9892ef0d74653dd93b273464feb40b2add0faec2edbc798e2ac9ba8ad1a48628 ./lib/sh/gettimeofday.c
++ IFS=
++ read -r f
+++ sha256sum ./lib/sh/inet_aton.c
+++ awk '{print $1}'
++ h=755f298cfc6a734447488a59b2affeed4fe605fdfc1b169f36bb4ac6115cdbe3
++ printf '%s  %s\n' 755f298cfc6a734447488a59b2affeed4fe605fdfc1b169f36bb4ac6115cdbe3 ./lib/sh/inet_aton.c
++ IFS=
++ read -r f
+++ sha256sum ./lib/sh/input_avail.c
+++ awk '{print $1}'
++ h=94447d9380a5599011a6face5b6b00e04db551add61b028c59321d71b8cd15fe
++ printf '%s  %s\n' 94447d9380a5599011a6face5b6b00e04db551add61b028c59321d71b8cd15fe ./lib/sh/input_avail.c
++ IFS=
++ read -r f
+++ sha256sum ./lib/sh/itos.c
+++ awk '{print $1}'
++ h=f05a6456b8e43a18dfb130a2b28fb52d75639af4e800d909fddeca8141a3bef9
++ printf '%s  %s\n' f05a6456b8e43a18dfb130a2b28fb52d75639af4e800d909fddeca8141a3bef9 ./lib/sh/itos.c
++ IFS=
++ read -r f
+++ sha256sum ./lib/sh/mailstat.c
+++ awk '{print $1}'
++ h=1a9b3ac119b4118796b19954410480b71347234bed78b30caf81a380302ed849
++ printf '%s  %s\n' 1a9b3ac119b4118796b19954410480b71347234bed78b30caf81a380302ed849 ./lib/sh/mailstat.c
++ IFS=
++ read -r f
+++ sha256sum ./lib/sh/makepath.c
+++ awk '{print $1}'
++ h=347048944ca16e15eed00bd18ea950838d36e547e17290fa1e3db1dcad24d88d
++ printf '%s  %s\n' 347048944ca16e15eed00bd18ea950838d36e547e17290fa1e3db1dcad24d88d ./lib/sh/makepath.c
++ IFS=
++ read -r f
+++ sha256sum ./lib/sh/mbscasecmp.c
+++ awk '{print $1}'
++ h=47e3b8081ec79b6459b26bc175be21fd65eb02d363f4bce88556842ff037de72
++ printf '%s  %s\n' 47e3b8081ec79b6459b26bc175be21fd65eb02d363f4bce88556842ff037de72 ./lib/sh/mbscasecmp.c
++ IFS=
++ read -r f
+++ sha256sum ./lib/sh/mbschr.c
+++ awk '{print $1}'
++ h=78053520529389c1fda62f26cd2516c185ccb31f68edec762c026f743635fd7c
++ printf '%s  %s\n' 78053520529389c1fda62f26cd2516c185ccb31f68edec762c026f743635fd7c ./lib/sh/mbschr.c
++ IFS=
++ read -r f
+++ sha256sum ./lib/sh/mbscmp.c
+++ awk '{print $1}'
++ h=de12efcbac07f99b17bcfdb3f2eef6217176a59749b54aafe0fd09a67a6ad702
++ printf '%s  %s\n' de12efcbac07f99b17bcfdb3f2eef6217176a59749b54aafe0fd09a67a6ad702 ./lib/sh/mbscmp.c
++ IFS=
++ read -r f
+++ sha256sum ./lib/sh/mbsncmp.c
+++ awk '{print $1}'
++ h=8604a4d5a57084edde670ef70f01dd2ed18f9e6c1e944a44ab5f1cb11540af4b
++ printf '%s  %s\n' 8604a4d5a57084edde670ef70f01dd2ed18f9e6c1e944a44ab5f1cb11540af4b ./lib/sh/mbsncmp.c
++ IFS=
++ read -r f
+++ sha256sum ./lib/sh/memset.c
+++ awk '{print $1}'
++ h=7c02baf076ac9d04f6d952c14c4accb14fead62d08673d03434659545852ba6b
++ printf '%s  %s\n' 7c02baf076ac9d04f6d952c14c4accb14fead62d08673d03434659545852ba6b ./lib/sh/memset.c
++ IFS=
++ read -r f
+++ sha256sum ./lib/sh/mktime.c
+++ awk '{print $1}'
++ h=658d8d85c46ae94b2515dd174788b32984e324630b53170d45c9861fa8f80a47
++ printf '%s  %s\n' 658d8d85c46ae94b2515dd174788b32984e324630b53170d45c9861fa8f80a47 ./lib/sh/mktime.c
++ IFS=
++ read -r f
+++ sha256sum ./lib/sh/netconn.c
+++ awk '{print $1}'
++ h=9b3286ad9f7e33fab28c24c06aa64aeecc13779684ec4f086156b52c5635300b
++ printf '%s  %s\n' 9b3286ad9f7e33fab28c24c06aa64aeecc13779684ec4f086156b52c5635300b ./lib/sh/netconn.c
++ IFS=
++ read -r f
+++ sha256sum ./lib/sh/netopen.c
+++ awk '{print $1}'
++ h=5ee7f92fef3e75c8d59929a9f21fb055e8c228443191d4bb211d077446c248aa
++ printf '%s  %s\n' 5ee7f92fef3e75c8d59929a9f21fb055e8c228443191d4bb211d077446c248aa ./lib/sh/netopen.c
++ IFS=
++ read -r f
+++ sha256sum ./lib/sh/oslib.c
+++ awk '{print $1}'
++ h=6db024643080a17e5fd7bfaf7055ddab79b62ffd90028281b13f5039a12844b0
++ printf '%s  %s\n' 6db024643080a17e5fd7bfaf7055ddab79b62ffd90028281b13f5039a12844b0 ./lib/sh/oslib.c
++ IFS=
++ read -r f
+++ sha256sum ./lib/sh/pathcanon.c
+++ awk '{print $1}'
++ h=28ece73a5fb3c24f9dcaa7833690d2a1b1e4b179393986a91413a9b9a3b2a6f4
++ printf '%s  %s\n' 28ece73a5fb3c24f9dcaa7833690d2a1b1e4b179393986a91413a9b9a3b2a6f4 ./lib/sh/pathcanon.c
++ IFS=
++ read -r f
+++ sha256sum ./lib/sh/pathphys.c
+++ awk '{print $1}'
++ h=29d4897452bbc9326e819374891188e3fa957cb34f95b60373be6b780a53aa29
++ printf '%s  %s\n' 29d4897452bbc9326e819374891188e3fa957cb34f95b60373be6b780a53aa29 ./lib/sh/pathphys.c
++ IFS=
++ read -r f
+++ sha256sum ./lib/sh/random.c
+++ awk '{print $1}'
++ h=55f708e8ef3f2bd55bb919ae246d52fff5e8fcebb5b48d807052a90d3335a627
++ printf '%s  %s\n' 55f708e8ef3f2bd55bb919ae246d52fff5e8fcebb5b48d807052a90d3335a627 ./lib/sh/random.c
++ IFS=
++ read -r f
+++ sha256sum ./lib/sh/reallocarray.c
+++ awk '{print $1}'
++ h=8f3bf391b36eae75c0a99504470dfe26e4306b17a5bc1f261c8310b44b5ab205
++ printf '%s  %s\n' 8f3bf391b36eae75c0a99504470dfe26e4306b17a5bc1f261c8310b44b5ab205 ./lib/sh/reallocarray.c
++ IFS=
++ read -r f
+++ sha256sum ./lib/sh/rename.c
+++ awk '{print $1}'
++ h=8c15e9bf837979b45de79a785d4bcd50ef6276c18930372182e2d0153c51ca86
++ printf '%s  %s\n' 8c15e9bf837979b45de79a785d4bcd50ef6276c18930372182e2d0153c51ca86 ./lib/sh/rename.c
++ IFS=
++ read -r f
+++ sha256sum ./lib/sh/setlinebuf.c
+++ awk '{print $1}'
++ h=c57bf56b2eaa566f085503971f37e424015bd292f6b0daf707fd6b6ea4c5d227
++ printf '%s  %s\n' c57bf56b2eaa566f085503971f37e424015bd292f6b0daf707fd6b6ea4c5d227 ./lib/sh/setlinebuf.c
++ IFS=
++ read -r f
+++ sha256sum ./lib/sh/shmatch.c
+++ awk '{print $1}'
++ h=c889cb70a2670e5f009e4b0f77e6b32ad0c6d55a6bfe36f6cfab14a58515d06c
++ printf '%s  %s\n' c889cb70a2670e5f009e4b0f77e6b32ad0c6d55a6bfe36f6cfab14a58515d06c ./lib/sh/shmatch.c
++ IFS=
++ read -r f
+++ sha256sum ./lib/sh/shmbchar.c
+++ awk '{print $1}'
++ h=a79dcabaad909bfd8f230114973796d58b611f2553b6f8d0aa2ce183b0047b43
++ printf '%s  %s\n' a79dcabaad909bfd8f230114973796d58b611f2553b6f8d0aa2ce183b0047b43 ./lib/sh/shmbchar.c
++ IFS=
++ read -r f
+++ sha256sum ./lib/sh/shquote.c
+++ awk '{print $1}'
++ h=f311976dc4c0569cdb46d835a8fdb0f7924528fc7659fa939786aaa37515ad39
++ printf '%s  %s\n' f311976dc4c0569cdb46d835a8fdb0f7924528fc7659fa939786aaa37515ad39 ./lib/sh/shquote.c
++ IFS=
++ read -r f
+++ sha256sum ./lib/sh/shtty.c
+++ awk '{print $1}'
++ h=38b4b177ebf31f8ea9f5c41ed7ea9bd1e8dd8f20bebf4eb81ebfd91a8a2c23d8
++ printf '%s  %s\n' 38b4b177ebf31f8ea9f5c41ed7ea9bd1e8dd8f20bebf4eb81ebfd91a8a2c23d8 ./lib/sh/shtty.c
++ IFS=
++ read -r f
+++ sha256sum ./lib/sh/snprintf.c
+++ awk '{print $1}'
++ h=0bc999ebe8fc9f307bfd918457a6f68ddced11f06fc88a5ec2547c53735f8d6a
++ printf '%s  %s\n' 0bc999ebe8fc9f307bfd918457a6f68ddced11f06fc88a5ec2547c53735f8d6a ./lib/sh/snprintf.c
++ IFS=
++ read -r f
+++ sha256sum ./lib/sh/spell.c
+++ awk '{print $1}'
++ h=0ec6ca153857261b6b2945d782fb6e4c405b72446d3f9aa33ed00afde5bd17ed
++ printf '%s  %s\n' 0ec6ca153857261b6b2945d782fb6e4c405b72446d3f9aa33ed00afde5bd17ed ./lib/sh/spell.c
++ IFS=
++ read -r f
+++ sha256sum ./lib/sh/strcasecmp.c
+++ awk '{print $1}'
++ h=771eaabe5d13935ad78144bc275d36d403bac1c726190bb028568e5dca8ebeaa
++ printf '%s  %s\n' 771eaabe5d13935ad78144bc275d36d403bac1c726190bb028568e5dca8ebeaa ./lib/sh/strcasecmp.c
++ IFS=
++ read -r f
+++ sha256sum ./lib/sh/strcasestr.c
+++ awk '{print $1}'
++ h=241908f490a490d0c8a89201908fb8671825c6b0461683bea2e1c5621f019874
++ printf '%s  %s\n' 241908f490a490d0c8a89201908fb8671825c6b0461683bea2e1c5621f019874 ./lib/sh/strcasestr.c
++ IFS=
++ read -r f
+++ sha256sum ./lib/sh/strchrnul.c
+++ awk '{print $1}'
++ h=dfebe5d01dfef1c05eeb8a46f4344aa6dbf53c083c14c957df293e7522d0ac4b
++ printf '%s  %s\n' dfebe5d01dfef1c05eeb8a46f4344aa6dbf53c083c14c957df293e7522d0ac4b ./lib/sh/strchrnul.c
++ IFS=
++ read -r f
+++ sha256sum ./lib/sh/strdup.c
+++ awk '{print $1}'
++ h=091eb627b3aac8bcb9e287360e71371417804f800e59f4ea10dedfb427fac264
++ printf '%s  %s\n' 091eb627b3aac8bcb9e287360e71371417804f800e59f4ea10dedfb427fac264 ./lib/sh/strdup.c
++ IFS=
++ read -r f
+++ sha256sum ./lib/sh/strerror.c
+++ awk '{print $1}'
++ h=8a279b02b8e769dcda6a3179d6156f2ffa9c9a38951efbc7dc079092e30b3eea
++ printf '%s  %s\n' 8a279b02b8e769dcda6a3179d6156f2ffa9c9a38951efbc7dc079092e30b3eea ./lib/sh/strerror.c
++ IFS=
++ read -r f
+++ sha256sum ./lib/sh/strftime.c
+++ awk '{print $1}'
++ h=f28578442b2a437cb037780f5fb045a564465b51fe9d84f6f3fab37edca9f7c5
++ printf '%s  %s\n' f28578442b2a437cb037780f5fb045a564465b51fe9d84f6f3fab37edca9f7c5 ./lib/sh/strftime.c
++ IFS=
++ read -r f
+++ sha256sum ./lib/sh/stringlist.c
+++ awk '{print $1}'
++ h=4f2922a007e554ff8fd2481938d0e214c2acd65a8b5a1eed8d1fa86b3b78f663
++ printf '%s  %s\n' 4f2922a007e554ff8fd2481938d0e214c2acd65a8b5a1eed8d1fa86b3b78f663 ./lib/sh/stringlist.c
++ IFS=
++ read -r f
+++ sha256sum ./lib/sh/stringvec.c
+++ awk '{print $1}'
++ h=3dd0d757e38bd784262a055191baeee03316144b4b522a5f3a003adef6c82857
++ printf '%s  %s\n' 3dd0d757e38bd784262a055191baeee03316144b4b522a5f3a003adef6c82857 ./lib/sh/stringvec.c
++ IFS=
++ read -r f
+++ sha256sum ./lib/sh/strlcpy.c
+++ awk '{print $1}'
++ h=64db255d1bae10ba1b219712a4c3721accbb3ab3caabb83db2baf2f8fc50fad6
++ printf '%s  %s\n' 64db255d1bae10ba1b219712a4c3721accbb3ab3caabb83db2baf2f8fc50fad6 ./lib/sh/strlcpy.c
++ IFS=
++ read -r f
+++ sha256sum ./lib/sh/strnlen.c
+++ awk '{print $1}'
++ h=66e6876fb2fc4a575572060b42d3c90fc1951922272f58fdc156b9eb0174d723
++ printf '%s  %s\n' 66e6876fb2fc4a575572060b42d3c90fc1951922272f58fdc156b9eb0174d723 ./lib/sh/strnlen.c
++ IFS=
++ read -r f
+++ sha256sum ./lib/sh/strpbrk.c
+++ awk '{print $1}'
++ h=44ddae6b67180e2a028813eb98c2e9e312920d1567209efad410e3d1958db7dd
++ printf '%s  %s\n' 44ddae6b67180e2a028813eb98c2e9e312920d1567209efad410e3d1958db7dd ./lib/sh/strpbrk.c
++ IFS=
++ read -r f
+++ sha256sum ./lib/sh/strscpy.c
+++ awk '{print $1}'
++ h=720358e5a9ebd51c6a6fb89ba12cb61a85e38328b61af33d6db0b23734d24481
++ printf '%s  %s\n' 720358e5a9ebd51c6a6fb89ba12cb61a85e38328b61af33d6db0b23734d24481 ./lib/sh/strscpy.c
++ IFS=
++ read -r f
+++ sha256sum ./lib/sh/strstr.c
+++ awk '{print $1}'
++ h=521db65c5f0499121aec4a250e927a9359e78a89a902f50f34a558f6ab8baa5b
++ printf '%s  %s\n' 521db65c5f0499121aec4a250e927a9359e78a89a902f50f34a558f6ab8baa5b ./lib/sh/strstr.c
++ IFS=
++ read -r f
+++ sha256sum ./lib/sh/strtod.c
+++ awk '{print $1}'
++ h=79c8c01a11cbac34315797931415271b8b02f14b78b03f63b5061e18b0c0c252
++ printf '%s  %s\n' 79c8c01a11cbac34315797931415271b8b02f14b78b03f63b5061e18b0c0c252 ./lib/sh/strtod.c
++ IFS=
++ read -r f
+++ sha256sum ./lib/sh/strtoimax.c
+++ awk '{print $1}'
++ h=ce0386ed0c7a39ffedef2ee531575780d6210ce105835f6b8f1b37f5a0d0c72f
++ printf '%s  %s\n' ce0386ed0c7a39ffedef2ee531575780d6210ce105835f6b8f1b37f5a0d0c72f ./lib/sh/strtoimax.c
++ IFS=
++ read -r f
+++ sha256sum ./lib/sh/strtol.c
+++ awk '{print $1}'
++ h=6bc459a6e5a3979228dd7d4c212d18a875dde2810b74580ba82508dee6f4cfc6
++ printf '%s  %s\n' 6bc459a6e5a3979228dd7d4c212d18a875dde2810b74580ba82508dee6f4cfc6 ./lib/sh/strtol.c
++ IFS=
++ read -r f
+++ sha256sum ./lib/sh/strtoll.c
+++ awk '{print $1}'
++ h=3a9a7c2b4348b19b1811714317a0263bd00875950b10d5ed64794fe3a7263d63
++ printf '%s  %s\n' 3a9a7c2b4348b19b1811714317a0263bd00875950b10d5ed64794fe3a7263d63 ./lib/sh/strtoll.c
++ IFS=
++ read -r f
+++ sha256sum ./lib/sh/strtoul.c
+++ awk '{print $1}'
++ h=3b159e4662ca08cd5f1b0d10ab2a5b5d66751d61b2dc5fa3081cadeb035af806
++ printf '%s  %s\n' 3b159e4662ca08cd5f1b0d10ab2a5b5d66751d61b2dc5fa3081cadeb035af806 ./lib/sh/strtoul.c
++ IFS=
++ read -r f
+++ sha256sum ./lib/sh/strtoull.c
+++ awk '{print $1}'
++ h=f051a54d70d98ad6ddd80f1d11105bd3a9a8ebdd312287ca7991eaf546b389ab
++ printf '%s  %s\n' f051a54d70d98ad6ddd80f1d11105bd3a9a8ebdd312287ca7991eaf546b389ab ./lib/sh/strtoull.c
++ IFS=
++ read -r f
+++ sha256sum ./lib/sh/strtoumax.c
+++ awk '{print $1}'
++ h=b6b93928c1f24b0c41918515393a60fb0b323b01f2f31a4411c246ea4a901332
++ printf '%s  %s\n' b6b93928c1f24b0c41918515393a60fb0b323b01f2f31a4411c246ea4a901332 ./lib/sh/strtoumax.c
++ IFS=
++ read -r f
+++ sha256sum ./lib/sh/strtrans.c
+++ awk '{print $1}'
++ h=75b7495881561d0df055727dca91fcd30a48725df5d054919b1f5b848aeb3c4e
++ printf '%s  %s\n' 75b7495881561d0df055727dca91fcd30a48725df5d054919b1f5b848aeb3c4e ./lib/sh/strtrans.c
++ IFS=
++ read -r f
+++ sha256sum ./lib/sh/strvis.c
+++ awk '{print $1}'
++ h=38b90cb43427fdc013bebfba07497f6c169e2726f8a2a2bfc4504dc8187efa2f
++ printf '%s  %s\n' 38b90cb43427fdc013bebfba07497f6c169e2726f8a2a2bfc4504dc8187efa2f ./lib/sh/strvis.c
++ IFS=
++ read -r f
+++ sha256sum ./lib/sh/timers.c
+++ awk '{print $1}'
++ h=3ba3fddac3c35d1dd639ec439ee6f2973eb606330fce21dbef53ac47d95db6cf
++ printf '%s  %s\n' 3ba3fddac3c35d1dd639ec439ee6f2973eb606330fce21dbef53ac47d95db6cf ./lib/sh/timers.c
++ IFS=
++ read -r f
+++ sha256sum ./lib/sh/times.c
+++ awk '{print $1}'
++ h=b37e94e6c0d27aeb7b89b252663bc0e6e5494abed84c1e1af8c01e245f7585f5
++ printf '%s  %s\n' b37e94e6c0d27aeb7b89b252663bc0e6e5494abed84c1e1af8c01e245f7585f5 ./lib/sh/times.c
++ IFS=
++ read -r f
+++ sha256sum ./lib/sh/timeval.c
+++ awk '{print $1}'
++ h=8d4d8adbff203fa78f7c9e6102825451f8a8d252a49f2c9e60b4fb6291c7260b
++ printf '%s  %s\n' 8d4d8adbff203fa78f7c9e6102825451f8a8d252a49f2c9e60b4fb6291c7260b ./lib/sh/timeval.c
++ IFS=
++ read -r f
+++ sha256sum ./lib/sh/tmpfile.c
+++ awk '{print $1}'
++ h=79df50982abc561659dfffd3d9c4f317c128c2ea3edfe7a0bcd50b7308669396
++ printf '%s  %s\n' 79df50982abc561659dfffd3d9c4f317c128c2ea3edfe7a0bcd50b7308669396 ./lib/sh/tmpfile.c
++ IFS=
++ read -r f
+++ sha256sum ./lib/sh/uconvert.c
+++ awk '{print $1}'
++ h=f31bf87f40895f5918b2c054578d49b015ce2113f76e0ecc7b95739fdbfd4d4b
++ printf '%s  %s\n' f31bf87f40895f5918b2c054578d49b015ce2113f76e0ecc7b95739fdbfd4d4b ./lib/sh/uconvert.c
++ IFS=
++ read -r f
+++ sha256sum ./lib/sh/ufuncs.c
+++ awk '{print $1}'
++ h=a655eda48e9d67583b6a7c2820f7594d450a27a1bef5f43d6319731f16b70001
++ printf '%s  %s\n' a655eda48e9d67583b6a7c2820f7594d450a27a1bef5f43d6319731f16b70001 ./lib/sh/ufuncs.c
++ IFS=
++ read -r f
+++ sha256sum ./lib/sh/unicode.c
+++ awk '{print $1}'
++ h=04c7a21f814a8f6e33f489269c0679a62cab1840e9937f5162a38c5670ef894c
++ printf '%s  %s\n' 04c7a21f814a8f6e33f489269c0679a62cab1840e9937f5162a38c5670ef894c ./lib/sh/unicode.c
++ IFS=
++ read -r f
+++ sha256sum ./lib/sh/utf8.c
+++ awk '{print $1}'
++ h=159eb6f026a63d389b112adc955bc77c16464f76ce63b5c7f69bcd985b7e55b4
++ printf '%s  %s\n' 159eb6f026a63d389b112adc955bc77c16464f76ce63b5c7f69bcd985b7e55b4 ./lib/sh/utf8.c
++ IFS=
++ read -r f
+++ sha256sum ./lib/sh/vprint.c
+++ awk '{print $1}'
++ h=539c24402b6c98fc1fb3b58fdef2c28d28aa1aa180a4001c0bc435f13147d54f
++ printf '%s  %s\n' 539c24402b6c98fc1fb3b58fdef2c28d28aa1aa180a4001c0bc435f13147d54f ./lib/sh/vprint.c
++ IFS=
++ read -r f
+++ sha256sum ./lib/sh/wcsdup.c
+++ awk '{print $1}'
++ h=7f9a0ee475445a046c707180485b1e978cf02b76e2bbe090d183ceecc8fb18b2
++ printf '%s  %s\n' 7f9a0ee475445a046c707180485b1e978cf02b76e2bbe090d183ceecc8fb18b2 ./lib/sh/wcsdup.c
++ IFS=
++ read -r f
+++ sha256sum ./lib/sh/wcsnwidth.c
+++ awk '{print $1}'
++ h=e655307a5dda5c56b9ad2c08db97db1f49d26636cef2b3f3c107e77f7df67629
++ printf '%s  %s\n' e655307a5dda5c56b9ad2c08db97db1f49d26636cef2b3f3c107e77f7df67629 ./lib/sh/wcsnwidth.c
++ IFS=
++ read -r f
+++ sha256sum ./lib/sh/wcswidth.c
+++ awk '{print $1}'
++ h=c4cda6b555468ba710882a303f4f64708ae7cf6e9c99c1c0bafec6bbc150c266
++ printf '%s  %s\n' c4cda6b555468ba710882a303f4f64708ae7cf6e9c99c1c0bafec6bbc150c266 ./lib/sh/wcswidth.c
++ IFS=
++ read -r f
+++ sha256sum ./lib/sh/winsize.c
+++ awk '{print $1}'
++ h=f8127690ea13e8c3aac4837ed498dac0adb6b6ae61684e7cf4b5f5aecd17ed28
++ printf '%s  %s\n' f8127690ea13e8c3aac4837ed498dac0adb6b6ae61684e7cf4b5f5aecd17ed28 ./lib/sh/winsize.c
++ IFS=
++ read -r f
+++ sha256sum ./lib/sh/zcatfd.c
+++ awk '{print $1}'
++ h=49bb7619484e462e7fda7ef96f170946d09ad38c08d2e39926bec6e4c563ddbc
++ printf '%s  %s\n' 49bb7619484e462e7fda7ef96f170946d09ad38c08d2e39926bec6e4c563ddbc ./lib/sh/zcatfd.c
++ IFS=
++ read -r f
+++ sha256sum ./lib/sh/zgetline.c
+++ awk '{print $1}'
++ h=8cb2d76997434ee59f9f37311b43556ae712d1d0aa97323052b343360b73be86
++ printf '%s  %s\n' 8cb2d76997434ee59f9f37311b43556ae712d1d0aa97323052b343360b73be86 ./lib/sh/zgetline.c
++ IFS=
++ read -r f
+++ sha256sum ./lib/sh/zmapfd.c
+++ awk '{print $1}'
++ h=d3ebf927a16c72fbb400b2dcfcd3c713efaabfc366e14ada60dd8f598a7e4e74
++ printf '%s  %s\n' d3ebf927a16c72fbb400b2dcfcd3c713efaabfc366e14ada60dd8f598a7e4e74 ./lib/sh/zmapfd.c
++ IFS=
++ read -r f
+++ sha256sum ./lib/sh/zread.c
+++ awk '{print $1}'
++ h=22caef22ad77ff33d834ee7c73540d394790f254cd021ae3b0936c9febc31d57
++ printf '%s  %s\n' 22caef22ad77ff33d834ee7c73540d394790f254cd021ae3b0936c9febc31d57 ./lib/sh/zread.c
++ IFS=
++ read -r f
+++ sha256sum ./lib/sh/zwrite.c
+++ awk '{print $1}'
++ h=2cce2b617373ab95e3a6a277940fbb138146e4ba04bc9274224ba545c8eefe83
++ printf '%s  %s\n' 2cce2b617373ab95e3a6a277940fbb138146e4ba04bc9274224ba545c8eefe83 ./lib/sh/zwrite.c
++ IFS=
++ read -r f
+++ sha256sum ./lib/termcap/Makefile.in
+++ awk '{print $1}'
++ h=0a6fb5a645d4d254d5dd568b02f43eade1f75f4d1203df47ebe10c812d2b0372
++ printf '%s  %s\n' 0a6fb5a645d4d254d5dd568b02f43eade1f75f4d1203df47ebe10c812d2b0372 ./lib/termcap/Makefile.in
++ IFS=
++ read -r f
+++ sha256sum ./lib/termcap/ltcap.h
+++ awk '{print $1}'
++ h=3df2cab584eadb7b8b0e846757a2aa75fd0356160c3dd53af22288707016266b
++ printf '%s  %s\n' 3df2cab584eadb7b8b0e846757a2aa75fd0356160c3dd53af22288707016266b ./lib/termcap/ltcap.h
++ IFS=
++ read -r f
+++ sha256sum ./lib/termcap/termcap.c
+++ awk '{print $1}'
++ h=9f9786c62c0b3d778f2f4e783eb482b10a4cf425c8a6b5ef07f24b92d905ac23
++ printf '%s  %s\n' 9f9786c62c0b3d778f2f4e783eb482b10a4cf425c8a6b5ef07f24b92d905ac23 ./lib/termcap/termcap.c
++ IFS=
++ read -r f
+++ sha256sum ./lib/termcap/termcap.h
+++ awk '{print $1}'
++ h=bb3dc67530c57aa4f11bc8f86deafcf4535babf3e1504870c2f8c0008fdc3978
++ printf '%s  %s\n' bb3dc67530c57aa4f11bc8f86deafcf4535babf3e1504870c2f8c0008fdc3978 ./lib/termcap/termcap.h
++ IFS=
++ read -r f
+++ sha256sum ./lib/termcap/tparam.c
+++ awk '{print $1}'
++ h=bcb9df8fca5760aa5c7778e333dbb6b53c64be20ccce6a467e3ac738a7ea5fab
++ printf '%s  %s\n' bcb9df8fca5760aa5c7778e333dbb6b53c64be20ccce6a467e3ac738a7ea5fab ./lib/termcap/tparam.c
++ IFS=
++ read -r f
+++ sha256sum ./lib/termcap/version.c
+++ awk '{print $1}'
++ h=4c911a5b97f9f0ee993191e6a8e1bddddd521946957e34ea6c84ac4619ed0e5c
++ printf '%s  %s\n' 4c911a5b97f9f0ee993191e6a8e1bddddd521946957e34ea6c84ac4619ed0e5c ./lib/termcap/version.c
++ IFS=
++ read -r f
+++ sha256sum ./lib/tilde/Makefile.in
+++ awk '{print $1}'
++ h=4108a3db285198937e08b25f588a8e85be8f4e55204d53b7ecf4e8b9739e5247
++ printf '%s  %s\n' 4108a3db285198937e08b25f588a8e85be8f4e55204d53b7ecf4e8b9739e5247 ./lib/tilde/Makefile.in
++ IFS=
++ read -r f
+++ sha256sum ./lib/tilde/README
+++ awk '{print $1}'
++ h=61cc004350c01aa2612a52d7b1ba61a552ddc1aa17baaaae5e6d436fa39965c9
++ printf '%s  %s\n' 61cc004350c01aa2612a52d7b1ba61a552ddc1aa17baaaae5e6d436fa39965c9 ./lib/tilde/README
++ IFS=
++ read -r f
+++ sha256sum ./lib/tilde/shell.c
+++ awk '{print $1}'
++ h=15accb9e809dda062e6e3d9e2a1e95a139684faf8253c7311868bd0b8a93a703
++ printf '%s  %s\n' 15accb9e809dda062e6e3d9e2a1e95a139684faf8253c7311868bd0b8a93a703 ./lib/tilde/shell.c
++ IFS=
++ read -r f
+++ sha256sum ./lib/tilde/tilde.c
+++ awk '{print $1}'
++ h=14852bd1a56a0f67e4a9d059ebccf30cd804be3cd65fb530dad2d0d1693879f8
++ printf '%s  %s\n' 14852bd1a56a0f67e4a9d059ebccf30cd804be3cd65fb530dad2d0d1693879f8 ./lib/tilde/tilde.c
++ IFS=
++ read -r f
+++ sha256sum ./lib/tilde/tilde.h
+++ awk '{print $1}'
++ h=76ea2566b9045468f1ae1a0a97e62d765edcd642a2d1f12a62a6af1b4dfe9729
++ printf '%s  %s\n' 76ea2566b9045468f1ae1a0a97e62d765edcd642a2d1f12a62a6af1b4dfe9729 ./lib/tilde/tilde.h
++ IFS=
++ read -r f
+++ sha256sum ./list.c
+++ awk '{print $1}'
++ h=084b1fcf383dfb33e0217d89642a5845a245994ed9eda59ec2c098ed9d4a7058
++ printf '%s  %s\n' 084b1fcf383dfb33e0217d89642a5845a245994ed9eda59ec2c098ed9d4a7058 ./list.c
++ IFS=
++ read -r f
+++ sha256sum ./locale.c
+++ awk '{print $1}'
++ h=d9e9911b8b0e6cd3146349b69ec41488b76562169aee14bc36afef66ed0f1687
++ printf '%s  %s\n' d9e9911b8b0e6cd3146349b69ec41488b76562169aee14bc36afef66ed0f1687 ./locale.c
++ IFS=
++ read -r f
+++ sha256sum ./m4/bison.m4
+++ awk '{print $1}'
++ h=37ded99b0ad42fdc6b43c0b9a55e8b24207921c2da0e5a0dc51eb92b01fd7420
++ printf '%s  %s\n' 37ded99b0ad42fdc6b43c0b9a55e8b24207921c2da0e5a0dc51eb92b01fd7420 ./m4/bison.m4
++ IFS=
++ read -r f
+++ sha256sum ./m4/c-bool.m4
+++ awk '{print $1}'
++ h=05a304463b4c78a674844ae8bccf3a9b93fa796613e50577e479c0dc82131086
++ printf '%s  %s\n' 05a304463b4c78a674844ae8bccf3a9b93fa796613e50577e479c0dc82131086 ./m4/c-bool.m4
++ IFS=
++ read -r f
+++ sha256sum ./m4/codeset.m4
+++ awk '{print $1}'
++ h=9d1e9769b926dd55c599003b070a7dfd13922fd2b0e05d0d889dc76cf825f12a
++ printf '%s  %s\n' 9d1e9769b926dd55c599003b070a7dfd13922fd2b0e05d0d889dc76cf825f12a ./m4/codeset.m4
++ IFS=
++ read -r f
+++ sha256sum ./m4/d-type.m4
+++ awk '{print $1}'
++ h=042720b313ad3ec188d2108a64bcbbaa05bbbbcb86c702ac51c6c774c3b962b7
++ printf '%s  %s\n' 042720b313ad3ec188d2108a64bcbbaa05bbbbcb86c702ac51c6c774c3b962b7 ./m4/d-type.m4
++ IFS=
++ read -r f
+++ sha256sum ./m4/extern-inline.m4
+++ awk '{print $1}'
++ h=a50042856f9e5955b9be83febc89edb8a13b55c8c1dc9c28dbf5444cbf4db9a5
++ printf '%s  %s\n' a50042856f9e5955b9be83febc89edb8a13b55c8c1dc9c28dbf5444cbf4db9a5 ./m4/extern-inline.m4
++ IFS=
++ read -r f
+++ sha256sum ./m4/fcntl-o.m4
+++ awk '{print $1}'
++ h=c8b74d6722af6de0a9c601d25eb2f645e878f80bcc53f0aca900285a34ac85a9
++ printf '%s  %s\n' c8b74d6722af6de0a9c601d25eb2f645e878f80bcc53f0aca900285a34ac85a9 ./m4/fcntl-o.m4
++ IFS=
++ read -r f
+++ sha256sum ./m4/flexmember.m4
+++ awk '{print $1}'
++ h=aab2e21a96a658518f1ec619a3adbd73860bebd405ba011e3cce2f3d1e2af823
++ printf '%s  %s\n' aab2e21a96a658518f1ec619a3adbd73860bebd405ba011e3cce2f3d1e2af823 ./m4/flexmember.m4
++ IFS=
++ read -r f
+++ sha256sum ./m4/gettext.m4
+++ awk '{print $1}'
++ h=d9f3cffa31baed5d95e3caaebe1ed984ba0c6744e49ec0e1d468b0873f2dbd4c
++ printf '%s  %s\n' d9f3cffa31baed5d95e3caaebe1ed984ba0c6744e49ec0e1d468b0873f2dbd4c ./m4/gettext.m4
++ IFS=
++ read -r f
+++ sha256sum ./m4/glibc2.m4
+++ awk '{print $1}'
++ h=2793d3e96a5bc0b356579edfab821a012850575fb26e319c86176c04c1605da3
++ printf '%s  %s\n' 2793d3e96a5bc0b356579edfab821a012850575fb26e319c86176c04c1605da3 ./m4/glibc2.m4
++ IFS=
++ read -r f
+++ sha256sum ./m4/glibc21.m4
+++ awk '{print $1}'
++ h=810d84edc2c44f36a8b6c4d0087c4592fdb3fe1992e12d080b5c9ff4cbcd72ed
++ printf '%s  %s\n' 810d84edc2c44f36a8b6c4d0087c4592fdb3fe1992e12d080b5c9ff4cbcd72ed ./m4/glibc21.m4
++ IFS=
++ read -r f
+++ sha256sum ./m4/host-cpu-c-abi.m4
+++ awk '{print $1}'
++ h=5eef055dbae817ba5202f5f2e21de09a83a3038c20c76c70beb29f209c91862c
++ printf '%s  %s\n' 5eef055dbae817ba5202f5f2e21de09a83a3038c20c76c70beb29f209c91862c ./m4/host-cpu-c-abi.m4
++ IFS=
++ read -r f
+++ sha256sum ./m4/iconv.m4
+++ awk '{print $1}'
++ h=aae1623de9ce0897c3d462c2cf54009dfa83284da77ee4e09c905a344cab0098
++ printf '%s  %s\n' aae1623de9ce0897c3d462c2cf54009dfa83284da77ee4e09c905a344cab0098 ./m4/iconv.m4
++ IFS=
++ read -r f
+++ sha256sum ./m4/intdiv0.m4
+++ awk '{print $1}'
++ h=d0d934b4182a85eb85f9dc428e0e92d4e7d5a1b668d7a2b2c5d648695d2f5fed
++ printf '%s  %s\n' d0d934b4182a85eb85f9dc428e0e92d4e7d5a1b668d7a2b2c5d648695d2f5fed ./m4/intdiv0.m4
++ IFS=
++ read -r f
+++ sha256sum ./m4/intl-thread-locale.m4
+++ awk '{print $1}'
++ h=52f567269e7df5907c217caf431269c186aaab6847065dbec27fc98643899383
++ printf '%s  %s\n' 52f567269e7df5907c217caf431269c186aaab6847065dbec27fc98643899383 ./m4/intl-thread-locale.m4
++ IFS=
++ read -r f
+++ sha256sum ./m4/intl.m4
+++ awk '{print $1}'
++ h=a77540e6272e6a205ec18d5a8dda8f5e0a88ffc09d18154383df30c4633a1fa1
++ printf '%s  %s\n' a77540e6272e6a205ec18d5a8dda8f5e0a88ffc09d18154383df30c4633a1fa1 ./m4/intl.m4
++ IFS=
++ read -r f
+++ sha256sum ./m4/intlmacosx.m4
+++ awk '{print $1}'
++ h=5d1fab7b35ba339c342910ad389d9fbe5c4cbb4a9cd32041b2e96ff39f46f03e
++ printf '%s  %s\n' 5d1fab7b35ba339c342910ad389d9fbe5c4cbb4a9cd32041b2e96ff39f46f03e ./m4/intlmacosx.m4
++ IFS=
++ read -r f
+++ sha256sum ./m4/intmax.m4
+++ awk '{print $1}'
++ h=0e6c4627dd751342b9fc2fd389bb2b025c5ae732c6e722a90420bbea886335b8
++ printf '%s  %s\n' 0e6c4627dd751342b9fc2fd389bb2b025c5ae732c6e722a90420bbea886335b8 ./m4/intmax.m4
++ IFS=
++ read -r f
+++ sha256sum ./m4/inttypes-pri.m4
+++ awk '{print $1}'
++ h=0db40688d1cb4e4e5b7ea1dccfe31861ad6e28f8e831c6cf5ddb73609d7a26e2
++ printf '%s  %s\n' 0db40688d1cb4e4e5b7ea1dccfe31861ad6e28f8e831c6cf5ddb73609d7a26e2 ./m4/inttypes-pri.m4
++ IFS=
++ read -r f
+++ sha256sum ./m4/inttypes.m4
+++ awk '{print $1}'
++ h=dc6d3f53bdffd1075b85c8bc2df35dec2ac59766ca32f54a77437e48c16434b3
++ printf '%s  %s\n' dc6d3f53bdffd1075b85c8bc2df35dec2ac59766ca32f54a77437e48c16434b3 ./m4/inttypes.m4
++ IFS=
++ read -r f
+++ sha256sum ./m4/inttypes_h.m4
+++ awk '{print $1}'
++ h=b7eb67e3a27b11e4dfb3869f047127d7e4d6e1d00b0028a30be11b0dda69b233
++ printf '%s  %s\n' b7eb67e3a27b11e4dfb3869f047127d7e4d6e1d00b0028a30be11b0dda69b233 ./m4/inttypes_h.m4
++ IFS=
++ read -r f
+++ sha256sum ./m4/lcmessage.m4
+++ awk '{print $1}'
++ h=042803c3c4920b8110362a74134d56214944cf108784b92ab3043a3d396bab7e
++ printf '%s  %s\n' 042803c3c4920b8110362a74134d56214944cf108784b92ab3043a3d396bab7e ./m4/lcmessage.m4
++ IFS=
++ read -r f
+++ sha256sum ./m4/lib-ld.m4
+++ awk '{print $1}'
++ h=b7853a0d356ddb3060c00d64156818d96d0e9fdeed85ad2271e6a2b24087db07
++ printf '%s  %s\n' b7853a0d356ddb3060c00d64156818d96d0e9fdeed85ad2271e6a2b24087db07 ./m4/lib-ld.m4
++ IFS=
++ read -r f
+++ sha256sum ./m4/lib-link.m4
+++ awk '{print $1}'
++ h=e6513918faefddb5ad5908aea0936b2cfd71b5b51a0b7bbc731574bf45badb76
++ printf '%s  %s\n' e6513918faefddb5ad5908aea0936b2cfd71b5b51a0b7bbc731574bf45badb76 ./m4/lib-link.m4
++ IFS=
++ read -r f
+++ sha256sum ./m4/lib-prefix.m4
+++ awk '{print $1}'
++ h=36b7ae1fe87f41ae47490863d97ed934f85be73895b811016f8e3ae6467508cf
++ printf '%s  %s\n' 36b7ae1fe87f41ae47490863d97ed934f85be73895b811016f8e3ae6467508cf ./m4/lib-prefix.m4
++ IFS=
++ read -r f
+++ sha256sum ./m4/locale_h.m4
+++ awk '{print $1}'
++ h=c6b4a64da85370bcd4387616ec16e3a3d311fb57322af8d9b55e9f7583dbd427
++ printf '%s  %s\n' c6b4a64da85370bcd4387616ec16e3a3d311fb57322af8d9b55e9f7583dbd427 ./m4/locale_h.m4
++ IFS=
++ read -r f
+++ sha256sum ./m4/lock.m4
+++ awk '{print $1}'
++ h=bb34739d93660c36aa179b175254a015ea2231cae2065359569f39923b5e4fc6
++ printf '%s  %s\n' bb34739d93660c36aa179b175254a015ea2231cae2065359569f39923b5e4fc6 ./m4/lock.m4
++ IFS=
++ read -r f
+++ sha256sum ./m4/nls.m4
+++ awk '{print $1}'
++ h=dcd5942eb789cd490d599ee9d6de90f710596cee2b7954d1d262289bae574eba
++ printf '%s  %s\n' dcd5942eb789cd490d599ee9d6de90f710596cee2b7954d1d262289bae574eba ./m4/nls.m4
++ IFS=
++ read -r f
+++ sha256sum ./m4/po.m4
+++ awk '{print $1}'
++ h=4fb9601f074fd1a6ea27866bb1ad5880cb12b6835d84a90a49181b95839f79ad
++ printf '%s  %s\n' 4fb9601f074fd1a6ea27866bb1ad5880cb12b6835d84a90a49181b95839f79ad ./m4/po.m4
++ IFS=
++ read -r f
+++ sha256sum ./m4/printf-posix.m4
+++ awk '{print $1}'
++ h=bb73540fe641ee3a143bd988e4675acd2cf44d317de510b89e2753c6f963e971
++ printf '%s  %s\n' bb73540fe641ee3a143bd988e4675acd2cf44d317de510b89e2753c6f963e971 ./m4/printf-posix.m4
++ IFS=
++ read -r f
+++ sha256sum ./m4/progtest.m4
+++ awk '{print $1}'
++ h=4d4fbdf27dc06b518602ce93ad60d57ae5404da0ba786c363e67172bf41573eb
++ printf '%s  %s\n' 4d4fbdf27dc06b518602ce93ad60d57ae5404da0ba786c363e67172bf41573eb ./m4/progtest.m4
++ IFS=
++ read -r f
+++ sha256sum ./m4/pthread_rwlock_rdlock.m4
+++ awk '{print $1}'
++ h=453ccebfa55daa711ba3a5ab4c95ef8b1cc2fd1733b4cf48a54e9d6036a953fd
++ printf '%s  %s\n' 453ccebfa55daa711ba3a5ab4c95ef8b1cc2fd1733b4cf48a54e9d6036a953fd ./m4/pthread_rwlock_rdlock.m4
++ IFS=
++ read -r f
+++ sha256sum ./m4/size_max.m4
+++ awk '{print $1}'
++ h=2a2c21f1eaa3241c91e0b3d654270db9c3daeb6b85d446e77258f7ef1bebc363
++ printf '%s  %s\n' 2a2c21f1eaa3241c91e0b3d654270db9c3daeb6b85d446e77258f7ef1bebc363 ./m4/size_max.m4
++ IFS=
++ read -r f
+++ sha256sum ./m4/stat-time.m4
+++ awk '{print $1}'
++ h=3c84413e66225c0207d82a02aa56fb8ed3d83339900d5f8127daee05d73e445d
++ printf '%s  %s\n' 3c84413e66225c0207d82a02aa56fb8ed3d83339900d5f8127daee05d73e445d ./m4/stat-time.m4
++ IFS=
++ read -r f
+++ sha256sum ./m4/stdint_h.m4
+++ awk '{print $1}'
++ h=28e364dc25d8495ddda4587986db50b2bc39228d417e2e79d61f8bdf85bce058
++ printf '%s  %s\n' 28e364dc25d8495ddda4587986db50b2bc39228d417e2e79d61f8bdf85bce058 ./m4/stdint_h.m4
++ IFS=
++ read -r f
+++ sha256sum ./m4/strtoimax.m4
+++ awk '{print $1}'
++ h=94e678266a8368e46151bf7ebf9e2a0e2859e0169b09632d538e92c4a5b4343f
++ printf '%s  %s\n' 94e678266a8368e46151bf7ebf9e2a0e2859e0169b09632d538e92c4a5b4343f ./m4/strtoimax.m4
++ IFS=
++ read -r f
+++ sha256sum ./m4/threadlib.m4
+++ awk '{print $1}'
++ h=856c5a81ad4ae9d7cb8a9e18a2ec9dc5cddf09b91f127f1ddd54938c6f4218ab
++ printf '%s  %s\n' 856c5a81ad4ae9d7cb8a9e18a2ec9dc5cddf09b91f127f1ddd54938c6f4218ab ./m4/threadlib.m4
++ IFS=
++ read -r f
+++ sha256sum ./m4/timespec.m4
+++ awk '{print $1}'
++ h=864bc93a8da61259ea2d24310d484f719d2a1937b4049e79dad6824d73a8a2b7
++ printf '%s  %s\n' 864bc93a8da61259ea2d24310d484f719d2a1937b4049e79dad6824d73a8a2b7 ./m4/timespec.m4
++ IFS=
++ read -r f
+++ sha256sum ./m4/uintmax_t.m4
+++ awk '{print $1}'
++ h=171c95d4d693d6789f97fea31dd39e0337a2d41cb2b4300ec200e2f2172ee948
++ printf '%s  %s\n' 171c95d4d693d6789f97fea31dd39e0337a2d41cb2b4300ec200e2f2172ee948 ./m4/uintmax_t.m4
++ IFS=
++ read -r f
+++ sha256sum ./m4/ulonglong.m4
+++ awk '{print $1}'
++ h=8c3572391e9e7980a2c868be789a17362a4bdc682675c6ab34e858cf57185b17
++ printf '%s  %s\n' 8c3572391e9e7980a2c868be789a17362a4bdc682675c6ab34e858cf57185b17 ./m4/ulonglong.m4
++ IFS=
++ read -r f
+++ sha256sum ./m4/unlocked-io.m4
+++ awk '{print $1}'
++ h=db7bc43acc50cddb00c20cebffcd346f13aa1985a8d61d50844912cb5745c9e4
++ printf '%s  %s\n' db7bc43acc50cddb00c20cebffcd346f13aa1985a8d61d50844912cb5745c9e4 ./m4/unlocked-io.m4
++ IFS=
++ read -r f
+++ sha256sum ./m4/visibility.m4
+++ awk '{print $1}'
++ h=6de9f622521fa1677d76426e739fa7217cfae8ef851f1a070cf09ee52303d0c3
++ printf '%s  %s\n' 6de9f622521fa1677d76426e739fa7217cfae8ef851f1a070cf09ee52303d0c3 ./m4/visibility.m4
++ IFS=
++ read -r f
+++ sha256sum ./m4/wchar_t.m4
+++ awk '{print $1}'
++ h=3a8ced2e7f90d4a634475cbcea38ecc9b4d6f3b33421cbbd93031519a2dc3e18
++ printf '%s  %s\n' 3a8ced2e7f90d4a634475cbcea38ecc9b4d6f3b33421cbbd93031519a2dc3e18 ./m4/wchar_t.m4
++ IFS=
++ read -r f
+++ sha256sum ./m4/wint_t.m4
+++ awk '{print $1}'
++ h=d7c5b6ea18569d8e4d3e279bcc1d6b6d294d527e40ae57fd7c17c901b928fc31
++ printf '%s  %s\n' d7c5b6ea18569d8e4d3e279bcc1d6b6d294d527e40ae57fd7c17c901b928fc31 ./m4/wint_t.m4
++ IFS=
++ read -r f
+++ sha256sum ./m4/xsize.m4
+++ awk '{print $1}'
++ h=6b453ab737bb0c0ca1d065747851b4eb2caf61c864d7b8641d95587318334349
++ printf '%s  %s\n' 6b453ab737bb0c0ca1d065747851b4eb2caf61c864d7b8641d95587318334349 ./m4/xsize.m4
++ IFS=
++ read -r f
+++ sha256sum ./mailcheck.c
+++ awk '{print $1}'
++ h=f9cf802cd2b56399ee2cd186e1ef4c1af643e5b5d750e57888141a7f06eacf82
++ printf '%s  %s\n' f9cf802cd2b56399ee2cd186e1ef4c1af643e5b5d750e57888141a7f06eacf82 ./mailcheck.c
++ IFS=
++ read -r f
+++ sha256sum ./mailcheck.h
+++ awk '{print $1}'
++ h=3ca5edfcc19b37b9e0fa3257d88c2121b0e53b1c5029c528680be8c2eab3dbde
++ printf '%s  %s\n' 3ca5edfcc19b37b9e0fa3257d88c2121b0e53b1c5029c528680be8c2eab3dbde ./mailcheck.h
++ IFS=
++ read -r f
+++ sha256sum ./make_cmd.c
+++ awk '{print $1}'
++ h=28ac7f8ea09e23a80e316339845d398511555539e176c994a14e96cfa4dd5ff1
++ printf '%s  %s\n' 28ac7f8ea09e23a80e316339845d398511555539e176c994a14e96cfa4dd5ff1 ./make_cmd.c
++ IFS=
++ read -r f
+++ sha256sum ./make_cmd.h
+++ awk '{print $1}'
++ h=e77d1268c92ea390b6684f40048c32c26680a217c5a87244e47fa462736c886d
++ printf '%s  %s\n' e77d1268c92ea390b6684f40048c32c26680a217c5a87244e47fa462736c886d ./make_cmd.h
++ IFS=
++ read -r f
+++ sha256sum ./mksyntax.c
+++ awk '{print $1}'
++ h=6e9043888da602744864086c34cc8203243847415e94deea503406f30df14fb1
++ printf '%s  %s\n' 6e9043888da602744864086c34cc8203243847415e94deea503406f30df14fb1 ./mksyntax.c
++ IFS=
++ read -r f
+++ sha256sum ./nojobs.c
+++ awk '{print $1}'
++ h=969fc2b9f779cd45d2cc1ade347d408313634a88d7feddd1aad770d0ac79e754
++ printf '%s  %s\n' 969fc2b9f779cd45d2cc1ade347d408313634a88d7feddd1aad770d0ac79e754 ./nojobs.c
++ IFS=
++ read -r f
+++ sha256sum ./parse.y
+++ awk '{print $1}'
++ h=076a16d00c5b065137b3d2730d2b94a1f6c89a1bbb5d2f4bd72d31e00947e27f
++ printf '%s  %s\n' 076a16d00c5b065137b3d2730d2b94a1f6c89a1bbb5d2f4bd72d31e00947e27f ./parse.y
++ IFS=
++ read -r f
+++ sha256sum ./parser-built
+++ awk '{print $1}'
++ h=5732e888d67e969601f4a1fe6f8c418d2754490936eeeaa4fbe7be44a598993b
++ printf '%s  %s\n' 5732e888d67e969601f4a1fe6f8c418d2754490936eeeaa4fbe7be44a598993b ./parser-built
++ IFS=
++ read -r f
+++ sha256sum ./parser.h
+++ awk '{print $1}'
++ h=087545c54dae1520dd95b5963398b35f6b55498c910d21ceefb632108465e9a8
++ printf '%s  %s\n' 087545c54dae1520dd95b5963398b35f6b55498c910d21ceefb632108465e9a8 ./parser.h
++ IFS=
++ read -r f
+++ sha256sum ./patchlevel.h
+++ awk '{print $1}'
++ h=b6b424f53c47b063c6c203ec305c588299faf1ee794a407bb4c7ad02c427245a
++ printf '%s  %s\n' b6b424f53c47b063c6c203ec305c588299faf1ee794a407bb4c7ad02c427245a ./patchlevel.h
++ IFS=
++ read -r f
+++ sha256sum ./pathexp.c
+++ awk '{print $1}'
++ h=35f069f1edc320fde65a212974e78ee6ef3c2e2aba56c1cb267f819e58149a5e
++ printf '%s  %s\n' 35f069f1edc320fde65a212974e78ee6ef3c2e2aba56c1cb267f819e58149a5e ./pathexp.c
++ IFS=
++ read -r f
+++ sha256sum ./pathexp.h
+++ awk '{print $1}'
++ h=413dc1e1eee11b2ac1cb452b2a6db9becabb2531737542a51e0fd5d6aa342dca
++ printf '%s  %s\n' 413dc1e1eee11b2ac1cb452b2a6db9becabb2531737542a51e0fd5d6aa342dca ./pathexp.h
++ IFS=
++ read -r f
+++ sha256sum ./pathnames.h.in
+++ awk '{print $1}'
++ h=647fed384411bedd5f5ef8ca2b2dfa62e2173368caae09245d78f1713d46e09d
++ printf '%s  %s\n' 647fed384411bedd5f5ef8ca2b2dfa62e2173368caae09245d78f1713d46e09d ./pathnames.h.in
++ IFS=
++ read -r f
+++ sha256sum ./pcomplete.c
+++ awk '{print $1}'
++ h=d6619d74b807fd9c19408b75f48509f191ee883603863cd57ce7cf699c6db0b8
++ printf '%s  %s\n' d6619d74b807fd9c19408b75f48509f191ee883603863cd57ce7cf699c6db0b8 ./pcomplete.c
++ IFS=
++ read -r f
+++ sha256sum ./pcomplete.h
+++ awk '{print $1}'
++ h=7e08fe4e956b8d4e5d68a7e8f9d5a88f92224cbcefceee44280cd153ba0ab3b9
++ printf '%s  %s\n' 7e08fe4e956b8d4e5d68a7e8f9d5a88f92224cbcefceee44280cd153ba0ab3b9 ./pcomplete.h
++ IFS=
++ read -r f
+++ sha256sum ./pcomplib.c
+++ awk '{print $1}'
++ h=0bb97ffbef6ae23592cf1c7716e4a5b897a583d4d9730c85ac9c3bd71e3487e3
++ printf '%s  %s\n' 0bb97ffbef6ae23592cf1c7716e4a5b897a583d4d9730c85ac9c3bd71e3487e3 ./pcomplib.c
++ IFS=
++ read -r f
+++ sha256sum ./po/LINGUAS
+++ awk '{print $1}'
++ h=deb652000228a309ec5e2a94e54141d3cec08774db31026522fcb777603447e6
++ printf '%s  %s\n' deb652000228a309ec5e2a94e54141d3cec08774db31026522fcb777603447e6 ./po/LINGUAS
++ IFS=
++ read -r f
+++ sha256sum ./po/Makefile.in.in
+++ awk '{print $1}'
++ h=ba3b8e9e8002211fbeb5bafd22cfd7219382c91d7d59cf24084c892d97d40ac1
++ printf '%s  %s\n' ba3b8e9e8002211fbeb5bafd22cfd7219382c91d7d59cf24084c892d97d40ac1 ./po/Makefile.in.in
++ IFS=
++ read -r f
+++ sha256sum ./po/Makevars
+++ awk '{print $1}'
++ h=78dd2a2cbab1e452b560be6ca57d23e943d8f8d9fd8fd7d80b3f0d992f2d3207
++ printf '%s  %s\n' 78dd2a2cbab1e452b560be6ca57d23e943d8f8d9fd8fd7d80b3f0d992f2d3207 ./po/Makevars
++ IFS=
++ read -r f
+++ sha256sum ./po/POTFILES.in
+++ awk '{print $1}'
++ h=ac39629735afb3eaab51c6e1a139e17a3878dc242ef0ec408553f22436c0baed
++ printf '%s  %s\n' ac39629735afb3eaab51c6e1a139e17a3878dc242ef0ec408553f22436c0baed ./po/POTFILES.in
++ IFS=
++ read -r f
+++ sha256sum ./po/README
+++ awk '{print $1}'
++ h=00058c93e77782c82ec0f02c692d942bbac04a7c257ce736fc42296f494c0027
++ printf '%s  %s\n' 00058c93e77782c82ec0f02c692d942bbac04a7c257ce736fc42296f494c0027 ./po/README
++ IFS=
++ read -r f
+++ sha256sum ./po/Rules-builtins
+++ awk '{print $1}'
++ h=9a93be1a7c0bcd051eb3dbe3db47fce1c71c62462d26cfea538a601c43233940
++ printf '%s  %s\n' 9a93be1a7c0bcd051eb3dbe3db47fce1c71c62462d26cfea538a601c43233940 ./po/Rules-builtins
++ IFS=
++ read -r f
+++ sha256sum ./po/Rules-quot
+++ awk '{print $1}'
++ h=635e263304045ff9db6111ef3a69330606ce4e659ae48bebddfc48f58d537617
++ printf '%s  %s\n' 635e263304045ff9db6111ef3a69330606ce4e659ae48bebddfc48f58d537617 ./po/Rules-quot
++ IFS=
++ read -r f
+++ sha256sum ./po/af.gmo
+++ awk '{print $1}'
++ h=052d862b0c7cc51b401e6d9b261ceb8842a1e6cf22127db67499e3c479e3d26f
++ printf '%s  %s\n' 052d862b0c7cc51b401e6d9b261ceb8842a1e6cf22127db67499e3c479e3d26f ./po/af.gmo
++ IFS=
++ read -r f
+++ sha256sum ./po/af.po
+++ awk '{print $1}'
++ h=096d4f3679485c7e68fb4b0a859bd404e46ba8ab9fb4894fac5e1237d730d13c
++ printf '%s  %s\n' 096d4f3679485c7e68fb4b0a859bd404e46ba8ab9fb4894fac5e1237d730d13c ./po/af.po
++ IFS=
++ read -r f
+++ sha256sum ./po/bash.pot
+++ awk '{print $1}'
++ h=111bee3aebcd30795e4380c5a4a4747d1ea31576ef9936173292b75d1674b60e
++ printf '%s  %s\n' 111bee3aebcd30795e4380c5a4a4747d1ea31576ef9936173292b75d1674b60e ./po/bash.pot
++ IFS=
++ read -r f
+++ sha256sum ./po/bg.gmo
+++ awk '{print $1}'
++ h=7cf93f86b0b15374b36e846593a7638f5f376c69d82b196f1aafd5a21402510f
++ printf '%s  %s\n' 7cf93f86b0b15374b36e846593a7638f5f376c69d82b196f1aafd5a21402510f ./po/bg.gmo
++ IFS=
++ read -r f
+++ sha256sum ./po/bg.po
+++ awk '{print $1}'
++ h=7827d4a24832eca98ac2132407f219ff16700942a1c0ad348531a70e253d0555
++ printf '%s  %s\n' 7827d4a24832eca98ac2132407f219ff16700942a1c0ad348531a70e253d0555 ./po/bg.po
++ IFS=
++ read -r f
+++ sha256sum ./po/boldquot.sed
+++ awk '{print $1}'
++ h=33234736a58f1610c73e1c8c08faf1b2ef1397d878dd7d2cbd888ca0f2da4ffc
++ printf '%s  %s\n' 33234736a58f1610c73e1c8c08faf1b2ef1397d878dd7d2cbd888ca0f2da4ffc ./po/boldquot.sed
++ IFS=
++ read -r f
+++ sha256sum ./po/ca.gmo
+++ awk '{print $1}'
++ h=5cd7b6a86a1578c9e2f542346e1f6e5e415de8c557f58b820f50e98e5d769fbc
++ printf '%s  %s\n' 5cd7b6a86a1578c9e2f542346e1f6e5e415de8c557f58b820f50e98e5d769fbc ./po/ca.gmo
++ IFS=
++ read -r f
+++ sha256sum ./po/ca.po
+++ awk '{print $1}'
++ h=08515e440c826afae94538c81d061a1d7f9fed4bec570e1fa4a95369de4ce818
++ printf '%s  %s\n' 08515e440c826afae94538c81d061a1d7f9fed4bec570e1fa4a95369de4ce818 ./po/ca.po
++ IFS=
++ read -r f
+++ sha256sum ./po/cs.gmo
+++ awk '{print $1}'
++ h=b34acb20879d0e617c9febcf1314ba216138eaab672e955651f87a05c48ee155
++ printf '%s  %s\n' b34acb20879d0e617c9febcf1314ba216138eaab672e955651f87a05c48ee155 ./po/cs.gmo
++ IFS=
++ read -r f
+++ sha256sum ./po/cs.po
+++ awk '{print $1}'
++ h=bf01616da122025024250334d90a4410e0610a5ed1b1e24d6b8bf1b41176c001
++ printf '%s  %s\n' bf01616da122025024250334d90a4410e0610a5ed1b1e24d6b8bf1b41176c001 ./po/cs.po
++ IFS=
++ read -r f
+++ sha256sum ./po/da.gmo
+++ awk '{print $1}'
++ h=65ef69ad05f96da1e3c6bb6b253947523f3eb9c392e1fd13533286fbc313901c
++ printf '%s  %s\n' 65ef69ad05f96da1e3c6bb6b253947523f3eb9c392e1fd13533286fbc313901c ./po/da.gmo
++ IFS=
++ read -r f
+++ sha256sum ./po/da.po
+++ awk '{print $1}'
++ h=ef86b8e003437420e3d89cd18eaf1e78bab91cd0fb8be2714e4adc96a0132482
++ printf '%s  %s\n' ef86b8e003437420e3d89cd18eaf1e78bab91cd0fb8be2714e4adc96a0132482 ./po/da.po
++ IFS=
++ read -r f
+++ sha256sum ./po/de.gmo
+++ awk '{print $1}'
++ h=e5f534536b7a2a8f84f66a62fe32240a6d7d22873db56d84ba69cef93ddaecf8
++ printf '%s  %s\n' e5f534536b7a2a8f84f66a62fe32240a6d7d22873db56d84ba69cef93ddaecf8 ./po/de.gmo
++ IFS=
++ read -r f
+++ sha256sum ./po/de.po
+++ awk '{print $1}'
++ h=70dfabd57124112d52de00b9470b5d08de67fc812acaab97171db8cf0a748914
++ printf '%s  %s\n' 70dfabd57124112d52de00b9470b5d08de67fc812acaab97171db8cf0a748914 ./po/de.po
++ IFS=
++ read -r f
+++ sha256sum ./po/el.gmo
+++ awk '{print $1}'
++ h=4e7a21f92e762cd729a81916d2c61e5b9e30492883c8e73234b0e6a525ae2973
++ printf '%s  %s\n' 4e7a21f92e762cd729a81916d2c61e5b9e30492883c8e73234b0e6a525ae2973 ./po/el.gmo
++ IFS=
++ read -r f
+++ sha256sum ./po/el.po
+++ awk '{print $1}'
++ h=165dd5006f1beab90166478eb35501034e49fe68d2113c76b98272d883662951
++ printf '%s  %s\n' 165dd5006f1beab90166478eb35501034e49fe68d2113c76b98272d883662951 ./po/el.po
++ IFS=
++ read -r f
+++ sha256sum ./po/en@boldquot.gmo
+++ awk '{print $1}'
++ h=165af15b504a082c3f8d81c7b1d9bdf9caafb5cca8bb20e90a1987d77af6bbfd
++ printf '%s  %s\n' 165af15b504a082c3f8d81c7b1d9bdf9caafb5cca8bb20e90a1987d77af6bbfd ./po/en@boldquot.gmo
++ IFS=
++ read -r f
+++ sha256sum ./po/en@boldquot.header
+++ awk '{print $1}'
++ h=3b0b89aa6625c051e69cce1e341f973f62ca94aff62cbb36b4a452ce67eb261c
++ printf '%s  %s\n' 3b0b89aa6625c051e69cce1e341f973f62ca94aff62cbb36b4a452ce67eb261c ./po/en@boldquot.header
++ IFS=
++ read -r f
+++ sha256sum ./po/en@boldquot.po
+++ awk '{print $1}'
++ h=a5a840c4ca810c6eb3aabbb432f060e4b8df22a41701ad4b5de3871759dc15e5
++ printf '%s  %s\n' a5a840c4ca810c6eb3aabbb432f060e4b8df22a41701ad4b5de3871759dc15e5 ./po/en@boldquot.po
++ IFS=
++ read -r f
+++ sha256sum ./po/en@quot.gmo
+++ awk '{print $1}'
++ h=2dd5196b9f028d850edf075d4bee1e240e2b5073d28ec1c05f706e08438aa345
++ printf '%s  %s\n' 2dd5196b9f028d850edf075d4bee1e240e2b5073d28ec1c05f706e08438aa345 ./po/en@quot.gmo
++ IFS=
++ read -r f
+++ sha256sum ./po/en@quot.header
+++ awk '{print $1}'
++ h=90e35325bf9b6b9562bd0882128ea4650b65c9389b35edf9ff534dc3a48e8bed
++ printf '%s  %s\n' 90e35325bf9b6b9562bd0882128ea4650b65c9389b35edf9ff534dc3a48e8bed ./po/en@quot.header
++ IFS=
++ read -r f
+++ sha256sum ./po/en@quot.po
+++ awk '{print $1}'
++ h=381409bfa51354f44a393e1681cfd2b132d372e5592d7f67d31cb3e214499343
++ printf '%s  %s\n' 381409bfa51354f44a393e1681cfd2b132d372e5592d7f67d31cb3e214499343 ./po/en@quot.po
++ IFS=
++ read -r f
+++ sha256sum ./po/eo.gmo
+++ awk '{print $1}'
++ h=08c37e5fe3aff8e97960d75db9812a7dd352a50fadb844b430938731cd536069
++ printf '%s  %s\n' 08c37e5fe3aff8e97960d75db9812a7dd352a50fadb844b430938731cd536069 ./po/eo.gmo
++ IFS=
++ read -r f
+++ sha256sum ./po/eo.po
+++ awk '{print $1}'
++ h=f9fd892f8b4fe0caa0571910098e4b92729f7ec8cee9d6303cd65303e2b1962e
++ printf '%s  %s\n' f9fd892f8b4fe0caa0571910098e4b92729f7ec8cee9d6303cd65303e2b1962e ./po/eo.po
++ IFS=
++ read -r f
+++ sha256sum ./po/es.gmo
+++ awk '{print $1}'
++ h=2975e2a6c3a742fec6ddb3a172e164cf8b340569bd4676b9f78472621339a59e
++ printf '%s  %s\n' 2975e2a6c3a742fec6ddb3a172e164cf8b340569bd4676b9f78472621339a59e ./po/es.gmo
++ IFS=
++ read -r f
+++ sha256sum ./po/es.po
+++ awk '{print $1}'
++ h=70acd97ed5d826c82e52a47f6cc938713506371a2272ee6a13e56b01f52c76f3
++ printf '%s  %s\n' 70acd97ed5d826c82e52a47f6cc938713506371a2272ee6a13e56b01f52c76f3 ./po/es.po
++ IFS=
++ read -r f
+++ sha256sum ./po/et.gmo
+++ awk '{print $1}'
++ h=20d873ec22c8b8d24b94c9389af552cccd8f7e1e3fec89da5ac03901df5895b2
++ printf '%s  %s\n' 20d873ec22c8b8d24b94c9389af552cccd8f7e1e3fec89da5ac03901df5895b2 ./po/et.gmo
++ IFS=
++ read -r f
+++ sha256sum ./po/et.po
+++ awk '{print $1}'
++ h=ab78d6cf2e070113484e317a55ebef5828c83c0ac81a5e855d7de8e4a3b2b55e
++ printf '%s  %s\n' ab78d6cf2e070113484e317a55ebef5828c83c0ac81a5e855d7de8e4a3b2b55e ./po/et.po
++ IFS=
++ read -r f
+++ sha256sum ./po/fi.gmo
+++ awk '{print $1}'
++ h=32e48f3ee9c6ac34b266645ba7aa220292754ce628325b204ceaca0a2db91f1b
++ printf '%s  %s\n' 32e48f3ee9c6ac34b266645ba7aa220292754ce628325b204ceaca0a2db91f1b ./po/fi.gmo
++ IFS=
++ read -r f
+++ sha256sum ./po/fi.po
+++ awk '{print $1}'
++ h=a4030cc0bab62ef52c2e65ad9b853fa60760327f9ddaf680fa1c4763fe39ce13
++ printf '%s  %s\n' a4030cc0bab62ef52c2e65ad9b853fa60760327f9ddaf680fa1c4763fe39ce13 ./po/fi.po
++ IFS=
++ read -r f
+++ sha256sum ./po/fr.gmo
+++ awk '{print $1}'
++ h=fe88029876d61cef07beea9344cb579dbd6b592079f7f3a7d6b1cd46bde9e6a4
++ printf '%s  %s\n' fe88029876d61cef07beea9344cb579dbd6b592079f7f3a7d6b1cd46bde9e6a4 ./po/fr.gmo
++ IFS=
++ read -r f
+++ sha256sum ./po/fr.po
+++ awk '{print $1}'
++ h=e6e63243e1b1ce85ae2e0f1e69bf800179b13253040bdbc9be64984a39f17b28
++ printf '%s  %s\n' e6e63243e1b1ce85ae2e0f1e69bf800179b13253040bdbc9be64984a39f17b28 ./po/fr.po
++ IFS=
++ read -r f
+++ sha256sum ./po/ga.gmo
+++ awk '{print $1}'
++ h=57e47b9137642888e4a58265fb7cba70c670f650438495fb3ffbab5a4a8a5438
++ printf '%s  %s\n' 57e47b9137642888e4a58265fb7cba70c670f650438495fb3ffbab5a4a8a5438 ./po/ga.gmo
++ IFS=
++ read -r f
+++ sha256sum ./po/ga.po
+++ awk '{print $1}'
++ h=62ce44be0258631de65699adf96d08c6f41aa8906188aab282ddabe65bf41d00
++ printf '%s  %s\n' 62ce44be0258631de65699adf96d08c6f41aa8906188aab282ddabe65bf41d00 ./po/ga.po
++ IFS=
++ read -r f
+++ sha256sum ./po/gl.gmo
+++ awk '{print $1}'
++ h=63845467029bd90dfc3210fbb95d83a792938bb2f864a2c8538130b7c0f2c8bc
++ printf '%s  %s\n' 63845467029bd90dfc3210fbb95d83a792938bb2f864a2c8538130b7c0f2c8bc ./po/gl.gmo
++ IFS=
++ read -r f
+++ sha256sum ./po/gl.po
+++ awk '{print $1}'
++ h=cd693fdbb8807dc442a7e1b57c650ab9a1a452e9bf303c9d53fd9c4e6388a88f
++ printf '%s  %s\n' cd693fdbb8807dc442a7e1b57c650ab9a1a452e9bf303c9d53fd9c4e6388a88f ./po/gl.po
++ IFS=
++ read -r f
+++ sha256sum ./po/hr.gmo
+++ awk '{print $1}'
++ h=81d6a15bf4c9ec83f147e13b55786e138898d6606d60bd4044849779d1296437
++ printf '%s  %s\n' 81d6a15bf4c9ec83f147e13b55786e138898d6606d60bd4044849779d1296437 ./po/hr.gmo
++ IFS=
++ read -r f
+++ sha256sum ./po/hr.po
+++ awk '{print $1}'
++ h=ea319d5ea9db08f063243ce63cdf6c84ff518e447d6c83bb605f11fa509c4cc6
++ printf '%s  %s\n' ea319d5ea9db08f063243ce63cdf6c84ff518e447d6c83bb605f11fa509c4cc6 ./po/hr.po
++ IFS=
++ read -r f
+++ sha256sum ./po/hu.gmo
+++ awk '{print $1}'
++ h=322f0a819ef2a10d25f6483884e85e7af59b0d73c1b7989a23472ebd051d4686
++ printf '%s  %s\n' 322f0a819ef2a10d25f6483884e85e7af59b0d73c1b7989a23472ebd051d4686 ./po/hu.gmo
++ IFS=
++ read -r f
+++ sha256sum ./po/hu.po
+++ awk '{print $1}'
++ h=609ebe3270edd5d033597caa714fac2de6dd0ef80a32aa6806257b144629dbeb
++ printf '%s  %s\n' 609ebe3270edd5d033597caa714fac2de6dd0ef80a32aa6806257b144629dbeb ./po/hu.po
++ IFS=
++ read -r f
+++ sha256sum ./po/id.gmo
+++ awk '{print $1}'
++ h=9f007d9d964d72651cd28ca2d87be6bc7a22eaa4f449261e8c0c85c30b72cc2e
++ printf '%s  %s\n' 9f007d9d964d72651cd28ca2d87be6bc7a22eaa4f449261e8c0c85c30b72cc2e ./po/id.gmo
++ IFS=
++ read -r f
+++ sha256sum ./po/id.po
+++ awk '{print $1}'
++ h=bdbdb36077569751ec3855e7c5e02b00a3673f516dd52ee2e952ef2a90de6f05
++ printf '%s  %s\n' bdbdb36077569751ec3855e7c5e02b00a3673f516dd52ee2e952ef2a90de6f05 ./po/id.po
++ IFS=
++ read -r f
+++ sha256sum ./po/insert-header.sin
+++ awk '{print $1}'
++ h=73e650aeccc3ef0a7c2e1bbab934b0882b61f19569e96e4615d069dc50b6becd
++ printf '%s  %s\n' 73e650aeccc3ef0a7c2e1bbab934b0882b61f19569e96e4615d069dc50b6becd ./po/insert-header.sin
++ IFS=
++ read -r f
+++ sha256sum ./po/it.gmo
+++ awk '{print $1}'
++ h=0f8a4709db67ff45cdf3e9c50e96462eff3aa335b9d62051dee634eee3a16afd
++ printf '%s  %s\n' 0f8a4709db67ff45cdf3e9c50e96462eff3aa335b9d62051dee634eee3a16afd ./po/it.gmo
++ IFS=
++ read -r f
+++ sha256sum ./po/it.po
+++ awk '{print $1}'
++ h=7081cc453a7fa5beebe54faa5f570ad7d598ce7b7a2da3646cbe8acd24f9827c
++ printf '%s  %s\n' 7081cc453a7fa5beebe54faa5f570ad7d598ce7b7a2da3646cbe8acd24f9827c ./po/it.po
++ IFS=
++ read -r f
+++ sha256sum ./po/ja.gmo
+++ awk '{print $1}'
++ h=b4ac9e0e04e28f91f20fd11c7a0c6b6140386a65b909acc271f06707a4cd05af
++ printf '%s  %s\n' b4ac9e0e04e28f91f20fd11c7a0c6b6140386a65b909acc271f06707a4cd05af ./po/ja.gmo
++ IFS=
++ read -r f
+++ sha256sum ./po/ja.po
+++ awk '{print $1}'
++ h=8da90129172a1fba26e9a81d0097043d4187491ca93939487af40c15f031ac86
++ printf '%s  %s\n' 8da90129172a1fba26e9a81d0097043d4187491ca93939487af40c15f031ac86 ./po/ja.po
++ IFS=
++ read -r f
+++ sha256sum ./po/ka.gmo
+++ awk '{print $1}'
++ h=d75d1ec0c575c3c6255c0fd5427b23d3e672a82054170579724a9fb79cbd4dfa
++ printf '%s  %s\n' d75d1ec0c575c3c6255c0fd5427b23d3e672a82054170579724a9fb79cbd4dfa ./po/ka.gmo
++ IFS=
++ read -r f
+++ sha256sum ./po/ka.po
+++ awk '{print $1}'
++ h=702519d3f1a17991f6fa5f13dae07284c55bea4859e31882c2c283a139847730
++ printf '%s  %s\n' 702519d3f1a17991f6fa5f13dae07284c55bea4859e31882c2c283a139847730 ./po/ka.po
++ IFS=
++ read -r f
+++ sha256sum ./po/ko.gmo
+++ awk '{print $1}'
++ h=16aeaff4d13d4bee13090674cb43e1b10023c8c46c08cb64c877ff97a9dd8cc7
++ printf '%s  %s\n' 16aeaff4d13d4bee13090674cb43e1b10023c8c46c08cb64c877ff97a9dd8cc7 ./po/ko.gmo
++ IFS=
++ read -r f
+++ sha256sum ./po/ko.po
+++ awk '{print $1}'
++ h=5a204042f49a70f4661fdb7318239c05e8523918b8e327e506589aee1f39db60
++ printf '%s  %s\n' 5a204042f49a70f4661fdb7318239c05e8523918b8e327e506589aee1f39db60 ./po/ko.po
++ IFS=
++ read -r f
+++ sha256sum ./po/lt.gmo
+++ awk '{print $1}'
++ h=ad2e451bd88f90f25601d6c3b744fe6b3e6672344ae3b426b5a801f2cd69c7bc
++ printf '%s  %s\n' ad2e451bd88f90f25601d6c3b744fe6b3e6672344ae3b426b5a801f2cd69c7bc ./po/lt.gmo
++ IFS=
++ read -r f
+++ sha256sum ./po/lt.po
+++ awk '{print $1}'
++ h=36a4ef5d2736b9b6ca974c5bca934653a4242be7330d9e63313d59c1de2f3278
++ printf '%s  %s\n' 36a4ef5d2736b9b6ca974c5bca934653a4242be7330d9e63313d59c1de2f3278 ./po/lt.po
++ IFS=
++ read -r f
+++ sha256sum ./po/nb.gmo
+++ awk '{print $1}'
++ h=49b7e31bad92c0e32046a54cf169870a043c6ec57d78a78e6bd1a2eb59dd8c9e
++ printf '%s  %s\n' 49b7e31bad92c0e32046a54cf169870a043c6ec57d78a78e6bd1a2eb59dd8c9e ./po/nb.gmo
++ IFS=
++ read -r f
+++ sha256sum ./po/nb.po
+++ awk '{print $1}'
++ h=9bb61de9d337f4b904a18a6131028b7fa9a5791072f6c304ec2a5187334f8e64
++ printf '%s  %s\n' 9bb61de9d337f4b904a18a6131028b7fa9a5791072f6c304ec2a5187334f8e64 ./po/nb.po
++ IFS=
++ read -r f
+++ sha256sum ./po/nl.gmo
+++ awk '{print $1}'
++ h=302272c10f6ab91e05dbafa6e341716014e62566873109fa5aa2382d94a5e663
++ printf '%s  %s\n' 302272c10f6ab91e05dbafa6e341716014e62566873109fa5aa2382d94a5e663 ./po/nl.gmo
++ IFS=
++ read -r f
+++ sha256sum ./po/nl.po
+++ awk '{print $1}'
++ h=eb0ecd88d6c6ddad50db4f95fc5e96f60510c0d746fa41302e54ea96f7e2497d
++ printf '%s  %s\n' eb0ecd88d6c6ddad50db4f95fc5e96f60510c0d746fa41302e54ea96f7e2497d ./po/nl.po
++ IFS=
++ read -r f
+++ sha256sum ./po/pl.gmo
+++ awk '{print $1}'
++ h=d5c75d442a39991044d4df8fa4fcb8f77cc009dc7dd9c2da6e1bd57ff8e649d2
++ printf '%s  %s\n' d5c75d442a39991044d4df8fa4fcb8f77cc009dc7dd9c2da6e1bd57ff8e649d2 ./po/pl.gmo
++ IFS=
++ read -r f
+++ sha256sum ./po/pl.po
+++ awk '{print $1}'
++ h=1e5365ffde77876a6e9b61c410fba9c8112b471cbb68caf75d74a8041c85f673
++ printf '%s  %s\n' 1e5365ffde77876a6e9b61c410fba9c8112b471cbb68caf75d74a8041c85f673 ./po/pl.po
++ IFS=
++ read -r f
+++ sha256sum ./po/pt.gmo
+++ awk '{print $1}'
++ h=ce78e2981523565a801004a0c327877d60009b7cf61475098933d0d3728be19f
++ printf '%s  %s\n' ce78e2981523565a801004a0c327877d60009b7cf61475098933d0d3728be19f ./po/pt.gmo
++ IFS=
++ read -r f
+++ sha256sum ./po/pt.po
+++ awk '{print $1}'
++ h=d6b33c2597cdee137b4df0334df401174c5923a7327071cdd5a9b9b43d3a9565
++ printf '%s  %s\n' d6b33c2597cdee137b4df0334df401174c5923a7327071cdd5a9b9b43d3a9565 ./po/pt.po
++ IFS=
++ read -r f
+++ sha256sum ./po/pt_BR.gmo
+++ awk '{print $1}'
++ h=7e2c259344b24cffbb374e49de1f0b9fc5a89ff1e98c77197e157444c9c4b2dd
++ printf '%s  %s\n' 7e2c259344b24cffbb374e49de1f0b9fc5a89ff1e98c77197e157444c9c4b2dd ./po/pt_BR.gmo
++ IFS=
++ read -r f
+++ sha256sum ./po/pt_BR.po
+++ awk '{print $1}'
++ h=c4322326110929c911fda01d6296d2aef236fb32c94246fdb1637c460f8c54cb
++ printf '%s  %s\n' c4322326110929c911fda01d6296d2aef236fb32c94246fdb1637c460f8c54cb ./po/pt_BR.po
++ IFS=
++ read -r f
+++ sha256sum ./po/quot.sed
+++ awk '{print $1}'
++ h=d19ab2cc69000c1206f1b8460952857f05d154158da8b89273ac2900a5c80ec0
++ printf '%s  %s\n' d19ab2cc69000c1206f1b8460952857f05d154158da8b89273ac2900a5c80ec0 ./po/quot.sed
++ IFS=
++ read -r f
+++ sha256sum ./po/remove-potcdate.sin
+++ awk '{print $1}'
++ h=9a36cf3e93b6374521c81fa4f302350d3c04b95573f5570717284107689188e6
++ printf '%s  %s\n' 9a36cf3e93b6374521c81fa4f302350d3c04b95573f5570717284107689188e6 ./po/remove-potcdate.sin
++ IFS=
++ read -r f
+++ sha256sum ./po/ro.gmo
+++ awk '{print $1}'
++ h=08a9e628435f2b94bab77270eef99fe4740d43a75171df3e177ff8433a7bb0a8
++ printf '%s  %s\n' 08a9e628435f2b94bab77270eef99fe4740d43a75171df3e177ff8433a7bb0a8 ./po/ro.gmo
++ IFS=
++ read -r f
+++ sha256sum ./po/ro.po
+++ awk '{print $1}'
++ h=32c2bf0b6c400a52e71bf272275a7293cdd39c99d68498b7c55fada12e5de13f
++ printf '%s  %s\n' 32c2bf0b6c400a52e71bf272275a7293cdd39c99d68498b7c55fada12e5de13f ./po/ro.po
++ IFS=
++ read -r f
+++ sha256sum ./po/ru.gmo
+++ awk '{print $1}'
++ h=152d9ae0666682c6ba97b77fa925fd34e098b947e5dc86921e7882a2bcd6ef66
++ printf '%s  %s\n' 152d9ae0666682c6ba97b77fa925fd34e098b947e5dc86921e7882a2bcd6ef66 ./po/ru.gmo
++ IFS=
++ read -r f
+++ sha256sum ./po/ru.po
+++ awk '{print $1}'
++ h=a1d7fef78fb59cd02a9eaea19ce77ca33c29ea84d2b106c2cf77abe8d5348021
++ printf '%s  %s\n' a1d7fef78fb59cd02a9eaea19ce77ca33c29ea84d2b106c2cf77abe8d5348021 ./po/ru.po
++ IFS=
++ read -r f
+++ sha256sum ./po/sk.gmo
+++ awk '{print $1}'
++ h=9cb0e7ffa345484cfd79c025724f0d22b74f446ac9eb890c4726bb3ab30c8156
++ printf '%s  %s\n' 9cb0e7ffa345484cfd79c025724f0d22b74f446ac9eb890c4726bb3ab30c8156 ./po/sk.gmo
++ IFS=
++ read -r f
+++ sha256sum ./po/sk.po
+++ awk '{print $1}'
++ h=6c6ad71e989825e1ffdfc03ff273d15cf0998fec5ab7d917dfa91d3f4bdd9eb1
++ printf '%s  %s\n' 6c6ad71e989825e1ffdfc03ff273d15cf0998fec5ab7d917dfa91d3f4bdd9eb1 ./po/sk.po
++ IFS=
++ read -r f
+++ sha256sum ./po/sl.gmo
+++ awk '{print $1}'
++ h=472eab42e4c1f3d71ab65040caeec9df927e7827c36099898f47ac74bfadf76c
++ printf '%s  %s\n' 472eab42e4c1f3d71ab65040caeec9df927e7827c36099898f47ac74bfadf76c ./po/sl.gmo
++ IFS=
++ read -r f
+++ sha256sum ./po/sl.po
+++ awk '{print $1}'
++ h=7a62c20b68a4dd4984ec40732d6ab108e38483ae76ed20a258a0bccff13b3e49
++ printf '%s  %s\n' 7a62c20b68a4dd4984ec40732d6ab108e38483ae76ed20a258a0bccff13b3e49 ./po/sl.po
++ IFS=
++ read -r f
+++ sha256sum ./po/sq.gmo
+++ awk '{print $1}'
++ h=4c4fa953f3bed011cc36932d626580bd6ab9183a0d86789f8d6db061b4a9d74b
++ printf '%s  %s\n' 4c4fa953f3bed011cc36932d626580bd6ab9183a0d86789f8d6db061b4a9d74b ./po/sq.gmo
++ IFS=
++ read -r f
+++ sha256sum ./po/sq.po
+++ awk '{print $1}'
++ h=8a0bfc852ea807560313e4625322445295a37deb2b9249ead2fc2d68373178fd
++ printf '%s  %s\n' 8a0bfc852ea807560313e4625322445295a37deb2b9249ead2fc2d68373178fd ./po/sq.po
++ IFS=
++ read -r f
+++ sha256sum ./po/sr.gmo
+++ awk '{print $1}'
++ h=062240a475f44064c43e8a19b3da671f87275504554425214c95c89666a0a977
++ printf '%s  %s\n' 062240a475f44064c43e8a19b3da671f87275504554425214c95c89666a0a977 ./po/sr.gmo
++ IFS=
++ read -r f
+++ sha256sum ./po/sr.po
+++ awk '{print $1}'
++ h=8801bedbc9c37e98fdda083b67f415e71523434b80ef2df5fa79556acde23a89
++ printf '%s  %s\n' 8801bedbc9c37e98fdda083b67f415e71523434b80ef2df5fa79556acde23a89 ./po/sr.po
++ IFS=
++ read -r f
+++ sha256sum ./po/sv.gmo
+++ awk '{print $1}'
++ h=5a605b06bb3cac26d7b72395f3aa3d483e416900b29afe1ea03d6689540ebd2a
++ printf '%s  %s\n' 5a605b06bb3cac26d7b72395f3aa3d483e416900b29afe1ea03d6689540ebd2a ./po/sv.gmo
++ IFS=
++ read -r f
+++ sha256sum ./po/sv.po
+++ awk '{print $1}'
++ h=c8257b8418331fd0c0b867904474733cedecfe19a491633270d66f3016499b39
++ printf '%s  %s\n' c8257b8418331fd0c0b867904474733cedecfe19a491633270d66f3016499b39 ./po/sv.po
++ IFS=
++ read -r f
+++ sha256sum ./po/tr.gmo
+++ awk '{print $1}'
++ h=44bed93c877535520ab19bb2dde2730a94f19b1b7e92f7483cd989c59f7d54b0
++ printf '%s  %s\n' 44bed93c877535520ab19bb2dde2730a94f19b1b7e92f7483cd989c59f7d54b0 ./po/tr.gmo
++ IFS=
++ read -r f
+++ sha256sum ./po/tr.po
+++ awk '{print $1}'
++ h=340f96cbe1945fa7f14bd1f668a00a22eafe229bacd5f0108c0e0c88775909c9
++ printf '%s  %s\n' 340f96cbe1945fa7f14bd1f668a00a22eafe229bacd5f0108c0e0c88775909c9 ./po/tr.po
++ IFS=
++ read -r f
+++ sha256sum ./po/uk.gmo
+++ awk '{print $1}'
++ h=748c7f95114a384907c1824e953a4c6957e8fd12ea865e518334238a6a9f1d0e
++ printf '%s  %s\n' 748c7f95114a384907c1824e953a4c6957e8fd12ea865e518334238a6a9f1d0e ./po/uk.gmo
++ IFS=
++ read -r f
+++ sha256sum ./po/uk.po
+++ awk '{print $1}'
++ h=5b975da2b0ae4b75807d896fd8a15672353e49fcff5a2d1f6d2f3338abb2996e
++ printf '%s  %s\n' 5b975da2b0ae4b75807d896fd8a15672353e49fcff5a2d1f6d2f3338abb2996e ./po/uk.po
++ IFS=
++ read -r f
+++ sha256sum ./po/vi.gmo
+++ awk '{print $1}'
++ h=20e77b23216dbbe50992ed239e76e2b589cb121404e5e2f4e615a8495d5be081
++ printf '%s  %s\n' 20e77b23216dbbe50992ed239e76e2b589cb121404e5e2f4e615a8495d5be081 ./po/vi.gmo
++ IFS=
++ read -r f
+++ sha256sum ./po/vi.po
+++ awk '{print $1}'
++ h=df25d8eab1240e85c84e0d48c5013fddd359a7d48f7c3233b12c73772e2d23a9
++ printf '%s  %s\n' df25d8eab1240e85c84e0d48c5013fddd359a7d48f7c3233b12c73772e2d23a9 ./po/vi.po
++ IFS=
++ read -r f
+++ sha256sum ./po/zh_CN.gmo
+++ awk '{print $1}'
++ h=f7e81c95e45b722686a9cff822f594ddf8bb8b49c4fee7b5764cb3943f945d43
++ printf '%s  %s\n' f7e81c95e45b722686a9cff822f594ddf8bb8b49c4fee7b5764cb3943f945d43 ./po/zh_CN.gmo
++ IFS=
++ read -r f
+++ sha256sum ./po/zh_CN.po
+++ awk '{print $1}'
++ h=40a4522bbb284ed9aab6e8636eba0044fabc8b9068256140a35a901e4569101e
++ printf '%s  %s\n' 40a4522bbb284ed9aab6e8636eba0044fabc8b9068256140a35a901e4569101e ./po/zh_CN.po
++ IFS=
++ read -r f
+++ sha256sum ./po/zh_TW.gmo
+++ awk '{print $1}'
++ h=5fa4abd414259909b2bd94a1a28d9034983c80f82119f5642096555262c75f3a
++ printf '%s  %s\n' 5fa4abd414259909b2bd94a1a28d9034983c80f82119f5642096555262c75f3a ./po/zh_TW.gmo
++ IFS=
++ read -r f
+++ sha256sum ./po/zh_TW.po
+++ awk '{print $1}'
++ h=72287056c59d1d28f5532014c75dffc2284d3f1e038bdd7dc27b1a9737bb4744
++ printf '%s  %s\n' 72287056c59d1d28f5532014c75dffc2284d3f1e038bdd7dc27b1a9737bb4744 ./po/zh_TW.po
++ IFS=
++ read -r f
+++ sha256sum ./print_cmd.c
+++ awk '{print $1}'
++ h=7773f595d4ad23a05d480a2424164b7b9eede90a69ff9bb049d7b103a67d9552
++ printf '%s  %s\n' 7773f595d4ad23a05d480a2424164b7b9eede90a69ff9bb049d7b103a67d9552 ./print_cmd.c
++ IFS=
++ read -r f
+++ sha256sum ./quit.h
+++ awk '{print $1}'
++ h=30d93da08af5a5bba698265dd57b1d584f0ca27bc0e318b71c5d9d04fef1f341
++ printf '%s  %s\n' 30d93da08af5a5bba698265dd57b1d584f0ca27bc0e318b71c5d9d04fef1f341 ./quit.h
++ IFS=
++ read -r f
+++ sha256sum ./redir.c
+++ awk '{print $1}'
++ h=e67c09d0019b700e39f3636a8eb11094cdc688570fbffe43168d8cfac1823a3f
++ printf '%s  %s\n' e67c09d0019b700e39f3636a8eb11094cdc688570fbffe43168d8cfac1823a3f ./redir.c
++ IFS=
++ read -r f
+++ sha256sum ./redir.h
+++ awk '{print $1}'
++ h=cca81a255cbfa0260159895371a6e6270635ff1f768234701d8632d7aebdb5be
++ printf '%s  %s\n' cca81a255cbfa0260159895371a6e6270635ff1f768234701d8632d7aebdb5be ./redir.h
++ IFS=
++ read -r f
+++ sha256sum ./shell.c
+++ awk '{print $1}'
++ h=5f3d539f15e19c032a09ece500efecc9c63d050d408e985b6f385c64329bf73d
++ printf '%s  %s\n' 5f3d539f15e19c032a09ece500efecc9c63d050d408e985b6f385c64329bf73d ./shell.c
++ IFS=
++ read -r f
+++ sha256sum ./shell.h
+++ awk '{print $1}'
++ h=231edc00d19a7ad30aa38154e6c9855577b0177bda407c1c95821628781715cb
++ printf '%s  %s\n' 231edc00d19a7ad30aa38154e6c9855577b0177bda407c1c95821628781715cb ./shell.h
++ IFS=
++ read -r f
+++ sha256sum ./sig.c
+++ awk '{print $1}'
++ h=cd30b4c59ca8aa5f909e22e029592d3defedf1cdb7fea4b997561a4e02813464
++ printf '%s  %s\n' cd30b4c59ca8aa5f909e22e029592d3defedf1cdb7fea4b997561a4e02813464 ./sig.c
++ IFS=
++ read -r f
+++ sha256sum ./sig.h
+++ awk '{print $1}'
++ h=4319b8bf36fe526fff17d9359fd8d2a7ea44c5bcf2ddcfa9e70a609941b0f039
++ printf '%s  %s\n' 4319b8bf36fe526fff17d9359fd8d2a7ea44c5bcf2ddcfa9e70a609941b0f039 ./sig.h
++ IFS=
++ read -r f
+++ sha256sum ./siglist.c
+++ awk '{print $1}'
++ h=79bd107f3dbc58ce09be9b0081023b6c8505e0cbbe079933b5b4be94e71daa8e
++ printf '%s  %s\n' 79bd107f3dbc58ce09be9b0081023b6c8505e0cbbe079933b5b4be94e71daa8e ./siglist.c
++ IFS=
++ read -r f
+++ sha256sum ./siglist.h
+++ awk '{print $1}'
++ h=50b8c6383287a8e1f1bb0b9a1d72a0990649195692f5f41b9136826086e3351c
++ printf '%s  %s\n' 50b8c6383287a8e1f1bb0b9a1d72a0990649195692f5f41b9136826086e3351c ./siglist.h
++ IFS=
++ read -r f
+++ sha256sum ./stringlib.c
+++ awk '{print $1}'
++ h=8301f756648053b310a7701930c8c6949a2eee4f70922218151db82ff3c182c5
++ printf '%s  %s\n' 8301f756648053b310a7701930c8c6949a2eee4f70922218151db82ff3c182c5 ./stringlib.c
++ IFS=
++ read -r f
+++ sha256sum ./subst.c
+++ awk '{print $1}'
++ h=cf96a7f33e7f9281f18c7b02d8840ad2d817f14243dd38377f8090249a7edf85
++ printf '%s  %s\n' cf96a7f33e7f9281f18c7b02d8840ad2d817f14243dd38377f8090249a7edf85 ./subst.c
++ IFS=
++ read -r f
+++ sha256sum ./subst.h
+++ awk '{print $1}'
++ h=4c3284b23a1977c632c890836a2cd8049c74db65c74a32a565efa4c551026047
++ printf '%s  %s\n' 4c3284b23a1977c632c890836a2cd8049c74db65c74a32a565efa4c551026047 ./subst.h
++ IFS=
++ read -r f
+++ sha256sum ./support/Makefile.in
+++ awk '{print $1}'
++ h=156b410927a5928780c96db651c2a4bd087833d38edff8fe5a702c8c89ca028e
++ printf '%s  %s\n' 156b410927a5928780c96db651c2a4bd087833d38edff8fe5a702c8c89ca028e ./support/Makefile.in
++ IFS=
++ read -r f
+++ sha256sum ./support/SYMLINKS
+++ awk '{print $1}'
++ h=b57bc298acafbce8084a2273862463040ff8beba37dbe4f71ea9f67b347d9afb
++ printf '%s  %s\n' b57bc298acafbce8084a2273862463040ff8beba37dbe4f71ea9f67b347d9afb ./support/SYMLINKS
++ IFS=
++ read -r f
+++ sha256sum ./support/bash.pc.in
+++ awk '{print $1}'
++ h=bb2cc5368d62730126d79133693d5e5f10435db07062ea199c7ce163aa561333
++ printf '%s  %s\n' bb2cc5368d62730126d79133693d5e5f10435db07062ea199c7ce163aa561333 ./support/bash.pc.in
++ IFS=
++ read -r f
+++ sha256sum ./support/bash.xbm
+++ awk '{print $1}'
++ h=64145d1960e4587130758696cd738a15c2382606fe576e6abd9175e689eac7cc
++ printf '%s  %s\n' 64145d1960e4587130758696cd738a15c2382606fe576e6abd9175e689eac7cc ./support/bash.xbm
++ IFS=
++ read -r f
+++ sha256sum ./support/bashbug.sh
+++ awk '{print $1}'
++ h=ef0230a1c0e7e8fc24f94e6ac1503e352d52358eee122efce9a5d0884e735db3
++ printf '%s  %s\n' ef0230a1c0e7e8fc24f94e6ac1503e352d52358eee122efce9a5d0884e735db3 ./support/bashbug.sh
++ IFS=
++ read -r f
+++ sha256sum ./support/bashbug.sh.in
+++ awk '{print $1}'
++ h=c84eba6f41748bc21985144f0e3e640914e73e75431b27735c370494b071d1ad
++ printf '%s  %s\n' c84eba6f41748bc21985144f0e3e640914e73e75431b27735c370494b071d1ad ./support/bashbug.sh.in
++ IFS=
++ read -r f
+++ sha256sum ./support/bashversion.c
+++ awk '{print $1}'
++ h=dfc3c27fba579cff69e81b7ac7a0837d1d9c344a9316707db5f2bc7089679239
++ printf '%s  %s\n' dfc3c27fba579cff69e81b7ac7a0837d1d9c344a9316707db5f2bc7089679239 ./support/bashversion.c
++ IFS=
++ read -r f
+++ sha256sum ./support/checkbashisms
+++ awk '{print $1}'
++ h=629a6d706a5a3e86acb55bf10de71225c0ffe99a3afdf7e332f7ddddc0bc5d8d
++ printf '%s  %s\n' 629a6d706a5a3e86acb55bf10de71225c0ffe99a3afdf7e332f7ddddc0bc5d8d ./support/checkbashisms
++ IFS=
++ read -r f
+++ sha256sum ./support/config.guess
+++ awk '{print $1}'
++ h=e3d148130e9151735f8b9a8e69a70d06890ece51468a9762eb7ac0feddddcc2f
++ printf '%s  %s\n' e3d148130e9151735f8b9a8e69a70d06890ece51468a9762eb7ac0feddddcc2f ./support/config.guess
++ IFS=
++ read -r f
+++ sha256sum ./support/config.rpath
+++ awk '{print $1}'
++ h=46e05ef0ed1805729438662c040e85b0abdeba5fbedd448c4d79a3f0f3af6250
++ printf '%s  %s\n' 46e05ef0ed1805729438662c040e85b0abdeba5fbedd448c4d79a3f0f3af6250 ./support/config.rpath
++ IFS=
++ read -r f
+++ sha256sum ./support/config.sub
+++ awk '{print $1}'
++ h=11c54f55c3ac99e5d2c3dc2bb0bcccbf69f8223cc68f6b2438daa806cf0d16d8
++ printf '%s  %s\n' 11c54f55c3ac99e5d2c3dc2bb0bcccbf69f8223cc68f6b2438daa806cf0d16d8 ./support/config.sub
++ IFS=
++ read -r f
+++ sha256sum ./support/fixlinks
+++ awk '{print $1}'
++ h=0096f778a58403e5f986728ab5368a078300c692b588c3536c6aada12e5c7255
++ printf '%s  %s\n' 0096f778a58403e5f986728ab5368a078300c692b588c3536c6aada12e5c7255 ./support/fixlinks
++ IFS=
++ read -r f
+++ sha256sum ./support/install-sh
+++ awk '{print $1}'
++ h=6240afc6a0133cc733a6f94765efaba54c32f9cf9b6b086614d6d2f353963a1f
++ printf '%s  %s\n' 6240afc6a0133cc733a6f94765efaba54c32f9cf9b6b086614d6d2f353963a1f ./support/install-sh
++ IFS=
++ read -r f
+++ sha256sum ./support/man2html.c
+++ awk '{print $1}'
++ h=c7055ce2fba2c9daa1bf23412c57bd567dffa8b8fe55908f720f9acc7060eac6
++ printf '%s  %s\n' c7055ce2fba2c9daa1bf23412c57bd567dffa8b8fe55908f720f9acc7060eac6 ./support/man2html.c
++ IFS=
++ read -r f
+++ sha256sum ./support/missing
+++ awk '{print $1}'
++ h=98683c8aacc9a5aca7bd20fe79cd2dbdd0713a4c6a2aedb5b63940275c153095
++ printf '%s  %s\n' 98683c8aacc9a5aca7bd20fe79cd2dbdd0713a4c6a2aedb5b63940275c153095 ./support/missing
++ IFS=
++ read -r f
+++ sha256sum ./support/mkclone
+++ awk '{print $1}'
++ h=462de7020cb3577cf483b60e787c21e4b98d5d99f53a2a1d9ccd4bf68c7177e4
++ printf '%s  %s\n' 462de7020cb3577cf483b60e787c21e4b98d5d99f53a2a1d9ccd4bf68c7177e4 ./support/mkclone
++ IFS=
++ read -r f
+++ sha256sum ./support/mkconffiles
+++ awk '{print $1}'
++ h=d05b9ae86dc102c514f81ee7ffb7a03f91aeccca0bfbed91f030111ebe61d4bb
++ printf '%s  %s\n' d05b9ae86dc102c514f81ee7ffb7a03f91aeccca0bfbed91f030111ebe61d4bb ./support/mkconffiles
++ IFS=
++ read -r f
+++ sha256sum ./support/mkdirs
+++ awk '{print $1}'
++ h=b30e23f017337d631dbbc1e52017d76994a72605856e1d668219216f13f005b8
++ printf '%s  %s\n' b30e23f017337d631dbbc1e52017d76994a72605856e1d668219216f13f005b8 ./support/mkdirs
++ IFS=
++ read -r f
+++ sha256sum ./support/mkinstalldirs
+++ awk '{print $1}'
++ h=83cea13a5eb25b445d916d7a2184f3513227bc3b70735f086b3446d2d4676952
++ printf '%s  %s\n' 83cea13a5eb25b445d916d7a2184f3513227bc3b70735f086b3446d2d4676952 ./support/mkinstalldirs
++ IFS=
++ read -r f
+++ sha256sum ./support/mksignames.c
+++ awk '{print $1}'
++ h=db57422243b6fc99ff880a6ed2a2691a8020b2fe39c2d99fc617b1da13e00c6e
++ printf '%s  %s\n' db57422243b6fc99ff880a6ed2a2691a8020b2fe39c2d99fc617b1da13e00c6e ./support/mksignames.c
++ IFS=
++ read -r f
+++ sha256sum ./support/mkversion.sh
+++ awk '{print $1}'
++ h=c81af1ccb3ce32b5cdd1d4eddc4ded0136b5c198716b0580da01dee1501ab666
++ printf '%s  %s\n' c81af1ccb3ce32b5cdd1d4eddc4ded0136b5c198716b0580da01dee1501ab666 ./support/mkversion.sh
++ IFS=
++ read -r f
+++ sha256sum ./support/printenv.c
+++ awk '{print $1}'
++ h=0e18e7c0c520b355f261e92a2ab0679512d792962daffca439cf5f73f6dc4c08
++ printf '%s  %s\n' 0e18e7c0c520b355f261e92a2ab0679512d792962daffca439cf5f73f6dc4c08 ./support/printenv.c
++ IFS=
++ read -r f
+++ sha256sum ./support/printenv.sh
+++ awk '{print $1}'
++ h=33cdfe2f3ab44f99c9729e1838958da4abeee8e1749ee24ed92d0429b872ee12
++ printf '%s  %s\n' 33cdfe2f3ab44f99c9729e1838958da4abeee8e1749ee24ed92d0429b872ee12 ./support/printenv.sh
++ IFS=
++ read -r f
+++ sha256sum ./support/recho.c
+++ awk '{print $1}'
++ h=727c641a01c679e9a077a30f23019c7244d56b97100639709a2da0f355360805
++ printf '%s  %s\n' 727c641a01c679e9a077a30f23019c7244d56b97100639709a2da0f355360805 ./support/recho.c
++ IFS=
++ read -r f
+++ sha256sum ./support/rlvers.sh
+++ awk '{print $1}'
++ h=0bca7958182bd70d09367f475ab3a6ffe145f594d63f4bb42e9295ef8558a90f
++ printf '%s  %s\n' 0bca7958182bd70d09367f475ab3a6ffe145f594d63f4bb42e9295ef8558a90f ./support/rlvers.sh
++ IFS=
++ read -r f
+++ sha256sum ./support/shobj-conf
+++ awk '{print $1}'
++ h=19d3c3ed459a1136af90af72ef5b8fb084c49fc66e55b3e801ce3fe50d5f84b5
++ printf '%s  %s\n' 19d3c3ed459a1136af90af72ef5b8fb084c49fc66e55b3e801ce3fe50d5f84b5 ./support/shobj-conf
++ IFS=
++ read -r f
+++ sha256sum ./support/siglen.c
+++ awk '{print $1}'
++ h=022425668ae4eefd0de396e9855793d1d4afe169721d7da740edc09e36f6f426
++ printf '%s  %s\n' 022425668ae4eefd0de396e9855793d1d4afe169721d7da740edc09e36f6f426 ./support/siglen.c
++ IFS=
++ read -r f
+++ sha256sum ./support/signames.c
+++ awk '{print $1}'
++ h=f6c9dd2a31ee6dce47dfd6b31eee8dcb6ad97d43bfac9bce176b034853ca60f4
++ printf '%s  %s\n' f6c9dd2a31ee6dce47dfd6b31eee8dcb6ad97d43bfac9bce176b034853ca60f4 ./support/signames.c
++ IFS=
++ read -r f
+++ sha256sum ./support/texi2dvi
+++ awk '{print $1}'
++ h=0f0a456c939940453e30668f23f5dbf9151d56088117ef03eec817d3e229f29d
++ printf '%s  %s\n' 0f0a456c939940453e30668f23f5dbf9151d56088117ef03eec817d3e229f29d ./support/texi2dvi
++ IFS=
++ read -r f
+++ sha256sum ./support/texi2html
+++ awk '{print $1}'
++ h=bd7286e7ce2cfeecf10b8ebc1f527ea28b2d17477f5cf18263379686b678bfea
++ printf '%s  %s\n' bd7286e7ce2cfeecf10b8ebc1f527ea28b2d17477f5cf18263379686b678bfea ./support/texi2html
++ IFS=
++ read -r f
+++ sha256sum ./support/xcase.c
+++ awk '{print $1}'
++ h=edde247d6331f8e968449dfafbefe21ef3b0a045c08af15aa0f35e6e548ff4ab
++ printf '%s  %s\n' edde247d6331f8e968449dfafbefe21ef3b0a045c08af15aa0f35e6e548ff4ab ./support/xcase.c
++ IFS=
++ read -r f
+++ sha256sum ./support/zecho.c
+++ awk '{print $1}'
++ h=722e2f857ab582c4b52d254c729c4cd5e7566e6a16f105fc106b5a3ec36ea73f
++ printf '%s  %s\n' 722e2f857ab582c4b52d254c729c4cd5e7566e6a16f105fc106b5a3ec36ea73f ./support/zecho.c
++ IFS=
++ read -r f
+++ sha256sum ./syntax.h
+++ awk '{print $1}'
++ h=f316e8df92cdc9fe996df1a930356eace03081d1c835f3902afce989af13dc09
++ printf '%s  %s\n' f316e8df92cdc9fe996df1a930356eace03081d1c835f3902afce989af13dc09 ./syntax.h
++ IFS=
++ read -r f
+++ sha256sum ./test.c
+++ awk '{print $1}'
++ h=fa588387ffcf7347c95e9ea119f479cf3769a2fd7df84950eb605ee9cde645e1
++ printf '%s  %s\n' fa588387ffcf7347c95e9ea119f479cf3769a2fd7df84950eb605ee9cde645e1 ./test.c
++ IFS=
++ read -r f
+++ sha256sum ./test.h
+++ awk '{print $1}'
++ h=e6d94617869ec03e259a3854b176c19b6ab10706d56dcf972ab7fbd0b3df2d38
++ printf '%s  %s\n' e6d94617869ec03e259a3854b176c19b6ab10706d56dcf972ab7fbd0b3df2d38 ./test.h
++ IFS=
++ read -r f
+++ sha256sum ./tests/COPYRIGHT
+++ awk '{print $1}'
++ h=e649815d1b6becdc545dda87c91f1b65497ddf6461240b904b2d8511a63476fb
++ printf '%s  %s\n' e649815d1b6becdc545dda87c91f1b65497ddf6461240b904b2d8511a63476fb ./tests/COPYRIGHT
++ IFS=
++ read -r f
+++ sha256sum ./tests/README
+++ awk '{print $1}'
++ h=42fae73cf58d93df9af56776bfe0faa9967b010ee5f0d138dbbc1f428efe768d
++ printf '%s  %s\n' 42fae73cf58d93df9af56776bfe0faa9967b010ee5f0d138dbbc1f428efe768d ./tests/README
++ IFS=
++ read -r f
+++ sha256sum ./tests/alias.right
+++ awk '{print $1}'
++ h=21480fe89328f18ac2dba565fcfaa028328a4ff4b8f6fb0d2216302b1dfb5b82
++ printf '%s  %s\n' 21480fe89328f18ac2dba565fcfaa028328a4ff4b8f6fb0d2216302b1dfb5b82 ./tests/alias.right
++ IFS=
++ read -r f
+++ sha256sum ./tests/alias.tests
+++ awk '{print $1}'
++ h=aaa04770b8440358373f62fc45861b3e3482c655da1f8e9866172fff87905c44
++ printf '%s  %s\n' aaa04770b8440358373f62fc45861b3e3482c655da1f8e9866172fff87905c44 ./tests/alias.tests
++ IFS=
++ read -r f
+++ sha256sum ./tests/alias1.sub
+++ awk '{print $1}'
++ h=c610937071f872e3bf72f2280787674584d1623be7657466242f82c0b8bc05dd
++ printf '%s  %s\n' c610937071f872e3bf72f2280787674584d1623be7657466242f82c0b8bc05dd ./tests/alias1.sub
++ IFS=
++ read -r f
+++ sha256sum ./tests/alias2.sub
+++ awk '{print $1}'
++ h=5023de0be21604850bc1fcb590457a1c254b1bfe45a1e6017fac8e629405530e
++ printf '%s  %s\n' 5023de0be21604850bc1fcb590457a1c254b1bfe45a1e6017fac8e629405530e ./tests/alias2.sub
++ IFS=
++ read -r f
+++ sha256sum ./tests/alias3.sub
+++ awk '{print $1}'
++ h=484cc35c50a61424c2db2ca938a3edcce19e7584c3eb8f2063e4a98a9733b7eb
++ printf '%s  %s\n' 484cc35c50a61424c2db2ca938a3edcce19e7584c3eb8f2063e4a98a9733b7eb ./tests/alias3.sub
++ IFS=
++ read -r f
+++ sha256sum ./tests/alias4.sub
+++ awk '{print $1}'
++ h=4f53acfc20ce28ab61abdf5fc3f24699d1565e71a349efe7cb1f081cb9abc948
++ printf '%s  %s\n' 4f53acfc20ce28ab61abdf5fc3f24699d1565e71a349efe7cb1f081cb9abc948 ./tests/alias4.sub
++ IFS=
++ read -r f
+++ sha256sum ./tests/alias5.sub
+++ awk '{print $1}'
++ h=c08bfa90cae3614c0ad6598c3b0b9a03e49ed022fd50565c0b8d4ac4587b7909
++ printf '%s  %s\n' c08bfa90cae3614c0ad6598c3b0b9a03e49ed022fd50565c0b8d4ac4587b7909 ./tests/alias5.sub
++ IFS=
++ read -r f
+++ sha256sum ./tests/alias6.sub
+++ awk '{print $1}'
++ h=8e4ba91519c99e82a7d3f41429bef28d31388872f83218054c51ebf56567f46f
++ printf '%s  %s\n' 8e4ba91519c99e82a7d3f41429bef28d31388872f83218054c51ebf56567f46f ./tests/alias6.sub
++ IFS=
++ read -r f
+++ sha256sum ./tests/alias7.sub
+++ awk '{print $1}'
++ h=e475f54055fcffd8a1b51a894cfbbff1eaac112e1a4add0f6a5a20f4d5500735
++ printf '%s  %s\n' e475f54055fcffd8a1b51a894cfbbff1eaac112e1a4add0f6a5a20f4d5500735 ./tests/alias7.sub
++ IFS=
++ read -r f
+++ sha256sum ./tests/appendop.right
+++ awk '{print $1}'
++ h=7087f12bcb8786215cfb3c4eb0fc35fa026dedecfe659568a5ad11a5bffd68ec
++ printf '%s  %s\n' 7087f12bcb8786215cfb3c4eb0fc35fa026dedecfe659568a5ad11a5bffd68ec ./tests/appendop.right
++ IFS=
++ read -r f
+++ sha256sum ./tests/appendop.tests
+++ awk '{print $1}'
++ h=c016bb9abd17f5c4fb1ba2aaad747ca51cd5c46438b5c52ce59af6affed837e4
++ printf '%s  %s\n' c016bb9abd17f5c4fb1ba2aaad747ca51cd5c46438b5c52ce59af6affed837e4 ./tests/appendop.tests
++ IFS=
++ read -r f
+++ sha256sum ./tests/appendop1.sub
+++ awk '{print $1}'
++ h=91b825c3fbef26576fab12cda47424157a18ac9381f142ec73b632d8956e0f79
++ printf '%s  %s\n' 91b825c3fbef26576fab12cda47424157a18ac9381f142ec73b632d8956e0f79 ./tests/appendop1.sub
++ IFS=
++ read -r f
+++ sha256sum ./tests/appendop2.sub
+++ awk '{print $1}'
++ h=b98611722e4e82f2db8e2010d72669b489caf0af7130d6d1a9319f9297df9b63
++ printf '%s  %s\n' b98611722e4e82f2db8e2010d72669b489caf0af7130d6d1a9319f9297df9b63 ./tests/appendop2.sub
++ IFS=
++ read -r f
+++ sha256sum ./tests/arith-for.right
+++ awk '{print $1}'
++ h=807a9056c680bf714095e9470015726d8b9c027188cf7d099bbffff3a28a525d
++ printf '%s  %s\n' 807a9056c680bf714095e9470015726d8b9c027188cf7d099bbffff3a28a525d ./tests/arith-for.right
++ IFS=
++ read -r f
+++ sha256sum ./tests/arith-for.tests
+++ awk '{print $1}'
++ h=5cb020d9eafa78395ee070afbaa2d2d0cfaa6e68ed68615e56b41f8fc6fed447
++ printf '%s  %s\n' 5cb020d9eafa78395ee070afbaa2d2d0cfaa6e68ed68615e56b41f8fc6fed447 ./tests/arith-for.tests
++ IFS=
++ read -r f
+++ sha256sum ./tests/arith.right
+++ awk '{print $1}'
++ h=396ddefac66730c5beb416188480d1aa97233fe8cc5d5705437ff3329091a934
++ printf '%s  %s\n' 396ddefac66730c5beb416188480d1aa97233fe8cc5d5705437ff3329091a934 ./tests/arith.right
++ IFS=
++ read -r f
+++ sha256sum ./tests/arith.tests
+++ awk '{print $1}'
++ h=e838006eba8903b3e6743a0408ef00dfff85e7a85e926571c2ce3c39f807996f
++ printf '%s  %s\n' e838006eba8903b3e6743a0408ef00dfff85e7a85e926571c2ce3c39f807996f ./tests/arith.tests
++ IFS=
++ read -r f
+++ sha256sum ./tests/arith1.sub
+++ awk '{print $1}'
++ h=fd8bd56d2e76993b99246a80d5427fe88b03b738ff0b87945ebc98467999283d
++ printf '%s  %s\n' fd8bd56d2e76993b99246a80d5427fe88b03b738ff0b87945ebc98467999283d ./tests/arith1.sub
++ IFS=
++ read -r f
+++ sha256sum ./tests/arith10.sub
+++ awk '{print $1}'
++ h=ceeaa5272e7cf09b7f0ba65fc966a80765f896dde54ae4ec68ef3a74fc115dc6
++ printf '%s  %s\n' ceeaa5272e7cf09b7f0ba65fc966a80765f896dde54ae4ec68ef3a74fc115dc6 ./tests/arith10.sub
++ IFS=
++ read -r f
+++ sha256sum ./tests/arith2.sub
+++ awk '{print $1}'
++ h=b044638854f6af534645a1b895c858a3f9447ced6b7b585af500aca18e87f781
++ printf '%s  %s\n' b044638854f6af534645a1b895c858a3f9447ced6b7b585af500aca18e87f781 ./tests/arith2.sub
++ IFS=
++ read -r f
+++ sha256sum ./tests/arith3.sub
+++ awk '{print $1}'
++ h=f3639bf29c5a52820fe65b5e70116a07782c7713cc2d242deb28c69edd1fb491
++ printf '%s  %s\n' f3639bf29c5a52820fe65b5e70116a07782c7713cc2d242deb28c69edd1fb491 ./tests/arith3.sub
++ IFS=
++ read -r f
+++ sha256sum ./tests/arith4.sub
+++ awk '{print $1}'
++ h=7ae429e8dbce809a50e4a20320f93fb988050ff76399f3a568e94b1cd940a30f
++ printf '%s  %s\n' 7ae429e8dbce809a50e4a20320f93fb988050ff76399f3a568e94b1cd940a30f ./tests/arith4.sub
++ IFS=
++ read -r f
+++ sha256sum ./tests/arith5.sub
+++ awk '{print $1}'
++ h=e083ba49488eea1fd05f384126d452372afc2833814f8625e3819ee951c3c04c
++ printf '%s  %s\n' e083ba49488eea1fd05f384126d452372afc2833814f8625e3819ee951c3c04c ./tests/arith5.sub
++ IFS=
++ read -r f
+++ sha256sum ./tests/arith6.sub
+++ awk '{print $1}'
++ h=7cd451ff421786a0f16291871dd72ca09ae18b778ef2faa91acd6df61e11fac0
++ printf '%s  %s\n' 7cd451ff421786a0f16291871dd72ca09ae18b778ef2faa91acd6df61e11fac0 ./tests/arith6.sub
++ IFS=
++ read -r f
+++ sha256sum ./tests/arith7.sub
+++ awk '{print $1}'
++ h=ff739591a6b191416ab09f578fc2a42723f534096847da1aacd56c83d357b512
++ printf '%s  %s\n' ff739591a6b191416ab09f578fc2a42723f534096847da1aacd56c83d357b512 ./tests/arith7.sub
++ IFS=
++ read -r f
+++ sha256sum ./tests/arith8.sub
+++ awk '{print $1}'
++ h=76703356724ad3f273e59bf8f5e268717f16c1c054cecb9137d1fb83fdda7ee5
++ printf '%s  %s\n' 76703356724ad3f273e59bf8f5e268717f16c1c054cecb9137d1fb83fdda7ee5 ./tests/arith8.sub
++ IFS=
++ read -r f
+++ sha256sum ./tests/arith9.sub
+++ awk '{print $1}'
++ h=e882204fcdbafccba094a72ff35c15491530e6812851f678b9ed8e6877c13220
++ printf '%s  %s\n' e882204fcdbafccba094a72ff35c15491530e6812851f678b9ed8e6877c13220 ./tests/arith9.sub
++ IFS=
++ read -r f
+++ sha256sum ./tests/array-at-star
+++ awk '{print $1}'
++ h=333e2989448958cf6f8b3cd278928f8f424d5a681ea7fa2e519ae3980892a3ca
++ printf '%s  %s\n' 333e2989448958cf6f8b3cd278928f8f424d5a681ea7fa2e519ae3980892a3ca ./tests/array-at-star
++ IFS=
++ read -r f
+++ sha256sum ./tests/array.right
+++ awk '{print $1}'
++ h=2001c4c3c5a6b4beea7b69364e7310ca52e1dd3154877daa14390377f89ae359
++ printf '%s  %s\n' 2001c4c3c5a6b4beea7b69364e7310ca52e1dd3154877daa14390377f89ae359 ./tests/array.right
++ IFS=
++ read -r f
+++ sha256sum ./tests/array.tests
+++ awk '{print $1}'
++ h=4331f5219740d6bb5eda617c81f0c3f86d01423cce32560448b69f0c5a7294bf
++ printf '%s  %s\n' 4331f5219740d6bb5eda617c81f0c3f86d01423cce32560448b69f0c5a7294bf ./tests/array.tests
++ IFS=
++ read -r f
+++ sha256sum ./tests/array1.sub
+++ awk '{print $1}'
++ h=95d4d1289537136681f91c724d864604b6fe5933141f5da1fa9f03c1abe58d1a
++ printf '%s  %s\n' 95d4d1289537136681f91c724d864604b6fe5933141f5da1fa9f03c1abe58d1a ./tests/array1.sub
++ IFS=
++ read -r f
+++ sha256sum ./tests/array10.sub
+++ awk '{print $1}'
++ h=fb9045662b7f60e60e961dd8f6e20bfd07cb795e30f482b8bb36635d3c6713e1
++ printf '%s  %s\n' fb9045662b7f60e60e961dd8f6e20bfd07cb795e30f482b8bb36635d3c6713e1 ./tests/array10.sub
++ IFS=
++ read -r f
+++ sha256sum ./tests/array11.sub
+++ awk '{print $1}'
++ h=63afe0748828b9b6d059e17b436da3f8bb9383bb94a8c8be887a0c653403de15
++ printf '%s  %s\n' 63afe0748828b9b6d059e17b436da3f8bb9383bb94a8c8be887a0c653403de15 ./tests/array11.sub
++ IFS=
++ read -r f
+++ sha256sum ./tests/array12.sub
+++ awk '{print $1}'
++ h=849c39acdf394b44a5bf35176015f29c0c067e81359c4f847164ebbef15c9a35
++ printf '%s  %s\n' 849c39acdf394b44a5bf35176015f29c0c067e81359c4f847164ebbef15c9a35 ./tests/array12.sub
++ IFS=
++ read -r f
+++ sha256sum ./tests/array13.sub
+++ awk '{print $1}'
++ h=0dca9a5da53512eea389341ecc2b1c1eb4eb31045989b8728eb9ffdb60fdd7a0
++ printf '%s  %s\n' 0dca9a5da53512eea389341ecc2b1c1eb4eb31045989b8728eb9ffdb60fdd7a0 ./tests/array13.sub
++ IFS=
++ read -r f
+++ sha256sum ./tests/array14.sub
+++ awk '{print $1}'
++ h=3e6dc678647b61c20747b92a1b80d429f49a46e2dac7da9111063fb91ce341ce
++ printf '%s  %s\n' 3e6dc678647b61c20747b92a1b80d429f49a46e2dac7da9111063fb91ce341ce ./tests/array14.sub
++ IFS=
++ read -r f
+++ sha256sum ./tests/array15.sub
+++ awk '{print $1}'
++ h=23475194bd496851646bc1e00b1d12a47c5f9edb133f603d95e9dd609d183367
++ printf '%s  %s\n' 23475194bd496851646bc1e00b1d12a47c5f9edb133f603d95e9dd609d183367 ./tests/array15.sub
++ IFS=
++ read -r f
+++ sha256sum ./tests/array16.sub
+++ awk '{print $1}'
++ h=f39e3c542d990c6909ab3fbd9b672f3d66317e9bf8d60ff257c8b2f3dda89d38
++ printf '%s  %s\n' f39e3c542d990c6909ab3fbd9b672f3d66317e9bf8d60ff257c8b2f3dda89d38 ./tests/array16.sub
++ IFS=
++ read -r f
+++ sha256sum ./tests/array17.sub
+++ awk '{print $1}'
++ h=58dc1108ade54c72f8caee1d71ebcbce6928c448b733ff257b17a73a2cfcb6bd
++ printf '%s  %s\n' 58dc1108ade54c72f8caee1d71ebcbce6928c448b733ff257b17a73a2cfcb6bd ./tests/array17.sub
++ IFS=
++ read -r f
+++ sha256sum ./tests/array18.sub
+++ awk '{print $1}'
++ h=123d71b1fc70b71ea5e8842d7d4ef6e50bbb65aaa11ccd225a0241438a9435b5
++ printf '%s  %s\n' 123d71b1fc70b71ea5e8842d7d4ef6e50bbb65aaa11ccd225a0241438a9435b5 ./tests/array18.sub
++ IFS=
++ read -r f
+++ sha256sum ./tests/array19.sub
+++ awk '{print $1}'
++ h=73e84eed39a408e4450ab80495e81ba0cd4a0ca1b732a53ec5d3406ef8fe4f4e
++ printf '%s  %s\n' 73e84eed39a408e4450ab80495e81ba0cd4a0ca1b732a53ec5d3406ef8fe4f4e ./tests/array19.sub
++ IFS=
++ read -r f
+++ sha256sum ./tests/array2.right
+++ awk '{print $1}'
++ h=afff460e7a766e3bca65490c987dcbf98e473beb2717b086fbfceb9401e7dfa5
++ printf '%s  %s\n' afff460e7a766e3bca65490c987dcbf98e473beb2717b086fbfceb9401e7dfa5 ./tests/array2.right
++ IFS=
++ read -r f
+++ sha256sum ./tests/array2.sub
+++ awk '{print $1}'
++ h=3621a73068bf4bccd062c9cafaae7ad6bbbcc2dda42882bb02ff96a470146382
++ printf '%s  %s\n' 3621a73068bf4bccd062c9cafaae7ad6bbbcc2dda42882bb02ff96a470146382 ./tests/array2.sub
++ IFS=
++ read -r f
+++ sha256sum ./tests/array20.sub
+++ awk '{print $1}'
++ h=3b1c6d21ab718fadce0c5980d05f641058ac68e594c1d6efd6590e2ae77fe5f4
++ printf '%s  %s\n' 3b1c6d21ab718fadce0c5980d05f641058ac68e594c1d6efd6590e2ae77fe5f4 ./tests/array20.sub
++ IFS=
++ read -r f
+++ sha256sum ./tests/array21.sub
+++ awk '{print $1}'
++ h=e5395123ce3227311ad37adcc0545757c441132402212322387acff558f5022d
++ printf '%s  %s\n' e5395123ce3227311ad37adcc0545757c441132402212322387acff558f5022d ./tests/array21.sub
++ IFS=
++ read -r f
+++ sha256sum ./tests/array22.sub
+++ awk '{print $1}'
++ h=4677461b112c440d8191b777aed427e5805e9c6d90cefa025cb553954647f391
++ printf '%s  %s\n' 4677461b112c440d8191b777aed427e5805e9c6d90cefa025cb553954647f391 ./tests/array22.sub
++ IFS=
++ read -r f
+++ sha256sum ./tests/array23.sub
+++ awk '{print $1}'
++ h=e767e6744f332c5dec6d748f42b121de880bcac14509b6890564657a6cef2aeb
++ printf '%s  %s\n' e767e6744f332c5dec6d748f42b121de880bcac14509b6890564657a6cef2aeb ./tests/array23.sub
++ IFS=
++ read -r f
+++ sha256sum ./tests/array24.sub
+++ awk '{print $1}'
++ h=eb34a6627ba9d1383e0bf29e6b4e80b062e3ef513197c9fe734384ab58ed07b6
++ printf '%s  %s\n' eb34a6627ba9d1383e0bf29e6b4e80b062e3ef513197c9fe734384ab58ed07b6 ./tests/array24.sub
++ IFS=
++ read -r f
+++ sha256sum ./tests/array25.sub
+++ awk '{print $1}'
++ h=d3a584f426ad46ff415a40c5a14e661148b5e21ba5aab2a880770b342dc6bfef
++ printf '%s  %s\n' d3a584f426ad46ff415a40c5a14e661148b5e21ba5aab2a880770b342dc6bfef ./tests/array25.sub
++ IFS=
++ read -r f
+++ sha256sum ./tests/array26.sub
+++ awk '{print $1}'
++ h=6e66f0b40a3791601352df58673c5a8abae425e91fcc7d4a88241dc75977ac9c
++ printf '%s  %s\n' 6e66f0b40a3791601352df58673c5a8abae425e91fcc7d4a88241dc75977ac9c ./tests/array26.sub
++ IFS=
++ read -r f
+++ sha256sum ./tests/array27.sub
+++ awk '{print $1}'
++ h=bab129ec2092d923568509759abbd0fb38d99082cd0be6bf0d818d504044e855
++ printf '%s  %s\n' bab129ec2092d923568509759abbd0fb38d99082cd0be6bf0d818d504044e855 ./tests/array27.sub
++ IFS=
++ read -r f
+++ sha256sum ./tests/array28.sub
+++ awk '{print $1}'
++ h=e1f20bc5559d5167e9897003ddd2e422eebb44dbef12952de785e9559192455f
++ printf '%s  %s\n' e1f20bc5559d5167e9897003ddd2e422eebb44dbef12952de785e9559192455f ./tests/array28.sub
++ IFS=
++ read -r f
+++ sha256sum ./tests/array29.sub
+++ awk '{print $1}'
++ h=3b2a070a32e233395e67df9a913a2eb71f9091ca441e4e2df5b87f5fee6cd9a9
++ printf '%s  %s\n' 3b2a070a32e233395e67df9a913a2eb71f9091ca441e4e2df5b87f5fee6cd9a9 ./tests/array29.sub
++ IFS=
++ read -r f
+++ sha256sum ./tests/array3.sub
+++ awk '{print $1}'
++ h=38c5d0509673f4b56c775b7c585fcda740559cf1ca2cf7914becade2227b748e
++ printf '%s  %s\n' 38c5d0509673f4b56c775b7c585fcda740559cf1ca2cf7914becade2227b748e ./tests/array3.sub
++ IFS=
++ read -r f
+++ sha256sum ./tests/array30.sub
+++ awk '{print $1}'
++ h=9ec16e7061047f6158dfe28caabcdc00ce03f87a79fb0ffee3e0a0721c6e9acd
++ printf '%s  %s\n' 9ec16e7061047f6158dfe28caabcdc00ce03f87a79fb0ffee3e0a0721c6e9acd ./tests/array30.sub
++ IFS=
++ read -r f
+++ sha256sum ./tests/array31.sub
+++ awk '{print $1}'
++ h=9e41fb241249232fb9abeaceab13f63b48b7250ee9579e71bdf0c9a0e5e0556e
++ printf '%s  %s\n' 9e41fb241249232fb9abeaceab13f63b48b7250ee9579e71bdf0c9a0e5e0556e ./tests/array31.sub
++ IFS=
++ read -r f
+++ sha256sum ./tests/array32.sub
+++ awk '{print $1}'
++ h=93043d5f9fe281efc2deaeb1e9e1749d98ead89c688b7b4990dffb480784ca72
++ printf '%s  %s\n' 93043d5f9fe281efc2deaeb1e9e1749d98ead89c688b7b4990dffb480784ca72 ./tests/array32.sub
++ IFS=
++ read -r f
+++ sha256sum ./tests/array33.sub
+++ awk '{print $1}'
++ h=2d324b5dd9d0e1a931b4601a0b68f32a4cd9ed50921f7469a58586b27608c518
++ printf '%s  %s\n' 2d324b5dd9d0e1a931b4601a0b68f32a4cd9ed50921f7469a58586b27608c518 ./tests/array33.sub
++ IFS=
++ read -r f
+++ sha256sum ./tests/array4.sub
+++ awk '{print $1}'
++ h=d614046af16d252aeecf130c9f4812cbd20da21dbbcaecec68107bdf5ab26277
++ printf '%s  %s\n' d614046af16d252aeecf130c9f4812cbd20da21dbbcaecec68107bdf5ab26277 ./tests/array4.sub
++ IFS=
++ read -r f
+++ sha256sum ./tests/array5.sub
+++ awk '{print $1}'
++ h=3f3daddaca0efcee40fbc8d7547a8bf506383380b15d0a6f28b8e88d33347d6a
++ printf '%s  %s\n' 3f3daddaca0efcee40fbc8d7547a8bf506383380b15d0a6f28b8e88d33347d6a ./tests/array5.sub
++ IFS=
++ read -r f
+++ sha256sum ./tests/array6.sub
+++ awk '{print $1}'
++ h=365606d9e92fdb3d5e128e3a367c95a0ca5b83a6a7a73bbd2cc3347c43e23db2
++ printf '%s  %s\n' 365606d9e92fdb3d5e128e3a367c95a0ca5b83a6a7a73bbd2cc3347c43e23db2 ./tests/array6.sub
++ IFS=
++ read -r f
+++ sha256sum ./tests/array7.sub
+++ awk '{print $1}'
++ h=200cf47a4c564ef9eb6ad2401e57bef2cde3778e87cd2b441657378ad7ee20b5
++ printf '%s  %s\n' 200cf47a4c564ef9eb6ad2401e57bef2cde3778e87cd2b441657378ad7ee20b5 ./tests/array7.sub
++ IFS=
++ read -r f
+++ sha256sum ./tests/array8.sub
+++ awk '{print $1}'
++ h=665ff7267764c64f1e154e3e994c706b39fe082a5b8d3635e6bc89c9c01a94be
++ printf '%s  %s\n' 665ff7267764c64f1e154e3e994c706b39fe082a5b8d3635e6bc89c9c01a94be ./tests/array8.sub
++ IFS=
++ read -r f
+++ sha256sum ./tests/array9.sub
+++ awk '{print $1}'
++ h=3fc2dcfee6b20615d8fe684ea5eecbec02a56a55c409694171068eca9b93b16c
++ printf '%s  %s\n' 3fc2dcfee6b20615d8fe684ea5eecbec02a56a55c409694171068eca9b93b16c ./tests/array9.sub
++ IFS=
++ read -r f
+++ sha256sum ./tests/assoc.right
+++ awk '{print $1}'
++ h=a9c7a16ad563908e39166ff73c71cc9a565c3baa2cc3e0ea0635427fec517c4a
++ printf '%s  %s\n' a9c7a16ad563908e39166ff73c71cc9a565c3baa2cc3e0ea0635427fec517c4a ./tests/assoc.right
++ IFS=
++ read -r f
+++ sha256sum ./tests/assoc.tests
+++ awk '{print $1}'
++ h=6790cc8be8ce471d7d47fd7025c79783ca67a8e71b8ce5f74c5181ec293acd8a
++ printf '%s  %s\n' 6790cc8be8ce471d7d47fd7025c79783ca67a8e71b8ce5f74c5181ec293acd8a ./tests/assoc.tests
++ IFS=
++ read -r f
+++ sha256sum ./tests/assoc1.sub
+++ awk '{print $1}'
++ h=7bde707b1cde42ff95bdf69e50e708ae206a26c057e880407d863e0a343de33a
++ printf '%s  %s\n' 7bde707b1cde42ff95bdf69e50e708ae206a26c057e880407d863e0a343de33a ./tests/assoc1.sub
++ IFS=
++ read -r f
+++ sha256sum ./tests/assoc10.sub
+++ awk '{print $1}'
++ h=a9dcfeb973a7198eeee674f9c25ac2009b94ed58791d5a29edf21bed30c0d1e3
++ printf '%s  %s\n' a9dcfeb973a7198eeee674f9c25ac2009b94ed58791d5a29edf21bed30c0d1e3 ./tests/assoc10.sub
++ IFS=
++ read -r f
+++ sha256sum ./tests/assoc11.sub
+++ awk '{print $1}'
++ h=e07e0a5f122f091ccb1f068e60f66577d20d69ea3b41acbbbb8bd64e3820b77d
++ printf '%s  %s\n' e07e0a5f122f091ccb1f068e60f66577d20d69ea3b41acbbbb8bd64e3820b77d ./tests/assoc11.sub
++ IFS=
++ read -r f
+++ sha256sum ./tests/assoc12.sub
+++ awk '{print $1}'
++ h=f1c68704bfe249272f4b45790f468f97da458df3c443b48ef61f44e3f9204081
++ printf '%s  %s\n' f1c68704bfe249272f4b45790f468f97da458df3c443b48ef61f44e3f9204081 ./tests/assoc12.sub
++ IFS=
++ read -r f
+++ sha256sum ./tests/assoc13.sub
+++ awk '{print $1}'
++ h=b9d98aba0e5b8a9f77044841bb8979f39f8743ebf0a3708ed7621135d972c733
++ printf '%s  %s\n' b9d98aba0e5b8a9f77044841bb8979f39f8743ebf0a3708ed7621135d972c733 ./tests/assoc13.sub
++ IFS=
++ read -r f
+++ sha256sum ./tests/assoc14.sub
+++ awk '{print $1}'
++ h=457f7b0ef81ce0bc663fb54f810ae7904ee3d140952612e7fe2e71bb862a236a
++ printf '%s  %s\n' 457f7b0ef81ce0bc663fb54f810ae7904ee3d140952612e7fe2e71bb862a236a ./tests/assoc14.sub
++ IFS=
++ read -r f
+++ sha256sum ./tests/assoc15.sub
+++ awk '{print $1}'
++ h=101adc7bfb4657b8c20464128b26cdcb0f8f44b04d39a364529763c07a8cade7
++ printf '%s  %s\n' 101adc7bfb4657b8c20464128b26cdcb0f8f44b04d39a364529763c07a8cade7 ./tests/assoc15.sub
++ IFS=
++ read -r f
+++ sha256sum ./tests/assoc16.sub
+++ awk '{print $1}'
++ h=649f1b0986c21f8c8375f9b7c350f896e266dc5e4371bd21d6091fa39630e4f8
++ printf '%s  %s\n' 649f1b0986c21f8c8375f9b7c350f896e266dc5e4371bd21d6091fa39630e4f8 ./tests/assoc16.sub
++ IFS=
++ read -r f
+++ sha256sum ./tests/assoc17.sub
+++ awk '{print $1}'
++ h=5fa3f90c403c2ef26b512c0bb65f2c564927b87a7c9a8e0fd3d9e78e4836f0c6
++ printf '%s  %s\n' 5fa3f90c403c2ef26b512c0bb65f2c564927b87a7c9a8e0fd3d9e78e4836f0c6 ./tests/assoc17.sub
++ IFS=
++ read -r f
+++ sha256sum ./tests/assoc18.sub
+++ awk '{print $1}'
++ h=387d859f719d7b7a81923b095d9e543beb436844891cb6c0a9f11995c5b91998
++ printf '%s  %s\n' 387d859f719d7b7a81923b095d9e543beb436844891cb6c0a9f11995c5b91998 ./tests/assoc18.sub
++ IFS=
++ read -r f
+++ sha256sum ./tests/assoc19.sub
+++ awk '{print $1}'
++ h=966b2b0be6cc46e32f4f7cb75ec238319345f52b6fc045ff88779502e77a640e
++ printf '%s  %s\n' 966b2b0be6cc46e32f4f7cb75ec238319345f52b6fc045ff88779502e77a640e ./tests/assoc19.sub
++ IFS=
++ read -r f
+++ sha256sum ./tests/assoc2.sub
+++ awk '{print $1}'
++ h=99b94d35d99f64ec204830a8751874465c2a9ee0e9d809619325f1559d9ea5be
++ printf '%s  %s\n' 99b94d35d99f64ec204830a8751874465c2a9ee0e9d809619325f1559d9ea5be ./tests/assoc2.sub
++ IFS=
++ read -r f
+++ sha256sum ./tests/assoc3.sub
+++ awk '{print $1}'
++ h=8a3472f21b0c152e51275f8e7b5ff18227b2f39405bcc5ae5b5602225d74e8ad
++ printf '%s  %s\n' 8a3472f21b0c152e51275f8e7b5ff18227b2f39405bcc5ae5b5602225d74e8ad ./tests/assoc3.sub
++ IFS=
++ read -r f
+++ sha256sum ./tests/assoc4.sub
+++ awk '{print $1}'
++ h=7dfe6ec2e3e8e1ff73e489a5e5ed930d04b0e761483c5b1247429ac4f14a5ab6
++ printf '%s  %s\n' 7dfe6ec2e3e8e1ff73e489a5e5ed930d04b0e761483c5b1247429ac4f14a5ab6 ./tests/assoc4.sub
++ IFS=
++ read -r f
+++ sha256sum ./tests/assoc5.sub
+++ awk '{print $1}'
++ h=2efafacc6f7eeeccb64465d3a84bb562dbc49d42e7700930e39ce4cf20b21969
++ printf '%s  %s\n' 2efafacc6f7eeeccb64465d3a84bb562dbc49d42e7700930e39ce4cf20b21969 ./tests/assoc5.sub
++ IFS=
++ read -r f
+++ sha256sum ./tests/assoc6.sub
+++ awk '{print $1}'
++ h=2f0b9201694ca0e3a034c9b2bad1cd58bedf6b8a015a26d226378bd23f6df418
++ printf '%s  %s\n' 2f0b9201694ca0e3a034c9b2bad1cd58bedf6b8a015a26d226378bd23f6df418 ./tests/assoc6.sub
++ IFS=
++ read -r f
+++ sha256sum ./tests/assoc7.sub
+++ awk '{print $1}'
++ h=8f6ca94123ebdf45ea062f53a1822a4b65d59c3a7ea6bb08ac9cdf434e284e83
++ printf '%s  %s\n' 8f6ca94123ebdf45ea062f53a1822a4b65d59c3a7ea6bb08ac9cdf434e284e83 ./tests/assoc7.sub
++ IFS=
++ read -r f
+++ sha256sum ./tests/assoc8.sub
+++ awk '{print $1}'
++ h=0ea05e5aca4d5cd593a5f42517dfbec33a711b32ba93dd372a04506d29273376
++ printf '%s  %s\n' 0ea05e5aca4d5cd593a5f42517dfbec33a711b32ba93dd372a04506d29273376 ./tests/assoc8.sub
++ IFS=
++ read -r f
+++ sha256sum ./tests/assoc9.sub
+++ awk '{print $1}'
++ h=8f606b727976d449361ce397dea2319d953346d06bdaf1e61859adc491006305
++ printf '%s  %s\n' 8f606b727976d449361ce397dea2319d953346d06bdaf1e61859adc491006305 ./tests/assoc9.sub
++ IFS=
++ read -r f
+++ sha256sum ./tests/attr.right
+++ awk '{print $1}'
++ h=7353d3b306723871486c97a185789e9c1d53856ac4fab5d964a6282657873872
++ printf '%s  %s\n' 7353d3b306723871486c97a185789e9c1d53856ac4fab5d964a6282657873872 ./tests/attr.right
++ IFS=
++ read -r f
+++ sha256sum ./tests/attr.tests
+++ awk '{print $1}'
++ h=3125539ec6ab6ced93cd13c6425110ed57b330d113666f1e4fc012851814ce13
++ printf '%s  %s\n' 3125539ec6ab6ced93cd13c6425110ed57b330d113666f1e4fc012851814ce13 ./tests/attr.tests
++ IFS=
++ read -r f
+++ sha256sum ./tests/attr1.sub
+++ awk '{print $1}'
++ h=692c66bf4e4c164fcef743df033359b7720f029713c378ae1442f56da1d80b05
++ printf '%s  %s\n' 692c66bf4e4c164fcef743df033359b7720f029713c378ae1442f56da1d80b05 ./tests/attr1.sub
++ IFS=
++ read -r f
+++ sha256sum ./tests/attr2.sub
+++ awk '{print $1}'
++ h=767977eaa0178b36e4b6b6bbf90eb343becd4026ab977b9613f88d09463f451c
++ printf '%s  %s\n' 767977eaa0178b36e4b6b6bbf90eb343becd4026ab977b9613f88d09463f451c ./tests/attr2.sub
++ IFS=
++ read -r f
+++ sha256sum ./tests/braces.right
+++ awk '{print $1}'
++ h=2cedbfc70be8dc8f891739ee26cac12f19a1dfa83cf20f69c11439eb2d7c0e74
++ printf '%s  %s\n' 2cedbfc70be8dc8f891739ee26cac12f19a1dfa83cf20f69c11439eb2d7c0e74 ./tests/braces.right
++ IFS=
++ read -r f
+++ sha256sum ./tests/braces.tests
+++ awk '{print $1}'
++ h=8c1e935615e051c5fbf740a59abcb0f2999f4935de9fad03a82aeafbff76348a
++ printf '%s  %s\n' 8c1e935615e051c5fbf740a59abcb0f2999f4935de9fad03a82aeafbff76348a ./tests/braces.tests
++ IFS=
++ read -r f
+++ sha256sum ./tests/builtins.right
+++ awk '{print $1}'
++ h=4bbcbab23cc4633fe31b44c498578f5e1714545d19f0e9e25497bab91f1b1058
++ printf '%s  %s\n' 4bbcbab23cc4633fe31b44c498578f5e1714545d19f0e9e25497bab91f1b1058 ./tests/builtins.right
++ IFS=
++ read -r f
+++ sha256sum ./tests/builtins.tests
+++ awk '{print $1}'
++ h=8eb28f9392a9fb526d34e5619015fac9df4a6fdf7a4084ad5259bda6bef4c437
++ printf '%s  %s\n' 8eb28f9392a9fb526d34e5619015fac9df4a6fdf7a4084ad5259bda6bef4c437 ./tests/builtins.tests
++ IFS=
++ read -r f
+++ sha256sum ./tests/builtins1.sub
+++ awk '{print $1}'
++ h=25fc51168f9fbce47cae29ce5a4e0cc3c9c8727e94f1f4fce029e1b63c1dbbd8
++ printf '%s  %s\n' 25fc51168f9fbce47cae29ce5a4e0cc3c9c8727e94f1f4fce029e1b63c1dbbd8 ./tests/builtins1.sub
++ IFS=
++ read -r f
+++ sha256sum ./tests/builtins10.sub
+++ awk '{print $1}'
++ h=bd12cf78b2c40b9508edd5ae2a19030b7a131d53bfb5395ac113c37e5fc1615e
++ printf '%s  %s\n' bd12cf78b2c40b9508edd5ae2a19030b7a131d53bfb5395ac113c37e5fc1615e ./tests/builtins10.sub
++ IFS=
++ read -r f
+++ sha256sum ./tests/builtins11.sub
+++ awk '{print $1}'
++ h=204d2b7f314d227e85dacfed2178bbadb9adffd22bad707874d5ebac98f701e4
++ printf '%s  %s\n' 204d2b7f314d227e85dacfed2178bbadb9adffd22bad707874d5ebac98f701e4 ./tests/builtins11.sub
++ IFS=
++ read -r f
+++ sha256sum ./tests/builtins12.sub
+++ awk '{print $1}'
++ h=bbc5a67d1b06aa4799614351bb40c4ffac7ef7b6faf61510de87e4e5eef7feb5
++ printf '%s  %s\n' bbc5a67d1b06aa4799614351bb40c4ffac7ef7b6faf61510de87e4e5eef7feb5 ./tests/builtins12.sub
++ IFS=
++ read -r f
+++ sha256sum ./tests/builtins2.sub
+++ awk '{print $1}'
++ h=0c3844dbe08c47ead556a0d4e035bc80c29cb1c8aea34517756effac221220d5
++ printf '%s  %s\n' 0c3844dbe08c47ead556a0d4e035bc80c29cb1c8aea34517756effac221220d5 ./tests/builtins2.sub
++ IFS=
++ read -r f
+++ sha256sum ./tests/builtins3.sub
+++ awk '{print $1}'
++ h=06e020388e123b55dc1bdb98af118eb09d23bcabc784f95c00e7e5b9d2f1ba34
++ printf '%s  %s\n' 06e020388e123b55dc1bdb98af118eb09d23bcabc784f95c00e7e5b9d2f1ba34 ./tests/builtins3.sub
++ IFS=
++ read -r f
+++ sha256sum ./tests/builtins4.sub
+++ awk '{print $1}'
++ h=288ede6e80c0b34c0b852d70e4f465b209232a5c08970632d054b45847cf6462
++ printf '%s  %s\n' 288ede6e80c0b34c0b852d70e4f465b209232a5c08970632d054b45847cf6462 ./tests/builtins4.sub
++ IFS=
++ read -r f
+++ sha256sum ./tests/builtins5.sub
+++ awk '{print $1}'
++ h=a4496813bb3adc0d276783590aaa2b5c2532baf9dda8731fe24a7e51b7a444fe
++ printf '%s  %s\n' a4496813bb3adc0d276783590aaa2b5c2532baf9dda8731fe24a7e51b7a444fe ./tests/builtins5.sub
++ IFS=
++ read -r f
+++ sha256sum ./tests/builtins6.sub
+++ awk '{print $1}'
++ h=fbd032c38b5f7bce8ecdb0aa01e46e2f8ffda4fa3ff4ac5ba1bdcb0b97a2ed8a
++ printf '%s  %s\n' fbd032c38b5f7bce8ecdb0aa01e46e2f8ffda4fa3ff4ac5ba1bdcb0b97a2ed8a ./tests/builtins6.sub
++ IFS=
++ read -r f
+++ sha256sum ./tests/builtins7.sub
+++ awk '{print $1}'
++ h=662ef598dd4871e8a457f214a79d8654fde0c0bb69a08849d2ae68e4ceea228c
++ printf '%s  %s\n' 662ef598dd4871e8a457f214a79d8654fde0c0bb69a08849d2ae68e4ceea228c ./tests/builtins7.sub
++ IFS=
++ read -r f
+++ sha256sum ./tests/builtins8.sub
+++ awk '{print $1}'
++ h=a08308b2de3df82733b1a0b54a5007858e0594628d0a295caa05ab16d2ce4674
++ printf '%s  %s\n' a08308b2de3df82733b1a0b54a5007858e0594628d0a295caa05ab16d2ce4674 ./tests/builtins8.sub
++ IFS=
++ read -r f
+++ sha256sum ./tests/builtins9.sub
+++ awk '{print $1}'
++ h=080e094a0fe354063d14090c3e66094c5fe7bad504801e6a150de83e37134b46
++ printf '%s  %s\n' 080e094a0fe354063d14090c3e66094c5fe7bad504801e6a150de83e37134b46 ./tests/builtins9.sub
++ IFS=
++ read -r f
+++ sha256sum ./tests/case.right
+++ awk '{print $1}'
++ h=e79c4c2b22b0753956250fea7afd57166c5fb8e1269ac1eb0342d42643c2f029
++ printf '%s  %s\n' e79c4c2b22b0753956250fea7afd57166c5fb8e1269ac1eb0342d42643c2f029 ./tests/case.right
++ IFS=
++ read -r f
+++ sha256sum ./tests/case.tests
+++ awk '{print $1}'
++ h=5b420bbe71936021aa22b0a85afb0a5ab897a0139f2de62ec90ece156fe2ff7b
++ printf '%s  %s\n' 5b420bbe71936021aa22b0a85afb0a5ab897a0139f2de62ec90ece156fe2ff7b ./tests/case.tests
++ IFS=
++ read -r f
+++ sha256sum ./tests/case1.sub
+++ awk '{print $1}'
++ h=87733c1663a838f26ab3a8cf0e2c62ce43ec7a464492216fa6d77acd172c1538
++ printf '%s  %s\n' 87733c1663a838f26ab3a8cf0e2c62ce43ec7a464492216fa6d77acd172c1538 ./tests/case1.sub
++ IFS=
++ read -r f
+++ sha256sum ./tests/case2.sub
+++ awk '{print $1}'
++ h=728f6cbae79d85fd5c7fab431173ee41258025321bbc04e6b58b7f26a48e4dbe
++ printf '%s  %s\n' 728f6cbae79d85fd5c7fab431173ee41258025321bbc04e6b58b7f26a48e4dbe ./tests/case2.sub
++ IFS=
++ read -r f
+++ sha256sum ./tests/case3.sub
+++ awk '{print $1}'
++ h=9a902c38406de90263a34a51e7bf6a70edb14d4d5964c2e4e00b6a28812362e1
++ printf '%s  %s\n' 9a902c38406de90263a34a51e7bf6a70edb14d4d5964c2e4e00b6a28812362e1 ./tests/case3.sub
++ IFS=
++ read -r f
+++ sha256sum ./tests/case4.sub
+++ awk '{print $1}'
++ h=ba0050b9ade5853034fc7dbe525891545db6a77f4f4d22e8a2b37358035026cc
++ printf '%s  %s\n' ba0050b9ade5853034fc7dbe525891545db6a77f4f4d22e8a2b37358035026cc ./tests/case4.sub
++ IFS=
++ read -r f
+++ sha256sum ./tests/casemod.right
+++ awk '{print $1}'
++ h=ff46004ad4fbdb1291c1731d2b28b3b489f342086f07ac1a0aa3f17d0889cc17
++ printf '%s  %s\n' ff46004ad4fbdb1291c1731d2b28b3b489f342086f07ac1a0aa3f17d0889cc17 ./tests/casemod.right
++ IFS=
++ read -r f
+++ sha256sum ./tests/casemod.tests
+++ awk '{print $1}'
++ h=b951273ae0ba2a347b70bd9b4f4fcb318f6071110d7c0566ade3fd114eebee1b
++ printf '%s  %s\n' b951273ae0ba2a347b70bd9b4f4fcb318f6071110d7c0566ade3fd114eebee1b ./tests/casemod.tests
++ IFS=
++ read -r f
+++ sha256sum ./tests/complete.right
+++ awk '{print $1}'
++ h=5dc338ca607da4b2eb7d1603161e3d6189d6429457c941d9c0c45bc2aed8069c
++ printf '%s  %s\n' 5dc338ca607da4b2eb7d1603161e3d6189d6429457c941d9c0c45bc2aed8069c ./tests/complete.right
++ IFS=
++ read -r f
+++ sha256sum ./tests/complete.tests
+++ awk '{print $1}'
++ h=1a6aaf115ee99731aa954cec8bd8c233ca31d993bed114d7483aa075131dfa94
++ printf '%s  %s\n' 1a6aaf115ee99731aa954cec8bd8c233ca31d993bed114d7483aa075131dfa94 ./tests/complete.tests
++ IFS=
++ read -r f
+++ sha256sum ./tests/comsub-eof.right
+++ awk '{print $1}'
++ h=f820409bde633e77f2b94e9a4ed9eda8c978dbad57da4e58ce7e1b94554cc48b
++ printf '%s  %s\n' f820409bde633e77f2b94e9a4ed9eda8c978dbad57da4e58ce7e1b94554cc48b ./tests/comsub-eof.right
++ IFS=
++ read -r f
+++ sha256sum ./tests/comsub-eof.tests
+++ awk '{print $1}'
++ h=465fa39d66e8cd355e0acfe0db611e1c81f7ba04da92b84b2379b1f5a02464b6
++ printf '%s  %s\n' 465fa39d66e8cd355e0acfe0db611e1c81f7ba04da92b84b2379b1f5a02464b6 ./tests/comsub-eof.tests
++ IFS=
++ read -r f
+++ sha256sum ./tests/comsub-eof0.sub
+++ awk '{print $1}'
++ h=960c318c738104b6ad1274f7877450a02c510349d86e3f610d99d5e9565a6ad2
++ printf '%s  %s\n' 960c318c738104b6ad1274f7877450a02c510349d86e3f610d99d5e9565a6ad2 ./tests/comsub-eof0.sub
++ IFS=
++ read -r f
+++ sha256sum ./tests/comsub-eof1.sub
+++ awk '{print $1}'
++ h=8b3c590840fb3bfef63e9efa0d4e064282dbebb0243ddf0d1e340592b77282c1
++ printf '%s  %s\n' 8b3c590840fb3bfef63e9efa0d4e064282dbebb0243ddf0d1e340592b77282c1 ./tests/comsub-eof1.sub
++ IFS=
++ read -r f
+++ sha256sum ./tests/comsub-eof2.sub
+++ awk '{print $1}'
++ h=d9ca2cee8500176c7e3ac08451e76aec2beb48277957143140d904ce5d736f53
++ printf '%s  %s\n' d9ca2cee8500176c7e3ac08451e76aec2beb48277957143140d904ce5d736f53 ./tests/comsub-eof2.sub
++ IFS=
++ read -r f
+++ sha256sum ./tests/comsub-eof3.sub
+++ awk '{print $1}'
++ h=ad42e3fdd627a8bfe4812f9237a1fe909096ba8fc8579f89b37a24d6e350e796
++ printf '%s  %s\n' ad42e3fdd627a8bfe4812f9237a1fe909096ba8fc8579f89b37a24d6e350e796 ./tests/comsub-eof3.sub
++ IFS=
++ read -r f
+++ sha256sum ./tests/comsub-eof4.sub
+++ awk '{print $1}'
++ h=0f77c4904513dceeda6dfc06e0f9b3232637b39a2c332ee9615b08add865784e
++ printf '%s  %s\n' 0f77c4904513dceeda6dfc06e0f9b3232637b39a2c332ee9615b08add865784e ./tests/comsub-eof4.sub
++ IFS=
++ read -r f
+++ sha256sum ./tests/comsub-eof5.sub
+++ awk '{print $1}'
++ h=28d706ea33a2176f9580bc6c1a66612c04921f32d3c5b0aaecb08770630fc7a8
++ printf '%s  %s\n' 28d706ea33a2176f9580bc6c1a66612c04921f32d3c5b0aaecb08770630fc7a8 ./tests/comsub-eof5.sub
++ IFS=
++ read -r f
+++ sha256sum ./tests/comsub-eof6.sub
+++ awk '{print $1}'
++ h=b2091f72ed03e970fb0b38b8428cdcca302ffc693a2098e606a70e6ee809d913
++ printf '%s  %s\n' b2091f72ed03e970fb0b38b8428cdcca302ffc693a2098e606a70e6ee809d913 ./tests/comsub-eof6.sub
++ IFS=
++ read -r f
+++ sha256sum ./tests/comsub-posix.right
+++ awk '{print $1}'
++ h=b678f2a431095cc146e9600798025aed0b9d339b49a6e943be9d9ee5befc6317
++ printf '%s  %s\n' b678f2a431095cc146e9600798025aed0b9d339b49a6e943be9d9ee5befc6317 ./tests/comsub-posix.right
++ IFS=
++ read -r f
+++ sha256sum ./tests/comsub-posix.tests
+++ awk '{print $1}'
++ h=466e535f81b4fd70e17f2de2aa6d2e750f2c453a01f0892fd46264f10f92bc7f
++ printf '%s  %s\n' 466e535f81b4fd70e17f2de2aa6d2e750f2c453a01f0892fd46264f10f92bc7f ./tests/comsub-posix.tests
++ IFS=
++ read -r f
+++ sha256sum ./tests/comsub-posix1.sub
+++ awk '{print $1}'
++ h=b2c3a7333fe928663c8a7acd15d778096c8dfd681dbc362ac037dccf5564a7cc
++ printf '%s  %s\n' b2c3a7333fe928663c8a7acd15d778096c8dfd681dbc362ac037dccf5564a7cc ./tests/comsub-posix1.sub
++ IFS=
++ read -r f
+++ sha256sum ./tests/comsub-posix2.sub
+++ awk '{print $1}'
++ h=97a5ea29a89f227b4140fc75831d233a6210756e83a333496814dcb9cfe643d2
++ printf '%s  %s\n' 97a5ea29a89f227b4140fc75831d233a6210756e83a333496814dcb9cfe643d2 ./tests/comsub-posix2.sub
++ IFS=
++ read -r f
+++ sha256sum ./tests/comsub-posix3.sub
+++ awk '{print $1}'
++ h=410b25f57bfee32da8653df4c55aa44bbbbcccb29d744fa58d2b93b9b01d256e
++ printf '%s  %s\n' 410b25f57bfee32da8653df4c55aa44bbbbcccb29d744fa58d2b93b9b01d256e ./tests/comsub-posix3.sub
++ IFS=
++ read -r f
+++ sha256sum ./tests/comsub-posix5.sub
+++ awk '{print $1}'
++ h=8e5a976d836f2b0274271198fb7ac4e2cb48c116175f7355052f4c4d2b65a1b4
++ printf '%s  %s\n' 8e5a976d836f2b0274271198fb7ac4e2cb48c116175f7355052f4c4d2b65a1b4 ./tests/comsub-posix5.sub
++ IFS=
++ read -r f
+++ sha256sum ./tests/comsub-posix6.sub
+++ awk '{print $1}'
++ h=8f468a381661ce4329effcc0c70317598861311415422f15c664a5e71030e7e1
++ printf '%s  %s\n' 8f468a381661ce4329effcc0c70317598861311415422f15c664a5e71030e7e1 ./tests/comsub-posix6.sub
++ IFS=
++ read -r f
+++ sha256sum ./tests/comsub.right
+++ awk '{print $1}'
++ h=c2c8dbfbe1078ee1f9ac2a0f70ed7da06458017b92375200089baa0c6418bb0b
++ printf '%s  %s\n' c2c8dbfbe1078ee1f9ac2a0f70ed7da06458017b92375200089baa0c6418bb0b ./tests/comsub.right
++ IFS=
++ read -r f
+++ sha256sum ./tests/comsub.tests
+++ awk '{print $1}'
++ h=efb3a2ec35b9ebfa815f908f2b08782e7f8760ea17466604e3b2cb83282d9e3e
++ printf '%s  %s\n' efb3a2ec35b9ebfa815f908f2b08782e7f8760ea17466604e3b2cb83282d9e3e ./tests/comsub.tests
++ IFS=
++ read -r f
+++ sha256sum ./tests/comsub1.sub
+++ awk '{print $1}'
++ h=ca25c24ea15dc3a2f3b658a4fa3131b4a879866a1226a0d51a5593bc4e3118ac
++ printf '%s  %s\n' ca25c24ea15dc3a2f3b658a4fa3131b4a879866a1226a0d51a5593bc4e3118ac ./tests/comsub1.sub
++ IFS=
++ read -r f
+++ sha256sum ./tests/comsub2.right
+++ awk '{print $1}'
++ h=0070af6d14581b79948ecf22a00cd24d3cd4a226bb3ac44232361c259fc9102c
++ printf '%s  %s\n' 0070af6d14581b79948ecf22a00cd24d3cd4a226bb3ac44232361c259fc9102c ./tests/comsub2.right
++ IFS=
++ read -r f
+++ sha256sum ./tests/comsub2.sub
+++ awk '{print $1}'
++ h=df4cfcd97aca998edfc08da3d782a40235ca91953d769d8b5ec7cda917812d45
++ printf '%s  %s\n' df4cfcd97aca998edfc08da3d782a40235ca91953d769d8b5ec7cda917812d45 ./tests/comsub2.sub
++ IFS=
++ read -r f
+++ sha256sum ./tests/comsub2.tests
+++ awk '{print $1}'
++ h=d4f831c13d20ea01d6d1b15c014ccb338a00860f66ead8d09f1222b9099c33b9
++ printf '%s  %s\n' d4f831c13d20ea01d6d1b15c014ccb338a00860f66ead8d09f1222b9099c33b9 ./tests/comsub2.tests
++ IFS=
++ read -r f
+++ sha256sum ./tests/comsub21.sub
+++ awk '{print $1}'
++ h=cea9b297d9850e2dac3da3a65ee068cc730aec9602b828efb0dad2dd4470e20a
++ printf '%s  %s\n' cea9b297d9850e2dac3da3a65ee068cc730aec9602b828efb0dad2dd4470e20a ./tests/comsub21.sub
++ IFS=
++ read -r f
+++ sha256sum ./tests/comsub22.sub
+++ awk '{print $1}'
++ h=cf97c0dea7da127e65e49ca7f568e6277a5b1cf10f994c23e681b8ab117ef0be
++ printf '%s  %s\n' cf97c0dea7da127e65e49ca7f568e6277a5b1cf10f994c23e681b8ab117ef0be ./tests/comsub22.sub
++ IFS=
++ read -r f
+++ sha256sum ./tests/comsub23.sub
+++ awk '{print $1}'
++ h=9f50785465c3f0d26af194d238497334ee72d1949cc9e26c235a36d6cc7243c1
++ printf '%s  %s\n' 9f50785465c3f0d26af194d238497334ee72d1949cc9e26c235a36d6cc7243c1 ./tests/comsub23.sub
++ IFS=
++ read -r f
+++ sha256sum ./tests/comsub24.sub
+++ awk '{print $1}'
++ h=0b965137782168eb07782981b349eaa0e450fad23772b29beee11dc61ac7acc7
++ printf '%s  %s\n' 0b965137782168eb07782981b349eaa0e450fad23772b29beee11dc61ac7acc7 ./tests/comsub24.sub
++ IFS=
++ read -r f
+++ sha256sum ./tests/comsub25.sub
+++ awk '{print $1}'
++ h=2e751cff54dccbbc40e76d1c5a24424bf5a3c61d95e123b9904f5c891e4e9ff2
++ printf '%s  %s\n' 2e751cff54dccbbc40e76d1c5a24424bf5a3c61d95e123b9904f5c891e4e9ff2 ./tests/comsub25.sub
++ IFS=
++ read -r f
+++ sha256sum ./tests/comsub26.sub
+++ awk '{print $1}'
++ h=246c6cba0f75bb7258cbaaaf45f292ba53c9b798836069451859c819681c67cd
++ printf '%s  %s\n' 246c6cba0f75bb7258cbaaaf45f292ba53c9b798836069451859c819681c67cd ./tests/comsub26.sub
++ IFS=
++ read -r f
+++ sha256sum ./tests/comsub3.sub
+++ awk '{print $1}'
++ h=2eab42220ab287ebe5d254bba0df92e04e6bc87ae65bbb87f966c86099bff1a7
++ printf '%s  %s\n' 2eab42220ab287ebe5d254bba0df92e04e6bc87ae65bbb87f966c86099bff1a7 ./tests/comsub3.sub
++ IFS=
++ read -r f
+++ sha256sum ./tests/comsub4.sub
+++ awk '{print $1}'
++ h=43eb24bd96b9550c21db8bfb6cb3e2953f50a5a8951470effd375feaa0ee17ce
++ printf '%s  %s\n' 43eb24bd96b9550c21db8bfb6cb3e2953f50a5a8951470effd375feaa0ee17ce ./tests/comsub4.sub
++ IFS=
++ read -r f
+++ sha256sum ./tests/comsub5.sub
+++ awk '{print $1}'
++ h=a3976558531fb4c9538d9ce5a9d7ca3c252fdda13e212ab67d3b2b048ede5a02
++ printf '%s  %s\n' a3976558531fb4c9538d9ce5a9d7ca3c252fdda13e212ab67d3b2b048ede5a02 ./tests/comsub5.sub
++ IFS=
++ read -r f
+++ sha256sum ./tests/comsub6.sub
+++ awk '{print $1}'
++ h=c3cabf105bd8184d0e0c812d95cbc3de6443c6f6904dea4b9b30c6329c420d56
++ printf '%s  %s\n' c3cabf105bd8184d0e0c812d95cbc3de6443c6f6904dea4b9b30c6329c420d56 ./tests/comsub6.sub
++ IFS=
++ read -r f
+++ sha256sum ./tests/comsub7.sub
+++ awk '{print $1}'
++ h=ce90728c553e4341589ea9fca918d17ffe17dc17f0930693b4510b3b6ade67b6
++ printf '%s  %s\n' ce90728c553e4341589ea9fca918d17ffe17dc17f0930693b4510b3b6ade67b6 ./tests/comsub7.sub
++ IFS=
++ read -r f
+++ sha256sum ./tests/cond-error1.sub
+++ awk '{print $1}'
++ h=734864d6c1b24041feedc5e44b6f6c895185f212d25201de0561bf80af4d2847
++ printf '%s  %s\n' 734864d6c1b24041feedc5e44b6f6c895185f212d25201de0561bf80af4d2847 ./tests/cond-error1.sub
++ IFS=
++ read -r f
+++ sha256sum ./tests/cond-regexp1.sub
+++ awk '{print $1}'
++ h=b1894a9ae24eb60d2fbdd17d2604c94a423c175ff417e982783da44ec1de74ed
++ printf '%s  %s\n' b1894a9ae24eb60d2fbdd17d2604c94a423c175ff417e982783da44ec1de74ed ./tests/cond-regexp1.sub
++ IFS=
++ read -r f
+++ sha256sum ./tests/cond-regexp2.sub
+++ awk '{print $1}'
++ h=4766aab8034f9564ed3007122ef3a38a8c19003d44ee05cccb00d7726e4932dc
++ printf '%s  %s\n' 4766aab8034f9564ed3007122ef3a38a8c19003d44ee05cccb00d7726e4932dc ./tests/cond-regexp2.sub
++ IFS=
++ read -r f
+++ sha256sum ./tests/cond-regexp3.sub
+++ awk '{print $1}'
++ h=45f96a4fb537f02efde1a76266d6f7a8beb3ccc432731eec1d243c0fe688cd36
++ printf '%s  %s\n' 45f96a4fb537f02efde1a76266d6f7a8beb3ccc432731eec1d243c0fe688cd36 ./tests/cond-regexp3.sub
++ IFS=
++ read -r f
+++ sha256sum ./tests/cond-xtrace1.sub
+++ awk '{print $1}'
++ h=77f9a383781f658312b1a92fcd08525ae866e13f6cbe98998bf9d25343d48882
++ printf '%s  %s\n' 77f9a383781f658312b1a92fcd08525ae866e13f6cbe98998bf9d25343d48882 ./tests/cond-xtrace1.sub
++ IFS=
++ read -r f
+++ sha256sum ./tests/cond.right
+++ awk '{print $1}'
++ h=5f13926c0a41f23af7c0fe6d7045696dc64715cf7866bca51b5110f1b2555bdc
++ printf '%s  %s\n' 5f13926c0a41f23af7c0fe6d7045696dc64715cf7866bca51b5110f1b2555bdc ./tests/cond.right
++ IFS=
++ read -r f
+++ sha256sum ./tests/cond.tests
+++ awk '{print $1}'
++ h=dcbfeaa4971d2f40f0c333ec16a3431373e19762e7ef74b65803f8ed0be9c8b9
++ printf '%s  %s\n' dcbfeaa4971d2f40f0c333ec16a3431373e19762e7ef74b65803f8ed0be9c8b9 ./tests/cond.tests
++ IFS=
++ read -r f
+++ sha256sum ./tests/coproc.right
+++ awk '{print $1}'
++ h=b6bef687014619f8177775a47795a2ede52507582afe409967ce53262624797b
++ printf '%s  %s\n' b6bef687014619f8177775a47795a2ede52507582afe409967ce53262624797b ./tests/coproc.right
++ IFS=
++ read -r f
+++ sha256sum ./tests/coproc.tests
+++ awk '{print $1}'
++ h=1c7a81f48fe2567a21f932ddddcf3a7531cc036b322a28a58c45cb6ffcacd57c
++ printf '%s  %s\n' 1c7a81f48fe2567a21f932ddddcf3a7531cc036b322a28a58c45cb6ffcacd57c ./tests/coproc.tests
++ IFS=
++ read -r f
+++ sha256sum ./tests/cprint.right
+++ awk '{print $1}'
++ h=e1e37b4c1b141079166e47134d1b33852e82089f25f4d508c93ce412881c1247
++ printf '%s  %s\n' e1e37b4c1b141079166e47134d1b33852e82089f25f4d508c93ce412881c1247 ./tests/cprint.right
++ IFS=
++ read -r f
+++ sha256sum ./tests/cprint.tests
+++ awk '{print $1}'
++ h=31ade4a9088a45ebafe917290104f5d6fd7cfabc79412ffddd0beeeadd1b4321
++ printf '%s  %s\n' 31ade4a9088a45ebafe917290104f5d6fd7cfabc79412ffddd0beeeadd1b4321 ./tests/cprint.tests
++ IFS=
++ read -r f
+++ sha256sum ./tests/dbg-support.right
+++ awk '{print $1}'
++ h=cb827108509aa775c0af109a4edcb5fb89ac6635f659e7aade23bd0daadaaf62
++ printf '%s  %s\n' cb827108509aa775c0af109a4edcb5fb89ac6635f659e7aade23bd0daadaaf62 ./tests/dbg-support.right
++ IFS=
++ read -r f
+++ sha256sum ./tests/dbg-support.sub
+++ awk '{print $1}'
++ h=e85ca343a46660197ca8c56b6eb891f68f36d34d3ec0d63cd78194067f898374
++ printf '%s  %s\n' e85ca343a46660197ca8c56b6eb891f68f36d34d3ec0d63cd78194067f898374 ./tests/dbg-support.sub
++ IFS=
++ read -r f
+++ sha256sum ./tests/dbg-support.tests
+++ awk '{print $1}'
++ h=8016f2e377239a029b44a34ae27a2092c48f747f3b76163ee2979ee28d7eda82
++ printf '%s  %s\n' 8016f2e377239a029b44a34ae27a2092c48f747f3b76163ee2979ee28d7eda82 ./tests/dbg-support.tests
++ IFS=
++ read -r f
+++ sha256sum ./tests/dbg-support2.right
+++ awk '{print $1}'
++ h=ce5a508a9c4a6d6c50f15afaa5fa8995b5ccb0c12191c05a1d48dee79b52cf96
++ printf '%s  %s\n' ce5a508a9c4a6d6c50f15afaa5fa8995b5ccb0c12191c05a1d48dee79b52cf96 ./tests/dbg-support2.right
++ IFS=
++ read -r f
+++ sha256sum ./tests/dbg-support2.tests
+++ awk '{print $1}'
++ h=f552c11b4ecd93e54d427af91e9d350f35bb9585874c43afdb78ce40bbc64a69
++ printf '%s  %s\n' f552c11b4ecd93e54d427af91e9d350f35bb9585874c43afdb78ce40bbc64a69 ./tests/dbg-support2.tests
++ IFS=
++ read -r f
+++ sha256sum ./tests/dbg-support3.sub
+++ awk '{print $1}'
++ h=cac2b3179096ef92d69b1832121dd0c0806de43a1b96872463309114b3d7208f
++ printf '%s  %s\n' cac2b3179096ef92d69b1832121dd0c0806de43a1b96872463309114b3d7208f ./tests/dbg-support3.sub
++ IFS=
++ read -r f
+++ sha256sum ./tests/dollar-at-star
+++ awk '{print $1}'
++ h=166189e9c5905af72fac6844dada0252b891fe3512dad4478572a7797b25711d
++ printf '%s  %s\n' 166189e9c5905af72fac6844dada0252b891fe3512dad4478572a7797b25711d ./tests/dollar-at-star
++ IFS=
++ read -r f
+++ sha256sum ./tests/dollar-at-star1.sub
+++ awk '{print $1}'
++ h=76cc62488a09a124de23ac14ff78b2baa592e73ab75ed6373f34b2d00f149ab4
++ printf '%s  %s\n' 76cc62488a09a124de23ac14ff78b2baa592e73ab75ed6373f34b2d00f149ab4 ./tests/dollar-at-star1.sub
++ IFS=
++ read -r f
+++ sha256sum ./tests/dollar-at-star10.sub
+++ awk '{print $1}'
++ h=61747bf0e1dd00ee020e332c005bb744241580e2ff428ca7213ccc9c78142721
++ printf '%s  %s\n' 61747bf0e1dd00ee020e332c005bb744241580e2ff428ca7213ccc9c78142721 ./tests/dollar-at-star10.sub
++ IFS=
++ read -r f
+++ sha256sum ./tests/dollar-at-star11.sub
+++ awk '{print $1}'
++ h=301a8c4bc908d85678699abe9271efba9665e118faaa5f56f45f78d22c8b533f
++ printf '%s  %s\n' 301a8c4bc908d85678699abe9271efba9665e118faaa5f56f45f78d22c8b533f ./tests/dollar-at-star11.sub
++ IFS=
++ read -r f
+++ sha256sum ./tests/dollar-at-star2.sub
+++ awk '{print $1}'
++ h=82fab23d2c6a8a7838d33f556e47795597f65690e055865a9016abb64a4f2b78
++ printf '%s  %s\n' 82fab23d2c6a8a7838d33f556e47795597f65690e055865a9016abb64a4f2b78 ./tests/dollar-at-star2.sub
++ IFS=
++ read -r f
+++ sha256sum ./tests/dollar-at-star3.sub
+++ awk '{print $1}'
++ h=1291d9235a3292cb088fa70cad22e4a5c82b73654ec9c839c38c4948d225bbbf
++ printf '%s  %s\n' 1291d9235a3292cb088fa70cad22e4a5c82b73654ec9c839c38c4948d225bbbf ./tests/dollar-at-star3.sub
++ IFS=
++ read -r f
+++ sha256sum ./tests/dollar-at-star4.sub
+++ awk '{print $1}'
++ h=46ecfb04037c809f9c659a550ec3bcbbbac7a763c60cb7c59e4eb85abd6fa270
++ printf '%s  %s\n' 46ecfb04037c809f9c659a550ec3bcbbbac7a763c60cb7c59e4eb85abd6fa270 ./tests/dollar-at-star4.sub
++ IFS=
++ read -r f
+++ sha256sum ./tests/dollar-at-star5.sub
+++ awk '{print $1}'
++ h=ed3a4c8b88924ee70d61fc149d6ce4b8705c25dd850357abaf6cef8d0a226cf6
++ printf '%s  %s\n' ed3a4c8b88924ee70d61fc149d6ce4b8705c25dd850357abaf6cef8d0a226cf6 ./tests/dollar-at-star5.sub
++ IFS=
++ read -r f
+++ sha256sum ./tests/dollar-at-star6.sub
+++ awk '{print $1}'
++ h=9cf3f2f1a4fec3cba01a12630adb96574e0ad80d23b64f383f66d09ce823752c
++ printf '%s  %s\n' 9cf3f2f1a4fec3cba01a12630adb96574e0ad80d23b64f383f66d09ce823752c ./tests/dollar-at-star6.sub
++ IFS=
++ read -r f
+++ sha256sum ./tests/dollar-at-star7.sub
+++ awk '{print $1}'
++ h=70f15b3ad1e166bedca2aee43b3cbf2d57a05af988287bbf9bf01c81dd9b76d4
++ printf '%s  %s\n' 70f15b3ad1e166bedca2aee43b3cbf2d57a05af988287bbf9bf01c81dd9b76d4 ./tests/dollar-at-star7.sub
++ IFS=
++ read -r f
+++ sha256sum ./tests/dollar-at-star8.sub
+++ awk '{print $1}'
++ h=ecb77bc0f6ed76b3c08a2b278f197b985f7e1b8f05db9469028fd1e2e048e485
++ printf '%s  %s\n' ecb77bc0f6ed76b3c08a2b278f197b985f7e1b8f05db9469028fd1e2e048e485 ./tests/dollar-at-star8.sub
++ IFS=
++ read -r f
+++ sha256sum ./tests/dollar-at-star9.sub
+++ awk '{print $1}'
++ h=1fbf20113a14f7429d24fb9b0a1cfe02344fd22f6ab1cee657bb26e5bb5d44ce
++ printf '%s  %s\n' 1fbf20113a14f7429d24fb9b0a1cfe02344fd22f6ab1cee657bb26e5bb5d44ce ./tests/dollar-at-star9.sub
++ IFS=
++ read -r f
+++ sha256sum ./tests/dollar-at1.sub
+++ awk '{print $1}'
++ h=02f32e844c5f2d868366b2320184ef64d6bdddbd493246b41238fe1825f2c79f
++ printf '%s  %s\n' 02f32e844c5f2d868366b2320184ef64d6bdddbd493246b41238fe1825f2c79f ./tests/dollar-at1.sub
++ IFS=
++ read -r f
+++ sha256sum ./tests/dollar-at2.sub
+++ awk '{print $1}'
++ h=84a9e1ef8d8962a65d8e44881fd326f21f7ab6862a0892ef369aa2d3854e4e0e
++ printf '%s  %s\n' 84a9e1ef8d8962a65d8e44881fd326f21f7ab6862a0892ef369aa2d3854e4e0e ./tests/dollar-at2.sub
++ IFS=
++ read -r f
+++ sha256sum ./tests/dollar-at3.sub
+++ awk '{print $1}'
++ h=32a03af6be5325044aab80dc0d96c591916e268e8ffb8c314d2cd2d06fc59f67
++ printf '%s  %s\n' 32a03af6be5325044aab80dc0d96c591916e268e8ffb8c314d2cd2d06fc59f67 ./tests/dollar-at3.sub
++ IFS=
++ read -r f
+++ sha256sum ./tests/dollar-at4.sub
+++ awk '{print $1}'
++ h=917f97504edf36a0b8a95ae875e337aea3a819303266553bc4f13b7f83bef3b0
++ printf '%s  %s\n' 917f97504edf36a0b8a95ae875e337aea3a819303266553bc4f13b7f83bef3b0 ./tests/dollar-at4.sub
++ IFS=
++ read -r f
+++ sha256sum ./tests/dollar-at5.sub
+++ awk '{print $1}'
++ h=ca5b947b233f85c31d5b6ce1b1d628f1a6dcff2c7857a61badd98cfd1d364fc0
++ printf '%s  %s\n' ca5b947b233f85c31d5b6ce1b1d628f1a6dcff2c7857a61badd98cfd1d364fc0 ./tests/dollar-at5.sub
++ IFS=
++ read -r f
+++ sha256sum ./tests/dollar-at6.sub
+++ awk '{print $1}'
++ h=21cb95efce118236e4b295854eddeff339dd4af16fcee91bd4e2cade59d1d61a
++ printf '%s  %s\n' 21cb95efce118236e4b295854eddeff339dd4af16fcee91bd4e2cade59d1d61a ./tests/dollar-at6.sub
++ IFS=
++ read -r f
+++ sha256sum ./tests/dollar-at7.sub
+++ awk '{print $1}'
++ h=dfb598c124791fc3ad5862f65ed2c139b24ab3f19ac46500bfd87d4df792ca84
++ printf '%s  %s\n' dfb598c124791fc3ad5862f65ed2c139b24ab3f19ac46500bfd87d4df792ca84 ./tests/dollar-at7.sub
++ IFS=
++ read -r f
+++ sha256sum ./tests/dollar-star1.sub
+++ awk '{print $1}'
++ h=07f9c3c4f36d0ba4f8424cc475376b43ea2c151b81b60142027764418ab8c02d
++ printf '%s  %s\n' 07f9c3c4f36d0ba4f8424cc475376b43ea2c151b81b60142027764418ab8c02d ./tests/dollar-star1.sub
++ IFS=
++ read -r f
+++ sha256sum ./tests/dollar-star10.sub
+++ awk '{print $1}'
++ h=973d12fd54bcf45ffd1f9ca6d4b65048f09b66fca20cc91211ee85e037fc550b
++ printf '%s  %s\n' 973d12fd54bcf45ffd1f9ca6d4b65048f09b66fca20cc91211ee85e037fc550b ./tests/dollar-star10.sub
++ IFS=
++ read -r f
+++ sha256sum ./tests/dollar-star11.sub
+++ awk '{print $1}'
++ h=3a516a265869d7415e74f7768024e076b4bf5a0beea1d6852e605fac444e69a0
++ printf '%s  %s\n' 3a516a265869d7415e74f7768024e076b4bf5a0beea1d6852e605fac444e69a0 ./tests/dollar-star11.sub
++ IFS=
++ read -r f
+++ sha256sum ./tests/dollar-star2.sub
+++ awk '{print $1}'
++ h=8c1b700eba9fdefd12c3992219e0aad2b661a84bc8753d48710a60f80bc7a7be
++ printf '%s  %s\n' 8c1b700eba9fdefd12c3992219e0aad2b661a84bc8753d48710a60f80bc7a7be ./tests/dollar-star2.sub
++ IFS=
++ read -r f
+++ sha256sum ./tests/dollar-star3.sub
+++ awk '{print $1}'
++ h=30a9b6c7320ccb99e5d2454f096c12c103d393f3351de38adab68265c5222d37
++ printf '%s  %s\n' 30a9b6c7320ccb99e5d2454f096c12c103d393f3351de38adab68265c5222d37 ./tests/dollar-star3.sub
++ IFS=
++ read -r f
+++ sha256sum ./tests/dollar-star4.sub
+++ awk '{print $1}'
++ h=f361ff0a339a6306c60c8ef8c9af2bdc586b86ab6a09840fe8c487f4a55c7978
++ printf '%s  %s\n' f361ff0a339a6306c60c8ef8c9af2bdc586b86ab6a09840fe8c487f4a55c7978 ./tests/dollar-star4.sub
++ IFS=
++ read -r f
+++ sha256sum ./tests/dollar-star5.sub
+++ awk '{print $1}'
++ h=84609f68cf291052101198d6c53526a0d17d0de4549da0313c56c313aa3c1a06
++ printf '%s  %s\n' 84609f68cf291052101198d6c53526a0d17d0de4549da0313c56c313aa3c1a06 ./tests/dollar-star5.sub
++ IFS=
++ read -r f
+++ sha256sum ./tests/dollar-star6.sub
+++ awk '{print $1}'
++ h=47361bea6fb0027d0b54fcc5dbb904426e3326f260844f85953b9aa380bcd7a0
++ printf '%s  %s\n' 47361bea6fb0027d0b54fcc5dbb904426e3326f260844f85953b9aa380bcd7a0 ./tests/dollar-star6.sub
++ IFS=
++ read -r f
+++ sha256sum ./tests/dollar-star7.sub
+++ awk '{print $1}'
++ h=21233eeff359b89a13a4bafeb2d16c47d547da57c2e4ec8e0ccbcd3cd801fabd
++ printf '%s  %s\n' 21233eeff359b89a13a4bafeb2d16c47d547da57c2e4ec8e0ccbcd3cd801fabd ./tests/dollar-star7.sub
++ IFS=
++ read -r f
+++ sha256sum ./tests/dollar-star8.sub
+++ awk '{print $1}'
++ h=bbf3caea971c153168a206ebf2c1fc63d7c68bf86e97503bbcbfef228199d682
++ printf '%s  %s\n' bbf3caea971c153168a206ebf2c1fc63d7c68bf86e97503bbcbfef228199d682 ./tests/dollar-star8.sub
++ IFS=
++ read -r f
+++ sha256sum ./tests/dollar-star9.sub
+++ awk '{print $1}'
++ h=1d11e9d1be08324deb7e7359283e361a88f505224f8691a5dee17cd2019cdee8
++ printf '%s  %s\n' 1d11e9d1be08324deb7e7359283e361a88f505224f8691a5dee17cd2019cdee8 ./tests/dollar-star9.sub
++ IFS=
++ read -r f
+++ sha256sum ./tests/dollar.right
+++ awk '{print $1}'
++ h=edd263d37628ab8682b06d7dae5e481a09d4a1eb010cf806990e58e0e4666262
++ printf '%s  %s\n' edd263d37628ab8682b06d7dae5e481a09d4a1eb010cf806990e58e0e4666262 ./tests/dollar.right
++ IFS=
++ read -r f
+++ sha256sum ./tests/dstack.right
+++ awk '{print $1}'
++ h=8e2bc08d6fd891da4acbda2830c6c9f77b6eb93ed75e81f98eccf1c3da545e53
++ printf '%s  %s\n' 8e2bc08d6fd891da4acbda2830c6c9f77b6eb93ed75e81f98eccf1c3da545e53 ./tests/dstack.right
++ IFS=
++ read -r f
+++ sha256sum ./tests/dstack.tests
+++ awk '{print $1}'
++ h=641eed4e6b5eae8b9d9e32dfa1b179de679974b828f83183b93465f7b1f1c140
++ printf '%s  %s\n' 641eed4e6b5eae8b9d9e32dfa1b179de679974b828f83183b93465f7b1f1c140 ./tests/dstack.tests
++ IFS=
++ read -r f
+++ sha256sum ./tests/dstack2.right
+++ awk '{print $1}'
++ h=2d0c780d6969918674a3707a94efc595a5313cac7c5be61b23bfd7254a03f446
++ printf '%s  %s\n' 2d0c780d6969918674a3707a94efc595a5313cac7c5be61b23bfd7254a03f446 ./tests/dstack2.right
++ IFS=
++ read -r f
+++ sha256sum ./tests/dstack2.tests
+++ awk '{print $1}'
++ h=60620a60d9ed3ed86b2cf37120d12e1af8e92f6d8593c7a1c0e89f4fdfcd837e
++ printf '%s  %s\n' 60620a60d9ed3ed86b2cf37120d12e1af8e92f6d8593c7a1c0e89f4fdfcd837e ./tests/dstack2.tests
++ IFS=
++ read -r f
+++ sha256sum ./tests/dynvar.right
+++ awk '{print $1}'
++ h=be5577a358924c571663a207e73087b2e13dbdf43b29a9b7b21a9825856dce2d
++ printf '%s  %s\n' be5577a358924c571663a207e73087b2e13dbdf43b29a9b7b21a9825856dce2d ./tests/dynvar.right
++ IFS=
++ read -r f
+++ sha256sum ./tests/dynvar.tests
+++ awk '{print $1}'
++ h=7e8e7cb5b1ecab69c3dc903ca8d730d01e38863f48bcd4b1e6062d95855a3e25
++ printf '%s  %s\n' 7e8e7cb5b1ecab69c3dc903ca8d730d01e38863f48bcd4b1e6062d95855a3e25 ./tests/dynvar.tests
++ IFS=
++ read -r f
+++ sha256sum ./tests/errors.right
+++ awk '{print $1}'
++ h=d55838651491b337c906d17c2551844cd92bd73b351ddea1199cb9749accda94
++ printf '%s  %s\n' d55838651491b337c906d17c2551844cd92bd73b351ddea1199cb9749accda94 ./tests/errors.right
++ IFS=
++ read -r f
+++ sha256sum ./tests/errors.tests
+++ awk '{print $1}'
++ h=f1f899c13ded25c630d78f57def9d5eae6d7d6ce40d2eeebe3055c49947d0845
++ printf '%s  %s\n' f1f899c13ded25c630d78f57def9d5eae6d7d6ce40d2eeebe3055c49947d0845 ./tests/errors.tests
++ IFS=
++ read -r f
+++ sha256sum ./tests/errors1.sub
+++ awk '{print $1}'
++ h=14f5ef8187be04404027552724ef941a6579b0d2254989f31209c7d7baa7d03e
++ printf '%s  %s\n' 14f5ef8187be04404027552724ef941a6579b0d2254989f31209c7d7baa7d03e ./tests/errors1.sub
++ IFS=
++ read -r f
+++ sha256sum ./tests/errors10.sub
+++ awk '{print $1}'
++ h=4c81aa7f1d7e11ca01823d86e1c7a63b3e3fa52e4920f0690e51f0c70afa63ce
++ printf '%s  %s\n' 4c81aa7f1d7e11ca01823d86e1c7a63b3e3fa52e4920f0690e51f0c70afa63ce ./tests/errors10.sub
++ IFS=
++ read -r f
+++ sha256sum ./tests/errors11.sub
+++ awk '{print $1}'
++ h=58efe2f0f344829b87ca1fb75a8867cc5e41d099ae136b8b7c882daad84cbaee
++ printf '%s  %s\n' 58efe2f0f344829b87ca1fb75a8867cc5e41d099ae136b8b7c882daad84cbaee ./tests/errors11.sub
++ IFS=
++ read -r f
+++ sha256sum ./tests/errors12.sub
+++ awk '{print $1}'
++ h=4615f28c76527e5c0206c4594d57d9fe8dc5802c4a9ed46c1cffa377146b3351
++ printf '%s  %s\n' 4615f28c76527e5c0206c4594d57d9fe8dc5802c4a9ed46c1cffa377146b3351 ./tests/errors12.sub
++ IFS=
++ read -r f
+++ sha256sum ./tests/errors2.sub
+++ awk '{print $1}'
++ h=0fbc62c55841fb094af7e8c411be9a2c63bba2652a2f02c5f3bc437b3150ba9e
++ printf '%s  %s\n' 0fbc62c55841fb094af7e8c411be9a2c63bba2652a2f02c5f3bc437b3150ba9e ./tests/errors2.sub
++ IFS=
++ read -r f
+++ sha256sum ./tests/errors3.sub
+++ awk '{print $1}'
++ h=edeefbe58998509912bf733357c0464715fcade3dfae7f908fbaa12c45cf99d5
++ printf '%s  %s\n' edeefbe58998509912bf733357c0464715fcade3dfae7f908fbaa12c45cf99d5 ./tests/errors3.sub
++ IFS=
++ read -r f
+++ sha256sum ./tests/errors4.sub
+++ awk '{print $1}'
++ h=2f032de76b7363b64c4e3f3c12c54cd0558dbbb15f48c6ecd865c333f91f6e90
++ printf '%s  %s\n' 2f032de76b7363b64c4e3f3c12c54cd0558dbbb15f48c6ecd865c333f91f6e90 ./tests/errors4.sub
++ IFS=
++ read -r f
+++ sha256sum ./tests/errors5.sub
+++ awk '{print $1}'
++ h=5488240360a94053c0fa31ed6541fd5dfb32d084b55624a7309c8818e13b58ba
++ printf '%s  %s\n' 5488240360a94053c0fa31ed6541fd5dfb32d084b55624a7309c8818e13b58ba ./tests/errors5.sub
++ IFS=
++ read -r f
+++ sha256sum ./tests/errors6.sub
+++ awk '{print $1}'
++ h=b4cee6ae90297ceaafe3ba1c35dba8bc9257df8fbb1638221c0dde5cbedb18d4
++ printf '%s  %s\n' b4cee6ae90297ceaafe3ba1c35dba8bc9257df8fbb1638221c0dde5cbedb18d4 ./tests/errors6.sub
++ IFS=
++ read -r f
+++ sha256sum ./tests/errors7.sub
+++ awk '{print $1}'
++ h=12f5de183216c37095fa4754d679b3bc9af0d7854d0abb3216530101417b1e13
++ printf '%s  %s\n' 12f5de183216c37095fa4754d679b3bc9af0d7854d0abb3216530101417b1e13 ./tests/errors7.sub
++ IFS=
++ read -r f
+++ sha256sum ./tests/errors8.sub
+++ awk '{print $1}'
++ h=448fc8e9d5ccd584edd23696a9d8bf2aefd4011497d818c3d99a0bfcd032326a
++ printf '%s  %s\n' 448fc8e9d5ccd584edd23696a9d8bf2aefd4011497d818c3d99a0bfcd032326a ./tests/errors8.sub
++ IFS=
++ read -r f
+++ sha256sum ./tests/errors9.sub
+++ awk '{print $1}'
++ h=da57f7388138e690ee71016159dd6448f7056808f204a69e255687b9a2150390
++ printf '%s  %s\n' da57f7388138e690ee71016159dd6448f7056808f204a69e255687b9a2150390 ./tests/errors9.sub
++ IFS=
++ read -r f
+++ sha256sum ./tests/exec.right
+++ awk '{print $1}'
++ h=c10ab6fbc1e185fb7cfa82d3d63550dc751152da0ad846ba0625573d35f481c5
++ printf '%s  %s\n' c10ab6fbc1e185fb7cfa82d3d63550dc751152da0ad846ba0625573d35f481c5 ./tests/exec.right
++ IFS=
++ read -r f
+++ sha256sum ./tests/exec1.sub
+++ awk '{print $1}'
++ h=86d0c0ad767484dc15d980e50c2df0375498b106bdab7e4174b6ae5cc95857a4
++ printf '%s  %s\n' 86d0c0ad767484dc15d980e50c2df0375498b106bdab7e4174b6ae5cc95857a4 ./tests/exec1.sub
++ IFS=
++ read -r f
+++ sha256sum ./tests/exec10.sub
+++ awk '{print $1}'
++ h=67fdf6b919c232f709584cef42874b6013006d0f947b903c29dd9e93392dbfc9
++ printf '%s  %s\n' 67fdf6b919c232f709584cef42874b6013006d0f947b903c29dd9e93392dbfc9 ./tests/exec10.sub
++ IFS=
++ read -r f
+++ sha256sum ./tests/exec11.sub
+++ awk '{print $1}'
++ h=1e64739f197bad1f2bcba22c1ea7a19eb1eb176e0ec4dbdfafb7bd8a9cb40f41
++ printf '%s  %s\n' 1e64739f197bad1f2bcba22c1ea7a19eb1eb176e0ec4dbdfafb7bd8a9cb40f41 ./tests/exec11.sub
++ IFS=
++ read -r f
+++ sha256sum ./tests/exec12.sub
+++ awk '{print $1}'
++ h=75f4387af57775e6dd5b424c5ef884b927302e8a61e16773ec7431575b7aa8be
++ printf '%s  %s\n' 75f4387af57775e6dd5b424c5ef884b927302e8a61e16773ec7431575b7aa8be ./tests/exec12.sub
++ IFS=
++ read -r f
+++ sha256sum ./tests/exec13.sub
+++ awk '{print $1}'
++ h=6e555a2a0eb3ab4e653af023679d9cf8e98ee156e069201461f6cf144eb5e7e5
++ printf '%s  %s\n' 6e555a2a0eb3ab4e653af023679d9cf8e98ee156e069201461f6cf144eb5e7e5 ./tests/exec13.sub
++ IFS=
++ read -r f
+++ sha256sum ./tests/exec14.sub
+++ awk '{print $1}'
++ h=5afd9f744ae415699916a354d26babaa051e8c61da7d352c789cb224b1149202
++ printf '%s  %s\n' 5afd9f744ae415699916a354d26babaa051e8c61da7d352c789cb224b1149202 ./tests/exec14.sub
++ IFS=
++ read -r f
+++ sha256sum ./tests/exec15.sub
+++ awk '{print $1}'
++ h=34afc9dcbaaa574c8de6a664031f0edd2327ee9994702e5a1aa08de3011fbd70
++ printf '%s  %s\n' 34afc9dcbaaa574c8de6a664031f0edd2327ee9994702e5a1aa08de3011fbd70 ./tests/exec15.sub
++ IFS=
++ read -r f
+++ sha256sum ./tests/exec16.sub
+++ awk '{print $1}'
++ h=18f3a013506adc1d1348632f4b8484cdd53f2cb7bf0f7541b40669387aa66b84
++ printf '%s  %s\n' 18f3a013506adc1d1348632f4b8484cdd53f2cb7bf0f7541b40669387aa66b84 ./tests/exec16.sub
++ IFS=
++ read -r f
+++ sha256sum ./tests/exec17.sub
+++ awk '{print $1}'
++ h=30d9a03c8b23daa5028f8f66876364e320dc88f2ca78b8156c71c0a72f7889e4
++ printf '%s  %s\n' 30d9a03c8b23daa5028f8f66876364e320dc88f2ca78b8156c71c0a72f7889e4 ./tests/exec17.sub
++ IFS=
++ read -r f
+++ sha256sum ./tests/exec2.sub
+++ awk '{print $1}'
++ h=de1dcd83ad71d51f71462fb2ac45cd2675138a9ed191cfab84f2f7351ae72f0c
++ printf '%s  %s\n' de1dcd83ad71d51f71462fb2ac45cd2675138a9ed191cfab84f2f7351ae72f0c ./tests/exec2.sub
++ IFS=
++ read -r f
+++ sha256sum ./tests/exec3.sub
+++ awk '{print $1}'
++ h=b5c39423e44f6ba291c8fbb32ffcf85fdda9d05b6bef2246f2e6f38ad9c9e7e3
++ printf '%s  %s\n' b5c39423e44f6ba291c8fbb32ffcf85fdda9d05b6bef2246f2e6f38ad9c9e7e3 ./tests/exec3.sub
++ IFS=
++ read -r f
+++ sha256sum ./tests/exec4.sub
+++ awk '{print $1}'
++ h=33a2f0b9c91a67d27b4b1255adf7ad6242fe16afaaa211795641171f037d7db9
++ printf '%s  %s\n' 33a2f0b9c91a67d27b4b1255adf7ad6242fe16afaaa211795641171f037d7db9 ./tests/exec4.sub
++ IFS=
++ read -r f
+++ sha256sum ./tests/exec5.sub
+++ awk '{print $1}'
++ h=de2531a8b01038f97b6ff5932375b88af09398e014b30b751d2e20e5270a4a4b
++ printf '%s  %s\n' de2531a8b01038f97b6ff5932375b88af09398e014b30b751d2e20e5270a4a4b ./tests/exec5.sub
++ IFS=
++ read -r f
+++ sha256sum ./tests/exec6.sub
+++ awk '{print $1}'
++ h=d929c461c3b2d0078b1f6ffb74cf444db818956a57a2acab656a9a05d44e8d7d
++ printf '%s  %s\n' d929c461c3b2d0078b1f6ffb74cf444db818956a57a2acab656a9a05d44e8d7d ./tests/exec6.sub
++ IFS=
++ read -r f
+++ sha256sum ./tests/exec7.sub
+++ awk '{print $1}'
++ h=63208adf8375ebf1544f7f8d000227bfa34eea196ec6bdba0712da6634b26a3e
++ printf '%s  %s\n' 63208adf8375ebf1544f7f8d000227bfa34eea196ec6bdba0712da6634b26a3e ./tests/exec7.sub
++ IFS=
++ read -r f
+++ sha256sum ./tests/exec8.sub
+++ awk '{print $1}'
++ h=3dbe8a9d76e3a590270b4ee017aac55cd5c554a0a7206917e7b678295a809231
++ printf '%s  %s\n' 3dbe8a9d76e3a590270b4ee017aac55cd5c554a0a7206917e7b678295a809231 ./tests/exec8.sub
++ IFS=
++ read -r f
+++ sha256sum ./tests/exec9.sub
+++ awk '{print $1}'
++ h=8b3615caaec4629a2c5f0613abf439ef54a6fe5411930d99c9b5fcbf6c48a476
++ printf '%s  %s\n' 8b3615caaec4629a2c5f0613abf439ef54a6fe5411930d99c9b5fcbf6c48a476 ./tests/exec9.sub
++ IFS=
++ read -r f
+++ sha256sum ./tests/execscript
+++ awk '{print $1}'
++ h=c66efe2fb9e9be43daae0dd8571a770771cb717c81eed73ae4cf8d8da6008d7b
++ printf '%s  %s\n' c66efe2fb9e9be43daae0dd8571a770771cb717c81eed73ae4cf8d8da6008d7b ./tests/execscript
++ IFS=
++ read -r f
+++ sha256sum ./tests/exp.right
+++ awk '{print $1}'
++ h=04155a2780481b5e3ec69ffa8261153fb7eb24b3a0c051b42ca4412b3ccf1469
++ printf '%s  %s\n' 04155a2780481b5e3ec69ffa8261153fb7eb24b3a0c051b42ca4412b3ccf1469 ./tests/exp.right
++ IFS=
++ read -r f
+++ sha256sum ./tests/exp.tests
+++ awk '{print $1}'
++ h=61d18513dcf789da86c5af8d1e843a367684dc23e509efc580b4f9ff9c832d3c
++ printf '%s  %s\n' 61d18513dcf789da86c5af8d1e843a367684dc23e509efc580b4f9ff9c832d3c ./tests/exp.tests
++ IFS=
++ read -r f
+++ sha256sum ./tests/exp1.sub
+++ awk '{print $1}'
++ h=6bfad7446ae085393a65d20204a4551e8814790bedc984052464600232ffd46e
++ printf '%s  %s\n' 6bfad7446ae085393a65d20204a4551e8814790bedc984052464600232ffd46e ./tests/exp1.sub
++ IFS=
++ read -r f
+++ sha256sum ./tests/exp10.sub
+++ awk '{print $1}'
++ h=c81df648a5424df4fb8eb59331c49df9a8a556e5c24e0f86d76bdb7abcb0ff86
++ printf '%s  %s\n' c81df648a5424df4fb8eb59331c49df9a8a556e5c24e0f86d76bdb7abcb0ff86 ./tests/exp10.sub
++ IFS=
++ read -r f
+++ sha256sum ./tests/exp11.sub
+++ awk '{print $1}'
++ h=ee26b10e1bc94497893f2efadbbda5230d7c070b28f643aa9fde95a49adae89e
++ printf '%s  %s\n' ee26b10e1bc94497893f2efadbbda5230d7c070b28f643aa9fde95a49adae89e ./tests/exp11.sub
++ IFS=
++ read -r f
+++ sha256sum ./tests/exp12.sub
+++ awk '{print $1}'
++ h=b60fd5aefd94de921978641afc1e292757263be8e5da69687fb1a422f028e316
++ printf '%s  %s\n' b60fd5aefd94de921978641afc1e292757263be8e5da69687fb1a422f028e316 ./tests/exp12.sub
++ IFS=
++ read -r f
+++ sha256sum ./tests/exp13.sub
+++ awk '{print $1}'
++ h=dde578a82ebb499b4d0685af725502ab1d70009a3073b85a6c22841ccd9eda34
++ printf '%s  %s\n' dde578a82ebb499b4d0685af725502ab1d70009a3073b85a6c22841ccd9eda34 ./tests/exp13.sub
++ IFS=
++ read -r f
+++ awk '{print $1}'
+++ sha256sum ./tests/exp2.sub
++ h=c4ae6cc1608d75be82788d13982e5df2ef4e8ac500f0530f2d7bca347a80d81d
++ printf '%s  %s\n' c4ae6cc1608d75be82788d13982e5df2ef4e8ac500f0530f2d7bca347a80d81d ./tests/exp2.sub
++ IFS=
++ read -r f
+++ sha256sum ./tests/exp3.sub
+++ awk '{print $1}'
++ h=bd0104998540d95273bc39dd7f62573825b199c861f99637a32b746b939a06ab
++ printf '%s  %s\n' bd0104998540d95273bc39dd7f62573825b199c861f99637a32b746b939a06ab ./tests/exp3.sub
++ IFS=
++ read -r f
+++ sha256sum ./tests/exp4.sub
+++ awk '{print $1}'
++ h=e4fd178f5db7fc178e5c00f5886a72d451a54cd148ccd127c0a514adee1749bb
++ printf '%s  %s\n' e4fd178f5db7fc178e5c00f5886a72d451a54cd148ccd127c0a514adee1749bb ./tests/exp4.sub
++ IFS=
++ read -r f
+++ sha256sum ./tests/exp5.sub
+++ awk '{print $1}'
++ h=9d07ef4e02bb03f8277c8fa3d52a66316adf1ff4ca58409fef83be50b675b823
++ printf '%s  %s\n' 9d07ef4e02bb03f8277c8fa3d52a66316adf1ff4ca58409fef83be50b675b823 ./tests/exp5.sub
++ IFS=
++ read -r f
+++ sha256sum ./tests/exp6.sub
+++ awk '{print $1}'
++ h=84899e10e2a5506d4276a171ef208aeb802a78cba7e211c9354cb2ed50df3646
++ printf '%s  %s\n' 84899e10e2a5506d4276a171ef208aeb802a78cba7e211c9354cb2ed50df3646 ./tests/exp6.sub
++ IFS=
++ read -r f
+++ sha256sum ./tests/exp7.sub
+++ awk '{print $1}'
++ h=ff9c22a893dc786b3a812ec46e76dcf63551948daafc91fc840157bde749a878
++ printf '%s  %s\n' ff9c22a893dc786b3a812ec46e76dcf63551948daafc91fc840157bde749a878 ./tests/exp7.sub
++ IFS=
++ read -r f
+++ sha256sum ./tests/exp8.sub
+++ awk '{print $1}'
++ h=51c2cc0a49e79bc7811204e37fe08e2b74f0d2efacbf53a114d12b05cdcce76d
++ printf '%s  %s\n' 51c2cc0a49e79bc7811204e37fe08e2b74f0d2efacbf53a114d12b05cdcce76d ./tests/exp8.sub
++ IFS=
++ read -r f
+++ sha256sum ./tests/exp9.sub
+++ awk '{print $1}'
++ h=0a4bab7ba51c221ae6deb3a54ba2596964d8159b680865c5538f0c33bbf4f600
++ printf '%s  %s\n' 0a4bab7ba51c221ae6deb3a54ba2596964d8159b680865c5538f0c33bbf4f600 ./tests/exp9.sub
++ IFS=
++ read -r f
+++ sha256sum ./tests/exportfunc.right
+++ awk '{print $1}'
++ h=f1aa6aac26d71131ff76d41b30b76a3be6fb4e4005baa4f45b348cba6b1f096c
++ printf '%s  %s\n' f1aa6aac26d71131ff76d41b30b76a3be6fb4e4005baa4f45b348cba6b1f096c ./tests/exportfunc.right
++ IFS=
++ read -r f
+++ sha256sum ./tests/exportfunc.tests
+++ awk '{print $1}'
++ h=91fff009a065087ce7263f62be7e415f1d54c127764bd1d6a975a6de55b4a3c8
++ printf '%s  %s\n' 91fff009a065087ce7263f62be7e415f1d54c127764bd1d6a975a6de55b4a3c8 ./tests/exportfunc.tests
++ IFS=
++ read -r f
+++ sha256sum ./tests/exportfunc1.sub
+++ awk '{print $1}'
++ h=9f66ed87be9809a031ecf505538ffb477cd9776657c9255fef7cf7d259e6e8be
++ printf '%s  %s\n' 9f66ed87be9809a031ecf505538ffb477cd9776657c9255fef7cf7d259e6e8be ./tests/exportfunc1.sub
++ IFS=
++ read -r f
+++ sha256sum ./tests/exportfunc2.sub
+++ awk '{print $1}'
++ h=344a70d3723a31d9e019a7afad224af426b5388bd6c2903cfcdb4b71596ac747
++ printf '%s  %s\n' 344a70d3723a31d9e019a7afad224af426b5388bd6c2903cfcdb4b71596ac747 ./tests/exportfunc2.sub
++ IFS=
++ read -r f
+++ sha256sum ./tests/exportfunc3.sub
+++ awk '{print $1}'
++ h=177f3e349f905f078d0dbb8a41be3b78312a31a271bb700b05574d571709ee47
++ printf '%s  %s\n' 177f3e349f905f078d0dbb8a41be3b78312a31a271bb700b05574d571709ee47 ./tests/exportfunc3.sub
++ IFS=
++ read -r f
+++ sha256sum ./tests/extglob.right
+++ awk '{print $1}'
++ h=d2a0c71a48d1d5f5c493b45357e43239f97174441bad75461fdfe27c25843f8a
++ printf '%s  %s\n' d2a0c71a48d1d5f5c493b45357e43239f97174441bad75461fdfe27c25843f8a ./tests/extglob.right
++ IFS=
++ read -r f
+++ sha256sum ./tests/extglob.tests
+++ awk '{print $1}'
++ h=ba524ff36b137bc710ab3f7a4dc98ea7a5190f8270f75dd98676cdec30b48f71
++ printf '%s  %s\n' ba524ff36b137bc710ab3f7a4dc98ea7a5190f8270f75dd98676cdec30b48f71 ./tests/extglob.tests
++ IFS=
++ read -r f
+++ sha256sum ./tests/extglob1.sub
+++ awk '{print $1}'
++ h=d511319ba306f27f445b4b19ffb4eb9023da5f21b2b963a423ffcdcf9b2b212f
++ printf '%s  %s\n' d511319ba306f27f445b4b19ffb4eb9023da5f21b2b963a423ffcdcf9b2b212f ./tests/extglob1.sub
++ IFS=
++ read -r f
+++ sha256sum ./tests/extglob1a.sub
+++ awk '{print $1}'
++ h=ef623547ddc3f7a92a95cf1f129e89d2d0d6cc0289422daf9952991820ac8941
++ printf '%s  %s\n' ef623547ddc3f7a92a95cf1f129e89d2d0d6cc0289422daf9952991820ac8941 ./tests/extglob1a.sub
++ IFS=
++ read -r f
+++ sha256sum ./tests/extglob2.right
+++ awk '{print $1}'
++ h=77d35d0156c8c42ad71bd2d9bf258b7fba4ee93f50cf0d78d5316c0adaea8e72
++ printf '%s  %s\n' 77d35d0156c8c42ad71bd2d9bf258b7fba4ee93f50cf0d78d5316c0adaea8e72 ./tests/extglob2.right
++ IFS=
++ read -r f
+++ sha256sum ./tests/extglob2.sub
+++ awk '{print $1}'
++ h=ef46ce78a56ff0f3d380d2b28dd87a0b14a767575bcdaa312bd0cc33ab2a1a2f
++ printf '%s  %s\n' ef46ce78a56ff0f3d380d2b28dd87a0b14a767575bcdaa312bd0cc33ab2a1a2f ./tests/extglob2.sub
++ IFS=
++ read -r f
+++ sha256sum ./tests/extglob2.tests
+++ awk '{print $1}'
++ h=a2c9da223cceca9696e36e59fd188b303be998a1ea4b36cf8ec0126e7311c090
++ printf '%s  %s\n' a2c9da223cceca9696e36e59fd188b303be998a1ea4b36cf8ec0126e7311c090 ./tests/extglob2.tests
++ IFS=
++ read -r f
+++ sha256sum ./tests/extglob3.right
+++ awk '{print $1}'
++ h=2f94b0cd2f94334cf8247be4e01f467ebd45bf9aa9312c3223017ca82274bade
++ printf '%s  %s\n' 2f94b0cd2f94334cf8247be4e01f467ebd45bf9aa9312c3223017ca82274bade ./tests/extglob3.right
++ IFS=
++ read -r f
+++ sha256sum ./tests/extglob3.sub
+++ awk '{print $1}'
++ h=ab0b1f6ba18a99b378081ca058a995b561db6144f645d261b744396bcdd24479
++ printf '%s  %s\n' ab0b1f6ba18a99b378081ca058a995b561db6144f645d261b744396bcdd24479 ./tests/extglob3.sub
++ IFS=
++ read -r f
+++ sha256sum ./tests/extglob3.tests
+++ awk '{print $1}'
++ h=f5829b2c6ea2983c75f8a2559a7cc90443901a56c00e287138d0ca481eb24f9c
++ printf '%s  %s\n' f5829b2c6ea2983c75f8a2559a7cc90443901a56c00e287138d0ca481eb24f9c ./tests/extglob3.tests
++ IFS=
++ read -r f
+++ sha256sum ./tests/extglob4.sub
+++ awk '{print $1}'
++ h=7b63b31c028420f02e9f30de85f87bbcec938c3d727db59f9ca042e6189fc118
++ printf '%s  %s\n' 7b63b31c028420f02e9f30de85f87bbcec938c3d727db59f9ca042e6189fc118 ./tests/extglob4.sub
++ IFS=
++ read -r f
+++ sha256sum ./tests/extglob5.sub
+++ awk '{print $1}'
++ h=bfff0d136feb745404d164cb90f42ae401c880fc178354804ba9b6b14bec60fb
++ printf '%s  %s\n' bfff0d136feb745404d164cb90f42ae401c880fc178354804ba9b6b14bec60fb ./tests/extglob5.sub
++ IFS=
++ read -r f
+++ sha256sum ./tests/extglob6.sub
+++ awk '{print $1}'
++ h=b661b7212407898546e0a41f72c0cdf7c4afea70f487feb756b1fcb878b98f0c
++ printf '%s  %s\n' b661b7212407898546e0a41f72c0cdf7c4afea70f487feb756b1fcb878b98f0c ./tests/extglob6.sub
++ IFS=
++ read -r f
+++ sha256sum ./tests/extglob7.sub
+++ awk '{print $1}'
++ h=3f42702d8acd3f08b9f563d2d3b0eb29b8ce7c566ac685487d6be25deac52ece
++ printf '%s  %s\n' 3f42702d8acd3f08b9f563d2d3b0eb29b8ce7c566ac685487d6be25deac52ece ./tests/extglob7.sub
++ IFS=
++ read -r f
+++ sha256sum ./tests/extglob8.sub
+++ awk '{print $1}'
++ h=f44250b5be199178573faba9f0ad207872ec41f09cc0d889fe1baadfb3af97ac
++ printf '%s  %s\n' f44250b5be199178573faba9f0ad207872ec41f09cc0d889fe1baadfb3af97ac ./tests/extglob8.sub
++ IFS=
++ read -r f
+++ sha256sum ./tests/func.right
+++ awk '{print $1}'
++ h=12eaf253fe3b45fa3d4f22ff79ab1f467a54c85f8f8389811b396fbbfa1104ff
++ printf '%s  %s\n' 12eaf253fe3b45fa3d4f22ff79ab1f467a54c85f8f8389811b396fbbfa1104ff ./tests/func.right
++ IFS=
++ read -r f
+++ sha256sum ./tests/func.tests
+++ awk '{print $1}'
++ h=b0e5b527b06f7bc0253fb2e60ee051851882ca43743f0066b16d38e138d5562e
++ printf '%s  %s\n' b0e5b527b06f7bc0253fb2e60ee051851882ca43743f0066b16d38e138d5562e ./tests/func.tests
++ IFS=
++ read -r f
+++ sha256sum ./tests/func1.sub
+++ awk '{print $1}'
++ h=1eb09e1ffb59f34b84ddcb25bd2dd68dadfab970de4d86c9a67df5418153dfd1
++ printf '%s  %s\n' 1eb09e1ffb59f34b84ddcb25bd2dd68dadfab970de4d86c9a67df5418153dfd1 ./tests/func1.sub
++ IFS=
++ read -r f
+++ sha256sum ./tests/func2.sub
+++ awk '{print $1}'
++ h=2fc7a4c5c884a84bbc0eda546d98846137172551ec4075535e657b70617a51ca
++ printf '%s  %s\n' 2fc7a4c5c884a84bbc0eda546d98846137172551ec4075535e657b70617a51ca ./tests/func2.sub
++ IFS=
++ read -r f
+++ sha256sum ./tests/func3.sub
+++ awk '{print $1}'
++ h=d10aaf9f8fc056acf6a706824c65b94558035521c9975da8b2d9a035dae0e427
++ printf '%s  %s\n' d10aaf9f8fc056acf6a706824c65b94558035521c9975da8b2d9a035dae0e427 ./tests/func3.sub
++ IFS=
++ read -r f
+++ sha256sum ./tests/func4.sub
+++ awk '{print $1}'
++ h=a0a6f715945d9be67db5d9747a5ea52a7e4e3555c970e0ad0351a59b29053866
++ printf '%s  %s\n' a0a6f715945d9be67db5d9747a5ea52a7e4e3555c970e0ad0351a59b29053866 ./tests/func4.sub
++ IFS=
++ read -r f
+++ sha256sum ./tests/func5.sub
+++ awk '{print $1}'
++ h=23092d1569d0b829630a34da58e4661d81229f5aba0c0164420ab20c2e98a9a9
++ printf '%s  %s\n' 23092d1569d0b829630a34da58e4661d81229f5aba0c0164420ab20c2e98a9a9 ./tests/func5.sub
++ IFS=
++ read -r f
+++ sha256sum ./tests/getopts.right
+++ awk '{print $1}'
++ h=8f002f3ca35993ce30c9b602144c0dde6d366bdcced94799cd244ba1801979fa
++ printf '%s  %s\n' 8f002f3ca35993ce30c9b602144c0dde6d366bdcced94799cd244ba1801979fa ./tests/getopts.right
++ IFS=
++ read -r f
+++ sha256sum ./tests/getopts.tests
+++ awk '{print $1}'
++ h=848e780cc738b477ce2c916a9db2e9565b63497c0b7766b4be459d92a2a5edc8
++ printf '%s  %s\n' 848e780cc738b477ce2c916a9db2e9565b63497c0b7766b4be459d92a2a5edc8 ./tests/getopts.tests
++ IFS=
++ read -r f
+++ sha256sum ./tests/getopts1.sub
+++ awk '{print $1}'
++ h=defc41ac94bc7b75f878e58caf691d8f63bb4e28e3ece451829570c7ac6b8914
++ printf '%s  %s\n' defc41ac94bc7b75f878e58caf691d8f63bb4e28e3ece451829570c7ac6b8914 ./tests/getopts1.sub
++ IFS=
++ read -r f
+++ sha256sum ./tests/getopts10.sub
+++ awk '{print $1}'
++ h=6583038b738b52832f8376a373d0db02cea595b6748bc2ecf5a7473a2b2b5842
++ printf '%s  %s\n' 6583038b738b52832f8376a373d0db02cea595b6748bc2ecf5a7473a2b2b5842 ./tests/getopts10.sub
++ IFS=
++ read -r f
+++ sha256sum ./tests/getopts2.sub
+++ awk '{print $1}'
++ h=a2261615c526b822095aed5b1bc65b3d6b0ce5b66d78c74e458400885f5e6cd2
++ printf '%s  %s\n' a2261615c526b822095aed5b1bc65b3d6b0ce5b66d78c74e458400885f5e6cd2 ./tests/getopts2.sub
++ IFS=
++ read -r f
+++ sha256sum ./tests/getopts3.sub
+++ awk '{print $1}'
++ h=e7e06d30d37ef73100580e9b83737a1d92f8c0cb14bacd6f826db2f8e4a388ab
++ printf '%s  %s\n' e7e06d30d37ef73100580e9b83737a1d92f8c0cb14bacd6f826db2f8e4a388ab ./tests/getopts3.sub
++ IFS=
++ read -r f
+++ sha256sum ./tests/getopts4.sub
+++ awk '{print $1}'
++ h=b5a9e00405a79a358598149a977968d3b7e0bc7c2a5b3c23a8dcf019e690c85f
++ printf '%s  %s\n' b5a9e00405a79a358598149a977968d3b7e0bc7c2a5b3c23a8dcf019e690c85f ./tests/getopts4.sub
++ IFS=
++ read -r f
+++ sha256sum ./tests/getopts5.sub
+++ awk '{print $1}'
++ h=150387f1a916387a1e75f01ce6b6848aa9f68ab5d0378d4f5447c0ec8fad3075
++ printf '%s  %s\n' 150387f1a916387a1e75f01ce6b6848aa9f68ab5d0378d4f5447c0ec8fad3075 ./tests/getopts5.sub
++ IFS=
++ read -r f
+++ sha256sum ./tests/getopts6.sub
+++ awk '{print $1}'
++ h=e8146db56fc95fe8cb7f7708284a60fa4a31a86f9f5d39cad1f38ce8705d8724
++ printf '%s  %s\n' e8146db56fc95fe8cb7f7708284a60fa4a31a86f9f5d39cad1f38ce8705d8724 ./tests/getopts6.sub
++ IFS=
++ read -r f
+++ sha256sum ./tests/getopts7.sub
+++ awk '{print $1}'
++ h=190003ae77300810925e1be05a77b9a8e2f9c6c6a2b0d0e54f31169f7f28ef57
++ printf '%s  %s\n' 190003ae77300810925e1be05a77b9a8e2f9c6c6a2b0d0e54f31169f7f28ef57 ./tests/getopts7.sub
++ IFS=
++ read -r f
+++ sha256sum ./tests/getopts8.sub
+++ awk '{print $1}'
++ h=9f4aa1881fa619209b0991d9e55023d408211777e9df31d96ebcb538b4efc819
++ printf '%s  %s\n' 9f4aa1881fa619209b0991d9e55023d408211777e9df31d96ebcb538b4efc819 ./tests/getopts8.sub
++ IFS=
++ read -r f
+++ sha256sum ./tests/getopts9.sub
+++ awk '{print $1}'
++ h=2b3bc7eac0eabbe22ad149e9129e5d2a605a219c768346065d121d5e69dcba09
++ printf '%s  %s\n' 2b3bc7eac0eabbe22ad149e9129e5d2a605a219c768346065d121d5e69dcba09 ./tests/getopts9.sub
++ IFS=
++ read -r f
+++ sha256sum ./tests/glob-bracket.right
+++ awk '{print $1}'
++ h=a738ce4be3a81d11d6796889c1192f5422b9f705e7c4777962268fe8c310a383
++ printf '%s  %s\n' a738ce4be3a81d11d6796889c1192f5422b9f705e7c4777962268fe8c310a383 ./tests/glob-bracket.right
++ IFS=
++ read -r f
+++ sha256sum ./tests/glob-bracket.tests
+++ awk '{print $1}'
++ h=cf2880f1e68c85d51a1ea6ba1e56661bb0a85b3c9fa1c3359b9c3dedd52b37b4
++ printf '%s  %s\n' cf2880f1e68c85d51a1ea6ba1e56661bb0a85b3c9fa1c3359b9c3dedd52b37b4 ./tests/glob-bracket.tests
++ IFS=
++ read -r f
+++ sha256sum ./tests/glob.right
+++ awk '{print $1}'
++ h=0d99d54e56b6020dd9f8371ee2c3a3ccefd9dc3fe6416da49ca90841ddfb38e4
++ printf '%s  %s\n' 0d99d54e56b6020dd9f8371ee2c3a3ccefd9dc3fe6416da49ca90841ddfb38e4 ./tests/glob.right
++ IFS=
++ read -r f
+++ sha256sum ./tests/glob.tests
+++ awk '{print $1}'
++ h=006f4c7fdde1ca5a37f8b58750b188b27e1b82dc6c71a65cf815d6af06a0c64b
++ printf '%s  %s\n' 006f4c7fdde1ca5a37f8b58750b188b27e1b82dc6c71a65cf815d6af06a0c64b ./tests/glob.tests
++ IFS=
++ read -r f
+++ sha256sum ./tests/glob1.sub
+++ awk '{print $1}'
++ h=83444b5787e7207021646a697d1ca028131af6c1e9731d99862399a97cbea264
++ printf '%s  %s\n' 83444b5787e7207021646a697d1ca028131af6c1e9731d99862399a97cbea264 ./tests/glob1.sub
++ IFS=
++ read -r f
+++ sha256sum ./tests/glob10.sub
+++ awk '{print $1}'
++ h=7f5bf9c559e0459fb43d86884db36b8a7139893ab6347a8f8af54f94ef2f9767
++ printf '%s  %s\n' 7f5bf9c559e0459fb43d86884db36b8a7139893ab6347a8f8af54f94ef2f9767 ./tests/glob10.sub
++ IFS=
++ read -r f
+++ sha256sum ./tests/glob11.sub
+++ awk '{print $1}'
++ h=78415d75383c7b291e20e72affc7912f31c151caf83466789b81c6b095b71a44
++ printf '%s  %s\n' 78415d75383c7b291e20e72affc7912f31c151caf83466789b81c6b095b71a44 ./tests/glob11.sub
++ IFS=
++ read -r f
+++ sha256sum ./tests/glob2.sub
+++ awk '{print $1}'
++ h=f1a6c0feded697490f0fb1f1bf9bd4563749c16a665444bdfebb9e5055ee98fd
++ printf '%s  %s\n' f1a6c0feded697490f0fb1f1bf9bd4563749c16a665444bdfebb9e5055ee98fd ./tests/glob2.sub
++ IFS=
++ read -r f
+++ sha256sum ./tests/glob3.sub
+++ awk '{print $1}'
++ h=45334877075d8b14f96a26b0e943edac1dbbbbb046ad42ba2b80cf65509d70e0
++ printf '%s  %s\n' 45334877075d8b14f96a26b0e943edac1dbbbbb046ad42ba2b80cf65509d70e0 ./tests/glob3.sub
++ IFS=
++ read -r f
+++ sha256sum ./tests/glob4.sub
+++ awk '{print $1}'
++ h=d8fb5749a3435a7b477e1a0b73f450a7bf7c6a2b0d093242b698b316edf49b1a
++ printf '%s  %s\n' d8fb5749a3435a7b477e1a0b73f450a7bf7c6a2b0d093242b698b316edf49b1a ./tests/glob4.sub
++ IFS=
++ read -r f
+++ sha256sum ./tests/glob5.sub
+++ awk '{print $1}'
++ h=d7b4f59918de28ae6c53d54373699485d6f86da4533cf2ed30e25fc285b0a9dc
++ printf '%s  %s\n' d7b4f59918de28ae6c53d54373699485d6f86da4533cf2ed30e25fc285b0a9dc ./tests/glob5.sub
++ IFS=
++ read -r f
+++ sha256sum ./tests/glob6.sub
+++ awk '{print $1}'
++ h=a40014c772ce3e5938f8f751f8ce0e6b625387339fba30cb4d3939ec7d482142
++ printf '%s  %s\n' a40014c772ce3e5938f8f751f8ce0e6b625387339fba30cb4d3939ec7d482142 ./tests/glob6.sub
++ IFS=
++ read -r f
+++ sha256sum ./tests/glob7.sub
+++ awk '{print $1}'
++ h=4b791ecd1d462c88039587c03e7d2f93766c42b9155036d58ef62c42e06a0dca
++ printf '%s  %s\n' 4b791ecd1d462c88039587c03e7d2f93766c42b9155036d58ef62c42e06a0dca ./tests/glob7.sub
++ IFS=
++ read -r f
+++ sha256sum ./tests/glob8.sub
+++ awk '{print $1}'
++ h=cd88d01f9eb97d9e4d7a802c8f9b17e4c8b549d4e41a8c68ee89d6db1ee2d36e
++ printf '%s  %s\n' cd88d01f9eb97d9e4d7a802c8f9b17e4c8b549d4e41a8c68ee89d6db1ee2d36e ./tests/glob8.sub
++ IFS=
++ read -r f
+++ sha256sum ./tests/glob9.sub
+++ awk '{print $1}'
++ h=7e1de9e62a31c0f8c2f1d7b5f831693b9c443cf8f34080b76def5aa35f076b4a
++ printf '%s  %s\n' 7e1de9e62a31c0f8c2f1d7b5f831693b9c443cf8f34080b76def5aa35f076b4a ./tests/glob9.sub
++ IFS=
++ read -r f
+++ sha256sum ./tests/globstar.right
+++ awk '{print $1}'
++ h=f37f1a5d12bd5a46785fdf19a6a62e18ddfcb2b93f7af98c7f7b70ac2570007d
++ printf '%s  %s\n' f37f1a5d12bd5a46785fdf19a6a62e18ddfcb2b93f7af98c7f7b70ac2570007d ./tests/globstar.right
++ IFS=
++ read -r f
+++ sha256sum ./tests/globstar.tests
+++ awk '{print $1}'
++ h=abcd94978dd62d55231d6f1a1586db0db8ccf2973f4c64115c5312a594cb993e
++ printf '%s  %s\n' abcd94978dd62d55231d6f1a1586db0db8ccf2973f4c64115c5312a594cb993e ./tests/globstar.tests
++ IFS=
++ read -r f
+++ sha256sum ./tests/globstar1.sub
+++ awk '{print $1}'
++ h=7fc30e390def1ac23753801437cd7740bf46a191b4e54a47dc6d78c953b7be6a
++ printf '%s  %s\n' 7fc30e390def1ac23753801437cd7740bf46a191b4e54a47dc6d78c953b7be6a ./tests/globstar1.sub
++ IFS=
++ read -r f
+++ sha256sum ./tests/globstar2.sub
+++ awk '{print $1}'
++ h=049bd24f7544756592703d4b054003322e84fdd73524823dc64b4ac59e376ed1
++ printf '%s  %s\n' 049bd24f7544756592703d4b054003322e84fdd73524823dc64b4ac59e376ed1 ./tests/globstar2.sub
++ IFS=
++ read -r f
+++ sha256sum ./tests/globstar3.sub
+++ awk '{print $1}'
++ h=fb672414edfe17ed45d61f07933045bc3e6f549f56d0429fbd9fb88609766fca
++ printf '%s  %s\n' fb672414edfe17ed45d61f07933045bc3e6f549f56d0429fbd9fb88609766fca ./tests/globstar3.sub
++ IFS=
++ read -r f
+++ sha256sum ./tests/heredoc.right
+++ awk '{print $1}'
++ h=7af3a14ae4aad185c90f8f0bffe2612514ea147f5d2efd730616a65bab1c33d7
++ printf '%s  %s\n' 7af3a14ae4aad185c90f8f0bffe2612514ea147f5d2efd730616a65bab1c33d7 ./tests/heredoc.right
++ IFS=
++ read -r f
+++ sha256sum ./tests/heredoc.tests
+++ awk '{print $1}'
++ h=4b11ab8d4f351442882519e2858641c57b9661964609301f789ee7ceac098993
++ printf '%s  %s\n' 4b11ab8d4f351442882519e2858641c57b9661964609301f789ee7ceac098993 ./tests/heredoc.tests
++ IFS=
++ read -r f
+++ sha256sum ./tests/heredoc1.sub
+++ awk '{print $1}'
++ h=627f2b293f3661a2212a9a1eac168b9747101d7916e281c85463b247a5c9962e
++ printf '%s  %s\n' 627f2b293f3661a2212a9a1eac168b9747101d7916e281c85463b247a5c9962e ./tests/heredoc1.sub
++ IFS=
++ read -r f
+++ sha256sum ./tests/heredoc10.sub
+++ awk '{print $1}'
++ h=431f52041fba3c8fd6e6ef9ec6b2d2d45334b53926a69dec387206ed239c2c33
++ printf '%s  %s\n' 431f52041fba3c8fd6e6ef9ec6b2d2d45334b53926a69dec387206ed239c2c33 ./tests/heredoc10.sub
++ IFS=
++ read -r f
+++ sha256sum ./tests/heredoc2.sub
+++ awk '{print $1}'
++ h=b8f2a777937696b4317e6a0ed9b624578521556d7efa20e520b0db9ee14e4ed3
++ printf '%s  %s\n' b8f2a777937696b4317e6a0ed9b624578521556d7efa20e520b0db9ee14e4ed3 ./tests/heredoc2.sub
++ IFS=
++ read -r f
+++ sha256sum ./tests/heredoc3.sub
+++ awk '{print $1}'
++ h=5fc1d9f38697f10e85f73bccee1b885519309918a5cc38e9e1fffe4ebd4b8c80
++ printf '%s  %s\n' 5fc1d9f38697f10e85f73bccee1b885519309918a5cc38e9e1fffe4ebd4b8c80 ./tests/heredoc3.sub
++ IFS=
++ read -r f
+++ sha256sum ./tests/heredoc4.sub
+++ awk '{print $1}'
++ h=c1e6eb0ae1a99204557fe77b230f1172393b663e11d6a7ec0fa275ad06b14182
++ printf '%s  %s\n' c1e6eb0ae1a99204557fe77b230f1172393b663e11d6a7ec0fa275ad06b14182 ./tests/heredoc4.sub
++ IFS=
++ read -r f
+++ sha256sum ./tests/heredoc5.sub
+++ awk '{print $1}'
++ h=ce396ab45257261fed6fb47446f80087983b9c35a9725a4de14a38fb86a1d4bc
++ printf '%s  %s\n' ce396ab45257261fed6fb47446f80087983b9c35a9725a4de14a38fb86a1d4bc ./tests/heredoc5.sub
++ IFS=
++ read -r f
+++ sha256sum ./tests/heredoc6.sub
+++ awk '{print $1}'
++ h=dbf29f08be8d74465a19ea189def4d67d0764250ccd87eb389bf72ece427d730
++ printf '%s  %s\n' dbf29f08be8d74465a19ea189def4d67d0764250ccd87eb389bf72ece427d730 ./tests/heredoc6.sub
++ IFS=
++ read -r f
+++ sha256sum ./tests/heredoc7.sub
+++ awk '{print $1}'
++ h=86e94ef6231150bdbd383a895dd5de95b33ec0ce18ea4c7568ee5bfdaf48c6dc
++ printf '%s  %s\n' 86e94ef6231150bdbd383a895dd5de95b33ec0ce18ea4c7568ee5bfdaf48c6dc ./tests/heredoc7.sub
++ IFS=
++ read -r f
+++ sha256sum ./tests/heredoc8.sub
+++ awk '{print $1}'
++ h=0bc13947b72ae9aac62a1447040b018bb752cc27a9ab49510cc7cb91ed732214
++ printf '%s  %s\n' 0bc13947b72ae9aac62a1447040b018bb752cc27a9ab49510cc7cb91ed732214 ./tests/heredoc8.sub
++ IFS=
++ read -r f
+++ sha256sum ./tests/heredoc9.sub
+++ awk '{print $1}'
++ h=26b09f442c5f8b57e8da60c912835ebf3fc1acf4f6c5e0444e579bc6356b8184
++ printf '%s  %s\n' 26b09f442c5f8b57e8da60c912835ebf3fc1acf4f6c5e0444e579bc6356b8184 ./tests/heredoc9.sub
++ IFS=
++ read -r f
+++ sha256sum ./tests/herestr.right
+++ awk '{print $1}'
++ h=f04149947da5959d873c60eabe4096b793859c58589e74ee2f5a9278c6582dad
++ printf '%s  %s\n' f04149947da5959d873c60eabe4096b793859c58589e74ee2f5a9278c6582dad ./tests/herestr.right
++ IFS=
++ read -r f
+++ sha256sum ./tests/herestr.tests
+++ awk '{print $1}'
++ h=f0cc187ea80a9b18abf91ce7f8f63a518bfea2c1138260547299287e59e4f712
++ printf '%s  %s\n' f0cc187ea80a9b18abf91ce7f8f63a518bfea2c1138260547299287e59e4f712 ./tests/herestr.tests
++ IFS=
++ read -r f
+++ sha256sum ./tests/herestr1.sub
+++ awk '{print $1}'
++ h=b71a22f7c2cf6fa0eda644927b75459f01dafce20dab416cedf57906e40d22d0
++ printf '%s  %s\n' b71a22f7c2cf6fa0eda644927b75459f01dafce20dab416cedf57906e40d22d0 ./tests/herestr1.sub
++ IFS=
++ read -r f
+++ sha256sum ./tests/histexp.right
+++ awk '{print $1}'
++ h=2426bc20e592100e3220c549b681603a9588150a1bab923f7098312ba21b1432
++ printf '%s  %s\n' 2426bc20e592100e3220c549b681603a9588150a1bab923f7098312ba21b1432 ./tests/histexp.right
++ IFS=
++ read -r f
+++ sha256sum ./tests/histexp.tests
+++ awk '{print $1}'
++ h=9e36a73ed45db959d10830cae2bc43bb3a8223061884acb3c1a335070222dba1
++ printf '%s  %s\n' 9e36a73ed45db959d10830cae2bc43bb3a8223061884acb3c1a335070222dba1 ./tests/histexp.tests
++ IFS=
++ read -r f
+++ sha256sum ./tests/histexp1.sub
+++ awk '{print $1}'
++ h=5c35b25315a17bdd190f8a4369ac562fca2e96ce4ceb637303e634bb2ca4e984
++ printf '%s  %s\n' 5c35b25315a17bdd190f8a4369ac562fca2e96ce4ceb637303e634bb2ca4e984 ./tests/histexp1.sub
++ IFS=
++ read -r f
+++ sha256sum ./tests/histexp2.sub
+++ awk '{print $1}'
++ h=1f382ff47256642ea685dddf5011062e1f6cbe1f65801d34c9fb2a7d0fc6a4e5
++ printf '%s  %s\n' 1f382ff47256642ea685dddf5011062e1f6cbe1f65801d34c9fb2a7d0fc6a4e5 ./tests/histexp2.sub
++ IFS=
++ read -r f
+++ sha256sum ./tests/histexp3.sub
+++ awk '{print $1}'
++ h=176fa7a80220e5814e8fbe4f273d61a578b5c52a5211da76e1c9c2a2512bf703
++ printf '%s  %s\n' 176fa7a80220e5814e8fbe4f273d61a578b5c52a5211da76e1c9c2a2512bf703 ./tests/histexp3.sub
++ IFS=
++ read -r f
+++ sha256sum ./tests/histexp4.sub
+++ awk '{print $1}'
++ h=9620c353989f4fc7ac12b687c030797a2531a41619a6840d9c86a576af88cd2d
++ printf '%s  %s\n' 9620c353989f4fc7ac12b687c030797a2531a41619a6840d9c86a576af88cd2d ./tests/histexp4.sub
++ IFS=
++ read -r f
+++ sha256sum ./tests/histexp5.sub
+++ awk '{print $1}'
++ h=55baf7549bfa0fb2fff8e42cec3657aedd9f168ed890683499695041b97e3848
++ printf '%s  %s\n' 55baf7549bfa0fb2fff8e42cec3657aedd9f168ed890683499695041b97e3848 ./tests/histexp5.sub
++ IFS=
++ read -r f
+++ sha256sum ./tests/histexp6.sub
+++ awk '{print $1}'
++ h=4c6e7f1a1926f2d755cf1cc9c11676becff8c443a8be13f0dd5e7055a383d9d8
++ printf '%s  %s\n' 4c6e7f1a1926f2d755cf1cc9c11676becff8c443a8be13f0dd5e7055a383d9d8 ./tests/histexp6.sub
++ IFS=
++ read -r f
+++ sha256sum ./tests/histexp7.sub
+++ awk '{print $1}'
++ h=9c49b2e8699c08f05626ba3008d6fc496c159159a7922f92a083b40404d01c96
++ printf '%s  %s\n' 9c49b2e8699c08f05626ba3008d6fc496c159159a7922f92a083b40404d01c96 ./tests/histexp7.sub
++ IFS=
++ read -r f
+++ sha256sum ./tests/history.list
+++ awk '{print $1}'
++ h=e181471fb9fb88998cf4ee01c247fd2617979c37815ec54b01bbb0b8442b0f4a
++ printf '%s  %s\n' e181471fb9fb88998cf4ee01c247fd2617979c37815ec54b01bbb0b8442b0f4a ./tests/history.list
++ IFS=
++ read -r f
+++ sha256sum ./tests/history.right
+++ awk '{print $1}'
++ h=91c5211216481168c904319554b19f035820fd8ef3245bd7c6d277ec3b8eabb1
++ printf '%s  %s\n' 91c5211216481168c904319554b19f035820fd8ef3245bd7c6d277ec3b8eabb1 ./tests/history.right
++ IFS=
++ read -r f
+++ sha256sum ./tests/history.tests
+++ awk '{print $1}'
++ h=1adbf40dfa312590009b41fc5bababcf14990aa4ab51bab5d509b6d8a7055048
++ printf '%s  %s\n' 1adbf40dfa312590009b41fc5bababcf14990aa4ab51bab5d509b6d8a7055048 ./tests/history.tests
++ IFS=
++ read -r f
+++ sha256sum ./tests/history1.sub
+++ awk '{print $1}'
++ h=8ab7eb1ead4136fe3e2e440de79cca8333dcf2e1fa39cc60536abcd912276e45
++ printf '%s  %s\n' 8ab7eb1ead4136fe3e2e440de79cca8333dcf2e1fa39cc60536abcd912276e45 ./tests/history1.sub
++ IFS=
++ read -r f
+++ sha256sum ./tests/history2.sub
+++ awk '{print $1}'
++ h=107e63eecf594333b6dfab7f41d0e155913340d6a8ba692ef3a42a52a8a63c96
++ printf '%s  %s\n' 107e63eecf594333b6dfab7f41d0e155913340d6a8ba692ef3a42a52a8a63c96 ./tests/history2.sub
++ IFS=
++ read -r f
+++ sha256sum ./tests/history3.sub
+++ awk '{print $1}'
++ h=839e9ba3228586fb1c6d3ddab66d76755324d7e2d2a0caa3441967d200dad08e
++ printf '%s  %s\n' 839e9ba3228586fb1c6d3ddab66d76755324d7e2d2a0caa3441967d200dad08e ./tests/history3.sub
++ IFS=
++ read -r f
+++ sha256sum ./tests/history4.sub
+++ awk '{print $1}'
++ h=c10c2cf577382331e0ebddd6ff0efffbcb9eebab38e65e63b25ab4c0452057e7
++ printf '%s  %s\n' c10c2cf577382331e0ebddd6ff0efffbcb9eebab38e65e63b25ab4c0452057e7 ./tests/history4.sub
++ IFS=
++ read -r f
+++ sha256sum ./tests/history5.sub
+++ awk '{print $1}'
++ h=b01ba5e861581714b1b074b8bd7cf2c5477c99e976b945bf3453e9944bd38d65
++ printf '%s  %s\n' b01ba5e861581714b1b074b8bd7cf2c5477c99e976b945bf3453e9944bd38d65 ./tests/history5.sub
++ IFS=
++ read -r f
+++ sha256sum ./tests/history6.sub
+++ awk '{print $1}'
++ h=f3b0d286681dc68532c10ec9296795b10a29e0eccb541a369845e67d1f483d2d
++ printf '%s  %s\n' f3b0d286681dc68532c10ec9296795b10a29e0eccb541a369845e67d1f483d2d ./tests/history6.sub
++ IFS=
++ read -r f
+++ sha256sum ./tests/history7.sub
+++ awk '{print $1}'
++ h=18c39434f1e9b74da289a6fee7c800e7a9b429aa27771a4f90ee251b51c15d3c
++ printf '%s  %s\n' 18c39434f1e9b74da289a6fee7c800e7a9b429aa27771a4f90ee251b51c15d3c ./tests/history7.sub
++ IFS=
++ read -r f
+++ sha256sum ./tests/history8.sub
+++ awk '{print $1}'
++ h=c7ce2c80df16567c0b4b037bb7ab298e8747242ded5e58bcfaaaae716978567e
++ printf '%s  %s\n' c7ce2c80df16567c0b4b037bb7ab298e8747242ded5e58bcfaaaae716978567e ./tests/history8.sub
++ IFS=
++ read -r f
+++ sha256sum ./tests/history9.sub
+++ awk '{print $1}'
++ h=00777b5412ed9dc40902dac942444284a44adc03e8f1c1e2ff7d4626a22fa234
++ printf '%s  %s\n' 00777b5412ed9dc40902dac942444284a44adc03e8f1c1e2ff7d4626a22fa234 ./tests/history9.sub
++ IFS=
++ read -r f
+++ sha256sum ./tests/ifs-posix.right
+++ awk '{print $1}'
++ h=8d30156cd5cc001a34308d36769ee0ebdb32e0f98677a399cf4147851030bb9a
++ printf '%s  %s\n' 8d30156cd5cc001a34308d36769ee0ebdb32e0f98677a399cf4147851030bb9a ./tests/ifs-posix.right
++ IFS=
++ read -r f
+++ sha256sum ./tests/ifs-posix.tests
+++ awk '{print $1}'
++ h=0ebcb00a4a8498ad8f5cd3b2a250b5a45ceb96227c8437fb9f4caf1b4653035c
++ printf '%s  %s\n' 0ebcb00a4a8498ad8f5cd3b2a250b5a45ceb96227c8437fb9f4caf1b4653035c ./tests/ifs-posix.tests
++ IFS=
++ read -r f
+++ sha256sum ./tests/ifs.right
+++ awk '{print $1}'
++ h=9653b728c1b352d0d06b75ccca11f6b0f94fc817020447079f201a819e9cae05
++ printf '%s  %s\n' 9653b728c1b352d0d06b75ccca11f6b0f94fc817020447079f201a819e9cae05 ./tests/ifs.right
++ IFS=
++ read -r f
+++ sha256sum ./tests/ifs.tests
+++ awk '{print $1}'
++ h=35f4543a412a93efa3a51243f087c82081846c0f5b4c5efb5994de2328e6c807
++ printf '%s  %s\n' 35f4543a412a93efa3a51243f087c82081846c0f5b4c5efb5994de2328e6c807 ./tests/ifs.tests
++ IFS=
++ read -r f
+++ sha256sum ./tests/ifs1.sub
+++ awk '{print $1}'
++ h=3c466686e96aa105b67a7d41138241eef7e2abdc2c5bb4988a7b5490b33b4ac0
++ printf '%s  %s\n' 3c466686e96aa105b67a7d41138241eef7e2abdc2c5bb4988a7b5490b33b4ac0 ./tests/ifs1.sub
++ IFS=
++ read -r f
+++ sha256sum ./tests/input-line.sh
+++ awk '{print $1}'
++ h=47f2fb58ff18c3ffd1185e9d9508518b29c70f80bbba6802aea800b5c4c16c9b
++ printf '%s  %s\n' 47f2fb58ff18c3ffd1185e9d9508518b29c70f80bbba6802aea800b5c4c16c9b ./tests/input-line.sh
++ IFS=
++ read -r f
+++ sha256sum ./tests/input-line.sub
+++ awk '{print $1}'
++ h=833fd340f7fcfea08c184db0e7c94a028af8f74be40434623c950ae4f57a4849
++ printf '%s  %s\n' 833fd340f7fcfea08c184db0e7c94a028af8f74be40434623c950ae4f57a4849 ./tests/input-line.sub
++ IFS=
++ read -r f
+++ sha256sum ./tests/input.right
+++ awk '{print $1}'
++ h=5ec149f5ecf2394c2c7d2a9182604ec3739999fef6e4fc2d62ebc2079facf9ad
++ printf '%s  %s\n' 5ec149f5ecf2394c2c7d2a9182604ec3739999fef6e4fc2d62ebc2079facf9ad ./tests/input.right
++ IFS=
++ read -r f
+++ sha256sum ./tests/intl.right
+++ awk '{print $1}'
++ h=e9a1b7d4e0e5e0bbb19ed2af42d141892a52bf74524dd43ee71dee3f8f01433b
++ printf '%s  %s\n' e9a1b7d4e0e5e0bbb19ed2af42d141892a52bf74524dd43ee71dee3f8f01433b ./tests/intl.right
++ IFS=
++ read -r f
+++ sha256sum ./tests/intl.tests
+++ awk '{print $1}'
++ h=886d42664672ae81847e4b52042ded2e0eed5a60c64e6e9e0c222a38a6941082
++ printf '%s  %s\n' 886d42664672ae81847e4b52042ded2e0eed5a60c64e6e9e0c222a38a6941082 ./tests/intl.tests
++ IFS=
++ read -r f
+++ sha256sum ./tests/intl1.sub
+++ awk '{print $1}'
++ h=ad9627907cf66fd8afcc182b6310dda9125b490e81026f8038011f414ff5d4f1
++ printf '%s  %s\n' ad9627907cf66fd8afcc182b6310dda9125b490e81026f8038011f414ff5d4f1 ./tests/intl1.sub
++ IFS=
++ read -r f
+++ sha256sum ./tests/intl2.sub
+++ awk '{print $1}'
++ h=672cb827341c6214a4e7a2c5ce2982f8c64b7c3ec1f7a18b5d2ba5f4a173dbcb
++ printf '%s  %s\n' 672cb827341c6214a4e7a2c5ce2982f8c64b7c3ec1f7a18b5d2ba5f4a173dbcb ./tests/intl2.sub
++ IFS=
++ read -r f
+++ sha256sum ./tests/intl3.sub
+++ awk '{print $1}'
++ h=2fd0d275f79f561eb543db590758685c6cb2e352eb2412d0d5ed8d67073e4329
++ printf '%s  %s\n' 2fd0d275f79f561eb543db590758685c6cb2e352eb2412d0d5ed8d67073e4329 ./tests/intl3.sub
++ IFS=
++ read -r f
+++ sha256sum ./tests/intl4.sub
+++ awk '{print $1}'
++ h=be01c851896f584b16751a3995ec3828661b5c494da7758aede1827f3bf63f9a
++ printf '%s  %s\n' be01c851896f584b16751a3995ec3828661b5c494da7758aede1827f3bf63f9a ./tests/intl4.sub
++ IFS=
++ read -r f
+++ sha256sum ./tests/invert.right
+++ awk '{print $1}'
++ h=1f699ae21a71f0835cb702ba904a86bd30236f3d41d125d915bc379f4ec00c06
++ printf '%s  %s\n' 1f699ae21a71f0835cb702ba904a86bd30236f3d41d125d915bc379f4ec00c06 ./tests/invert.right
++ IFS=
++ read -r f
+++ sha256sum ./tests/invert.tests
+++ awk '{print $1}'
++ h=ef43dc3e326d31e8a58cff9b6ac45e797dcbaba0ae43907e437232f957279830
++ printf '%s  %s\n' ef43dc3e326d31e8a58cff9b6ac45e797dcbaba0ae43907e437232f957279830 ./tests/invert.tests
++ IFS=
++ read -r f
+++ sha256sum ./tests/invocation.right
+++ awk '{print $1}'
++ h=ff98bc0a8dae6cb1126f88adce2a0c2c91dc9b745daaa7e280a01733f26e6b46
++ printf '%s  %s\n' ff98bc0a8dae6cb1126f88adce2a0c2c91dc9b745daaa7e280a01733f26e6b46 ./tests/invocation.right
++ IFS=
++ read -r f
+++ sha256sum ./tests/invocation.tests
+++ awk '{print $1}'
++ h=74a1805234342da92c05051432b0ac069f1f066be335b04cb0427de1fc55f37c
++ printf '%s  %s\n' 74a1805234342da92c05051432b0ac069f1f066be335b04cb0427de1fc55f37c ./tests/invocation.tests
++ IFS=
++ read -r f
+++ sha256sum ./tests/invocation1.sub
+++ awk '{print $1}'
++ h=eb61cf9f32521c9101695ac6f423541f40ac9776b3214bd43a9c8457aa8a56f3
++ printf '%s  %s\n' eb61cf9f32521c9101695ac6f423541f40ac9776b3214bd43a9c8457aa8a56f3 ./tests/invocation1.sub
++ IFS=
++ read -r f
+++ sha256sum ./tests/invocation2.sub
+++ awk '{print $1}'
++ h=9650b05ade8c1749da0c73120e545e6d355342159b9dc479796276ac8e2ee82d
++ printf '%s  %s\n' 9650b05ade8c1749da0c73120e545e6d355342159b9dc479796276ac8e2ee82d ./tests/invocation2.sub
++ IFS=
++ read -r f
+++ sha256sum ./tests/invocation3.sub
+++ awk '{print $1}'
++ h=77be19ec8405bad85e73cf0e3f968efb8cc0f33a3eed42432839be05a8ec113e
++ printf '%s  %s\n' 77be19ec8405bad85e73cf0e3f968efb8cc0f33a3eed42432839be05a8ec113e ./tests/invocation3.sub
++ IFS=
++ read -r f
+++ sha256sum ./tests/iquote.right
+++ awk '{print $1}'
++ h=2291992b4722efbc40a46e64c114b8fc55f87134fd2587e5557af18ab833629c
++ printf '%s  %s\n' 2291992b4722efbc40a46e64c114b8fc55f87134fd2587e5557af18ab833629c ./tests/iquote.right
++ IFS=
++ read -r f
+++ sha256sum ./tests/iquote.tests
+++ awk '{print $1}'
++ h=ec4e9c4ccf98f845db4d040fad2604c8efa3bee156c6af6a88314e00bb407f3f
++ printf '%s  %s\n' ec4e9c4ccf98f845db4d040fad2604c8efa3bee156c6af6a88314e00bb407f3f ./tests/iquote.tests
++ IFS=
++ read -r f
+++ sha256sum ./tests/iquote1.sub
+++ awk '{print $1}'
++ h=cdbd82a8c413b6aa87933eadae22dd255fc40b4e90a58effc1da8a5e930e2ba9
++ printf '%s  %s\n' cdbd82a8c413b6aa87933eadae22dd255fc40b4e90a58effc1da8a5e930e2ba9 ./tests/iquote1.sub
++ IFS=
++ read -r f
+++ sha256sum ./tests/jobs.right
+++ awk '{print $1}'
++ h=92df9d319cce1c066674234193f05f58dc868a6f7725a60c2b0c8948a1348077
++ printf '%s  %s\n' 92df9d319cce1c066674234193f05f58dc868a6f7725a60c2b0c8948a1348077 ./tests/jobs.right
++ IFS=
++ read -r f
+++ sha256sum ./tests/jobs.tests
+++ awk '{print $1}'
++ h=3b4035871f5e84ea28a40c1ba06f9c8659719218d9287711e916acc0b6d2f885
++ printf '%s  %s\n' 3b4035871f5e84ea28a40c1ba06f9c8659719218d9287711e916acc0b6d2f885 ./tests/jobs.tests
++ IFS=
++ read -r f
+++ sha256sum ./tests/jobs1.sub
+++ awk '{print $1}'
++ h=fe6c49c52cebb8c41a2ab3ad1fa0af93eb0962bc351c859d5e8b0effc73eaab0
++ printf '%s  %s\n' fe6c49c52cebb8c41a2ab3ad1fa0af93eb0962bc351c859d5e8b0effc73eaab0 ./tests/jobs1.sub
++ IFS=
++ read -r f
+++ sha256sum ./tests/jobs2.sub
+++ awk '{print $1}'
++ h=2bf31f4b2e54e4586489aef6cd8ce3615dd0e007992e65db99351325ffa61f24
++ printf '%s  %s\n' 2bf31f4b2e54e4586489aef6cd8ce3615dd0e007992e65db99351325ffa61f24 ./tests/jobs2.sub
++ IFS=
++ read -r f
+++ sha256sum ./tests/jobs3.sub
+++ awk '{print $1}'
++ h=24d12ea7a0ec2204b150e2a9b148defec83fee9dce9b79e0415e3e2c6a69a7c4
++ printf '%s  %s\n' 24d12ea7a0ec2204b150e2a9b148defec83fee9dce9b79e0415e3e2c6a69a7c4 ./tests/jobs3.sub
++ IFS=
++ read -r f
+++ sha256sum ./tests/jobs4.sub
+++ awk '{print $1}'
++ h=d48cdcb9c0e99c96bf7c210531358708e789672a66a4da5a3e933e56a360a8d8
++ printf '%s  %s\n' d48cdcb9c0e99c96bf7c210531358708e789672a66a4da5a3e933e56a360a8d8 ./tests/jobs4.sub
++ IFS=
++ read -r f
+++ sha256sum ./tests/jobs5.sub
+++ awk '{print $1}'
++ h=a9aee148db2da1a87743b6353d48856e948de3cb77108fa555feb2815f4f1e29
++ printf '%s  %s\n' a9aee148db2da1a87743b6353d48856e948de3cb77108fa555feb2815f4f1e29 ./tests/jobs5.sub
++ IFS=
++ read -r f
+++ sha256sum ./tests/jobs6.sub
+++ awk '{print $1}'
++ h=f007f00ff5848cbcba670e11f5057474f402a212d443ecc374e08ad56a320229
++ printf '%s  %s\n' f007f00ff5848cbcba670e11f5057474f402a212d443ecc374e08ad56a320229 ./tests/jobs6.sub
++ IFS=
++ read -r f
+++ sha256sum ./tests/jobs7.sub
+++ awk '{print $1}'
++ h=40be92e00f785dd2ea4821984d993864c41ea8574dc823b54e997c60e688ac69
++ printf '%s  %s\n' 40be92e00f785dd2ea4821984d993864c41ea8574dc823b54e997c60e688ac69 ./tests/jobs7.sub
++ IFS=
++ read -r f
+++ sha256sum ./tests/jobs8.sub
+++ awk '{print $1}'
++ h=841adf248641bc1998feff5c62b468b8faf0c48edfbce346bf603755e94b5b6a
++ printf '%s  %s\n' 841adf248641bc1998feff5c62b468b8faf0c48edfbce346bf603755e94b5b6a ./tests/jobs8.sub
++ IFS=
++ read -r f
+++ sha256sum ./tests/jobs9.sub
+++ awk '{print $1}'
++ h=6a1349de62ce1506432dfefedd81303e588a757a17a4846c76ca955d8ffe644d
++ printf '%s  %s\n' 6a1349de62ce1506432dfefedd81303e588a757a17a4846c76ca955d8ffe644d ./tests/jobs9.sub
++ IFS=
++ read -r f
+++ sha256sum ./tests/lastpipe.right
+++ awk '{print $1}'
++ h=5ea63d5e8177d18e1730446ca428f31f2cf501e689a8d0f705d23038cb20d993
++ printf '%s  %s\n' 5ea63d5e8177d18e1730446ca428f31f2cf501e689a8d0f705d23038cb20d993 ./tests/lastpipe.right
++ IFS=
++ read -r f
+++ sha256sum ./tests/lastpipe.tests
+++ awk '{print $1}'
++ h=3aef8db885af41399bd970b2896c7a62953c77b17fabdcbabc0af8d674e65317
++ printf '%s  %s\n' 3aef8db885af41399bd970b2896c7a62953c77b17fabdcbabc0af8d674e65317 ./tests/lastpipe.tests
++ IFS=
++ read -r f
+++ sha256sum ./tests/lastpipe1.sub
+++ awk '{print $1}'
++ h=6931a52f264fa65cffcf36a973747f3317b4d3c0a5fd9fecc19fb4d58ab9b94a
++ printf '%s  %s\n' 6931a52f264fa65cffcf36a973747f3317b4d3c0a5fd9fecc19fb4d58ab9b94a ./tests/lastpipe1.sub
++ IFS=
++ read -r f
+++ sha256sum ./tests/lastpipe2.sub
+++ awk '{print $1}'
++ h=7a694fc35a65aea962083d711b64f07465b358e3318d6897107d35d4d048a07a
++ printf '%s  %s\n' 7a694fc35a65aea962083d711b64f07465b358e3318d6897107d35d4d048a07a ./tests/lastpipe2.sub
++ IFS=
++ read -r f
+++ sha256sum ./tests/lastpipe3.sub
+++ awk '{print $1}'
++ h=ace2c4893867a0d22fb8a1d63168cf54354471565af9604889ecf2e87c4a5fac
++ printf '%s  %s\n' ace2c4893867a0d22fb8a1d63168cf54354471565af9604889ecf2e87c4a5fac ./tests/lastpipe3.sub
++ IFS=
++ read -r f
+++ sha256sum ./tests/mapfile.data
+++ awk '{print $1}'
++ h=05046f080b31a98a4d85834273b58d5b69305c49348d37425e1d622a5ca9b661
++ printf '%s  %s\n' 05046f080b31a98a4d85834273b58d5b69305c49348d37425e1d622a5ca9b661 ./tests/mapfile.data
++ IFS=
++ read -r f
+++ sha256sum ./tests/mapfile.right
+++ awk '{print $1}'
++ h=e76d8afcd53ac851a94a476123bb290357aad3365205fcf4a78d65e78548ea97
++ printf '%s  %s\n' e76d8afcd53ac851a94a476123bb290357aad3365205fcf4a78d65e78548ea97 ./tests/mapfile.right
++ IFS=
++ read -r f
+++ sha256sum ./tests/mapfile.tests
+++ awk '{print $1}'
++ h=cd8e30ab34e3b0294f179c234ce07b5387e8ffe09cf508fc8d6850fd6d1dc019
++ printf '%s  %s\n' cd8e30ab34e3b0294f179c234ce07b5387e8ffe09cf508fc8d6850fd6d1dc019 ./tests/mapfile.tests
++ IFS=
++ read -r f
+++ sha256sum ./tests/mapfile1.sub
+++ awk '{print $1}'
++ h=9137fdce7be04c95e354b57b3fac8a402871aa4c23ae066a7a6d62bf66df4076
++ printf '%s  %s\n' 9137fdce7be04c95e354b57b3fac8a402871aa4c23ae066a7a6d62bf66df4076 ./tests/mapfile1.sub
++ IFS=
++ read -r f
+++ sha256sum ./tests/mapfile2.sub
+++ awk '{print $1}'
++ h=0d5045682f3faec5e71d6ac6bc42c838fdfdae005c256ae36a318ebe6a67846d
++ printf '%s  %s\n' 0d5045682f3faec5e71d6ac6bc42c838fdfdae005c256ae36a318ebe6a67846d ./tests/mapfile2.sub
++ IFS=
++ read -r f
+++ sha256sum ./tests/misc/dev-tcp.tests
+++ awk '{print $1}'
++ h=28c2c0d5b43159dab2490381cdd45c7000b099ba18bf58c46a67fec6fa5426a2
++ printf '%s  %s\n' 28c2c0d5b43159dab2490381cdd45c7000b099ba18bf58c46a67fec6fa5426a2 ./tests/misc/dev-tcp.tests
++ IFS=
++ read -r f
+++ sha256sum ./tests/misc/perf-script
+++ awk '{print $1}'
++ h=906f86e60fbefe00a5e0ed0611f332982509d167141424245803c88b90e10807
++ printf '%s  %s\n' 906f86e60fbefe00a5e0ed0611f332982509d167141424245803c88b90e10807 ./tests/misc/perf-script
++ IFS=
++ read -r f
+++ sha256sum ./tests/misc/perftest
+++ awk '{print $1}'
++ h=eda604b7bc5e69bf7282cdec37f5b051bdba1b0c4bff237aff30f9f8162bccdc
++ printf '%s  %s\n' eda604b7bc5e69bf7282cdec37f5b051bdba1b0c4bff237aff30f9f8162bccdc ./tests/misc/perftest
++ IFS=
++ read -r f
+++ sha256sum ./tests/misc/read-nchars.tests
+++ awk '{print $1}'
++ h=e456ef547cbae52826b6489da787a22615a2845d04dad186d2b39ac6591a41a2
++ printf '%s  %s\n' e456ef547cbae52826b6489da787a22615a2845d04dad186d2b39ac6591a41a2 ./tests/misc/read-nchars.tests
++ IFS=
++ read -r f
+++ sha256sum ./tests/misc/redir-t2.sh
+++ awk '{print $1}'
++ h=068cecc56dd45871438c27b96950aa5bb9a4126af032731fd7711386c57ca876
++ printf '%s  %s\n' 068cecc56dd45871438c27b96950aa5bb9a4126af032731fd7711386c57ca876 ./tests/misc/redir-t2.sh
++ IFS=
++ read -r f
+++ sha256sum ./tests/misc/run-r2.sh
+++ awk '{print $1}'
++ h=b9acd37aec3211e0495c0fe5fc53255f0c9bb15ed6dda0df42e8dbc642b725ff
++ printf '%s  %s\n' b9acd37aec3211e0495c0fe5fc53255f0c9bb15ed6dda0df42e8dbc642b725ff ./tests/misc/run-r2.sh
++ IFS=
++ read -r f
+++ sha256sum ./tests/misc/sigint-1.sh
+++ awk '{print $1}'
++ h=1296c4f61fc26126860b788f185636e6e25d8cf8c59f82fdcd5ca1604841d76f
++ printf '%s  %s\n' 1296c4f61fc26126860b788f185636e6e25d8cf8c59f82fdcd5ca1604841d76f ./tests/misc/sigint-1.sh
++ IFS=
++ read -r f
+++ sha256sum ./tests/misc/sigint-2.sh
+++ awk '{print $1}'
++ h=689cd507169aa2e2bbacb57d14bff9c22acfd2a3d142272b6cae29e7d15cd75f
++ printf '%s  %s\n' 689cd507169aa2e2bbacb57d14bff9c22acfd2a3d142272b6cae29e7d15cd75f ./tests/misc/sigint-2.sh
++ IFS=
++ read -r f
+++ sha256sum ./tests/misc/sigint-3.sh
+++ awk '{print $1}'
++ h=f977911f88abd5cb10c7da3d0c01750888200c44937a3972a0116fb1d5d9a4ae
++ printf '%s  %s\n' f977911f88abd5cb10c7da3d0c01750888200c44937a3972a0116fb1d5d9a4ae ./tests/misc/sigint-3.sh
++ IFS=
++ read -r f
+++ sha256sum ./tests/misc/sigint-4.sh
+++ awk '{print $1}'
++ h=869878c9fb39f1b5b8a5ee5ac14c50086c0f5550cd02a606316c440f36ef8439
++ printf '%s  %s\n' 869878c9fb39f1b5b8a5ee5ac14c50086c0f5550cd02a606316c440f36ef8439 ./tests/misc/sigint-4.sh
++ IFS=
++ read -r f
+++ sha256sum ./tests/misc/test-minus-e.1
+++ awk '{print $1}'
++ h=c3fc256497b74922bca84d88fdf0506e5d3d6308069f691a216230284f00da69
++ printf '%s  %s\n' c3fc256497b74922bca84d88fdf0506e5d3d6308069f691a216230284f00da69 ./tests/misc/test-minus-e.1
++ IFS=
++ read -r f
+++ sha256sum ./tests/misc/test-minus-e.2
+++ awk '{print $1}'
++ h=277b1cea0b02b7a3e52164edbd1d0ad0535b6127db896144f09512e54ebcef21
++ printf '%s  %s\n' 277b1cea0b02b7a3e52164edbd1d0ad0535b6127db896144f09512e54ebcef21 ./tests/misc/test-minus-e.2
++ IFS=
++ read -r f
+++ sha256sum ./tests/misc/wait-bg.tests
+++ awk '{print $1}'
++ h=717b769a99d2418da84a9aedb612f74b2d36791bb58258dc3dd3499f9a5d2639
++ printf '%s  %s\n' 717b769a99d2418da84a9aedb612f74b2d36791bb58258dc3dd3499f9a5d2639 ./tests/misc/wait-bg.tests
++ IFS=
++ read -r f
+++ sha256sum ./tests/more-exp.right
+++ awk '{print $1}'
++ h=cd6e16614e06f393d9d1e3c20acaf6e8a31ec61fc88e9d30234445fb5d0e3c5c
++ printf '%s  %s\n' cd6e16614e06f393d9d1e3c20acaf6e8a31ec61fc88e9d30234445fb5d0e3c5c ./tests/more-exp.right
++ IFS=
++ read -r f
+++ sha256sum ./tests/more-exp.tests
+++ awk '{print $1}'
++ h=37c85f28c5be2e74444f797e4bc02eb7be30e7b831efebd00fe661829cba93b1
++ printf '%s  %s\n' 37c85f28c5be2e74444f797e4bc02eb7be30e7b831efebd00fe661829cba93b1 ./tests/more-exp.tests
++ IFS=
++ read -r f
+++ sha256sum ./tests/nameref.right
+++ awk '{print $1}'
++ h=bce79e3e38505e48f3ed6f7c05351ed7546c49322b5c254a4bdffe4c9bcf411d
++ printf '%s  %s\n' bce79e3e38505e48f3ed6f7c05351ed7546c49322b5c254a4bdffe4c9bcf411d ./tests/nameref.right
++ IFS=
++ read -r f
+++ sha256sum ./tests/nameref.tests
+++ awk '{print $1}'
++ h=a96eaf67612a4075a8cddc38261bc02445264f8bd33a8a034d52b0e2ad3d13f1
++ printf '%s  %s\n' a96eaf67612a4075a8cddc38261bc02445264f8bd33a8a034d52b0e2ad3d13f1 ./tests/nameref.tests
++ IFS=
++ read -r f
+++ sha256sum ./tests/nameref1.sub
+++ awk '{print $1}'
++ h=600a1098f3f3946621929de14fc33e440393cfd7b7df261c3eed96fe936f00ab
++ printf '%s  %s\n' 600a1098f3f3946621929de14fc33e440393cfd7b7df261c3eed96fe936f00ab ./tests/nameref1.sub
++ IFS=
++ read -r f
+++ sha256sum ./tests/nameref10.sub
+++ awk '{print $1}'
++ h=62d2401e50799c8febb55467185e466924ef8de6b54d6023935b73122f42949f
++ printf '%s  %s\n' 62d2401e50799c8febb55467185e466924ef8de6b54d6023935b73122f42949f ./tests/nameref10.sub
++ IFS=
++ read -r f
+++ sha256sum ./tests/nameref11.sub
+++ awk '{print $1}'
++ h=8cdc1971a47e6e3a11125526ed4450e2a5034937393c476658efe65b97a82f37
++ printf '%s  %s\n' 8cdc1971a47e6e3a11125526ed4450e2a5034937393c476658efe65b97a82f37 ./tests/nameref11.sub
++ IFS=
++ read -r f
+++ sha256sum ./tests/nameref12.sub
+++ awk '{print $1}'
++ h=cf19f0ff5b403959f8e877be0ab27b0f1098384331685616acd464cc44a1c93f
++ printf '%s  %s\n' cf19f0ff5b403959f8e877be0ab27b0f1098384331685616acd464cc44a1c93f ./tests/nameref12.sub
++ IFS=
++ read -r f
+++ sha256sum ./tests/nameref13.sub
+++ awk '{print $1}'
++ h=792476e6a3fe2666f89f9407c016d6814f3425d886bc62a5bda752a4f86312e8
++ printf '%s  %s\n' 792476e6a3fe2666f89f9407c016d6814f3425d886bc62a5bda752a4f86312e8 ./tests/nameref13.sub
++ IFS=
++ read -r f
+++ sha256sum ./tests/nameref14.sub
+++ awk '{print $1}'
++ h=536270fed064d8b303ed309828670a7274e6151b59182a2f2adb2bd5009a2f58
++ printf '%s  %s\n' 536270fed064d8b303ed309828670a7274e6151b59182a2f2adb2bd5009a2f58 ./tests/nameref14.sub
++ IFS=
++ read -r f
+++ sha256sum ./tests/nameref15.sub
+++ awk '{print $1}'
++ h=c9691fc13054d3993e7f6f36c988fed8ff43cbbdcf783be90037060d1bd544db
++ printf '%s  %s\n' c9691fc13054d3993e7f6f36c988fed8ff43cbbdcf783be90037060d1bd544db ./tests/nameref15.sub
++ IFS=
++ read -r f
+++ sha256sum ./tests/nameref16.sub
+++ awk '{print $1}'
++ h=d6b4616896c09245bf9d7ee857fcadd278bb88b9d3625cf3e2b29e903792c6b6
++ printf '%s  %s\n' d6b4616896c09245bf9d7ee857fcadd278bb88b9d3625cf3e2b29e903792c6b6 ./tests/nameref16.sub
++ IFS=
++ read -r f
+++ sha256sum ./tests/nameref17.sub
+++ awk '{print $1}'
++ h=95a612b639f58d7cb3770cbbf8bd4104ea639676cda815863bea59e0578daf10
++ printf '%s  %s\n' 95a612b639f58d7cb3770cbbf8bd4104ea639676cda815863bea59e0578daf10 ./tests/nameref17.sub
++ IFS=
++ read -r f
+++ sha256sum ./tests/nameref18.sub
+++ awk '{print $1}'
++ h=727e130b186d8300e6696a0bcf070ba43c327409e355fb7ca8d60f39620fffae
++ printf '%s  %s\n' 727e130b186d8300e6696a0bcf070ba43c327409e355fb7ca8d60f39620fffae ./tests/nameref18.sub
++ IFS=
++ read -r f
+++ sha256sum ./tests/nameref19.sub
+++ awk '{print $1}'
++ h=8d8a531625450c005edccc5940732b64732a69d780d7f088bf90f5a4acee11f7
++ printf '%s  %s\n' 8d8a531625450c005edccc5940732b64732a69d780d7f088bf90f5a4acee11f7 ./tests/nameref19.sub
++ IFS=
++ read -r f
+++ sha256sum ./tests/nameref2.sub
+++ awk '{print $1}'
++ h=91ea973156f3635936b8ea7e62213955c59f2217d79b2fac2d72e9c2d75185ad
++ printf '%s  %s\n' 91ea973156f3635936b8ea7e62213955c59f2217d79b2fac2d72e9c2d75185ad ./tests/nameref2.sub
++ IFS=
++ read -r f
+++ sha256sum ./tests/nameref20.sub
+++ awk '{print $1}'
++ h=c4429cf77c68fa8c44adb9fd612a084137e6c863ce153d52a42f1adaeb42bab5
++ printf '%s  %s\n' c4429cf77c68fa8c44adb9fd612a084137e6c863ce153d52a42f1adaeb42bab5 ./tests/nameref20.sub
++ IFS=
++ read -r f
+++ sha256sum ./tests/nameref21.sub
+++ awk '{print $1}'
++ h=8d0c4a7e4fc576a10fcb11efe8f7417dbc37c095a2ab2576064643f99656f73b
++ printf '%s  %s\n' 8d0c4a7e4fc576a10fcb11efe8f7417dbc37c095a2ab2576064643f99656f73b ./tests/nameref21.sub
++ IFS=
++ read -r f
+++ sha256sum ./tests/nameref22.sub
+++ awk '{print $1}'
++ h=b3a57e00eb6941d9bfc5c1042ea6294a3802a0330eaa131f1ad6866314cdd34e
++ printf '%s  %s\n' b3a57e00eb6941d9bfc5c1042ea6294a3802a0330eaa131f1ad6866314cdd34e ./tests/nameref22.sub
++ IFS=
++ read -r f
+++ sha256sum ./tests/nameref23.sub
+++ awk '{print $1}'
++ h=75e192f322f882c3a0c3aa373afc657fb91265e4150dd43f6358175005400eab
++ printf '%s  %s\n' 75e192f322f882c3a0c3aa373afc657fb91265e4150dd43f6358175005400eab ./tests/nameref23.sub
++ IFS=
++ read -r f
+++ sha256sum ./tests/nameref24.sub
+++ awk '{print $1}'
++ h=a9606f4616234208c63bcd5afa805cb6bc17d330edb622fcb6eaacf1332b6e28
++ printf '%s  %s\n' a9606f4616234208c63bcd5afa805cb6bc17d330edb622fcb6eaacf1332b6e28 ./tests/nameref24.sub
++ IFS=
++ read -r f
+++ sha256sum ./tests/nameref25.sub
+++ awk '{print $1}'
++ h=78b0031d298b240d862b44b331048c9a6f62075905e672a65f574443e38c71aa
++ printf '%s  %s\n' 78b0031d298b240d862b44b331048c9a6f62075905e672a65f574443e38c71aa ./tests/nameref25.sub
++ IFS=
++ read -r f
+++ sha256sum ./tests/nameref3.sub
+++ awk '{print $1}'
++ h=bce4f0a3f3cb34bb3674057bf0fcd3ab575aed2d7b236dc90e74a5b4ce19b478
++ printf '%s  %s\n' bce4f0a3f3cb34bb3674057bf0fcd3ab575aed2d7b236dc90e74a5b4ce19b478 ./tests/nameref3.sub
++ IFS=
++ read -r f
+++ sha256sum ./tests/nameref4.sub
+++ awk '{print $1}'
++ h=19916fb4f6a313965d7a769c37a8b0002401342558a6dd9985ea251ce2e04ec3
++ printf '%s  %s\n' 19916fb4f6a313965d7a769c37a8b0002401342558a6dd9985ea251ce2e04ec3 ./tests/nameref4.sub
++ IFS=
++ read -r f
+++ sha256sum ./tests/nameref5.sub
+++ awk '{print $1}'
++ h=589c2c1a8351bccd3cdeb017c44d362291cf9ca997cb78faa19c9bb8ad8eed86
++ printf '%s  %s\n' 589c2c1a8351bccd3cdeb017c44d362291cf9ca997cb78faa19c9bb8ad8eed86 ./tests/nameref5.sub
++ IFS=
++ read -r f
+++ sha256sum ./tests/nameref6.sub
+++ awk '{print $1}'
++ h=8e4d5b4322ab4ad6813f68da98a0ec05a031a7b4d0903596694759d5aca92783
++ printf '%s  %s\n' 8e4d5b4322ab4ad6813f68da98a0ec05a031a7b4d0903596694759d5aca92783 ./tests/nameref6.sub
++ IFS=
++ read -r f
+++ sha256sum ./tests/nameref7.sub
+++ awk '{print $1}'
++ h=20c428e97abb9444973bd782baa67b5765c4844e77293f348f17ca3f3f8e7ad6
++ printf '%s  %s\n' 20c428e97abb9444973bd782baa67b5765c4844e77293f348f17ca3f3f8e7ad6 ./tests/nameref7.sub
++ IFS=
++ read -r f
+++ awk '{print $1}'
+++ sha256sum ./tests/nameref8.sub
++ h=b9d168f7492e1fd6909e19dfd2aeac49fa99f79f4ee61b4528dc8ee144ba3486
++ printf '%s  %s\n' b9d168f7492e1fd6909e19dfd2aeac49fa99f79f4ee61b4528dc8ee144ba3486 ./tests/nameref8.sub
++ IFS=
++ read -r f
+++ sha256sum ./tests/nameref9.sub
+++ awk '{print $1}'
++ h=e6fb023901e73775a4128aeb36d78903044d6122363aeefc9e17657dd4e5ea98
++ printf '%s  %s\n' e6fb023901e73775a4128aeb36d78903044d6122363aeefc9e17657dd4e5ea98 ./tests/nameref9.sub
++ IFS=
++ read -r f
+++ sha256sum ./tests/new-exp.right
+++ awk '{print $1}'
++ h=2fe18d1df9b9dfd2b31c0f3763cd431a869836932a22a261cef1929449d8d272
++ printf '%s  %s\n' 2fe18d1df9b9dfd2b31c0f3763cd431a869836932a22a261cef1929449d8d272 ./tests/new-exp.right
++ IFS=
++ read -r f
+++ sha256sum ./tests/new-exp.tests
+++ awk '{print $1}'
++ h=3c057e8a7bb2d2fc68b4a373a7f88d68848c3c9090f83d5a046d2be7d847ff6a
++ printf '%s  %s\n' 3c057e8a7bb2d2fc68b4a373a7f88d68848c3c9090f83d5a046d2be7d847ff6a ./tests/new-exp.tests
++ IFS=
++ read -r f
+++ sha256sum ./tests/new-exp1.sub
+++ awk '{print $1}'
++ h=fd30145dea62086f3d1aedd95a3b8d984fc625878bb492420931853d4ac426ad
++ printf '%s  %s\n' fd30145dea62086f3d1aedd95a3b8d984fc625878bb492420931853d4ac426ad ./tests/new-exp1.sub
++ IFS=
++ read -r f
+++ sha256sum ./tests/new-exp10.sub
+++ awk '{print $1}'
++ h=5f9cb2afe431bb8e25e4fb321dc17ff9d8cc1c9eff8f9a87e238aaf110c6365b
++ printf '%s  %s\n' 5f9cb2afe431bb8e25e4fb321dc17ff9d8cc1c9eff8f9a87e238aaf110c6365b ./tests/new-exp10.sub
++ IFS=
++ read -r f
+++ sha256sum ./tests/new-exp11.sub
+++ awk '{print $1}'
++ h=04966a0186abfc1b24042406f6774917b72526242a655362afc45be1883c4fda
++ printf '%s  %s\n' 04966a0186abfc1b24042406f6774917b72526242a655362afc45be1883c4fda ./tests/new-exp11.sub
++ IFS=
++ read -r f
+++ sha256sum ./tests/new-exp12.sub
+++ awk '{print $1}'
++ h=965e5ed4789c984a3d15737251cf36931978e700eaa9ea94f2fcad10e84fa82e
++ printf '%s  %s\n' 965e5ed4789c984a3d15737251cf36931978e700eaa9ea94f2fcad10e84fa82e ./tests/new-exp12.sub
++ IFS=
++ read -r f
+++ sha256sum ./tests/new-exp13.sub
+++ awk '{print $1}'
++ h=50ed44fc4cc5cb689972b85ad8229b246af3c1d71c17138c24f1033ee8f987c4
++ printf '%s  %s\n' 50ed44fc4cc5cb689972b85ad8229b246af3c1d71c17138c24f1033ee8f987c4 ./tests/new-exp13.sub
++ IFS=
++ read -r f
+++ sha256sum ./tests/new-exp14.sub
+++ awk '{print $1}'
++ h=9fbf464be20d186d38943408e80560c3955780b6ed604f2a3967216092a0a602
++ printf '%s  %s\n' 9fbf464be20d186d38943408e80560c3955780b6ed604f2a3967216092a0a602 ./tests/new-exp14.sub
++ IFS=
++ read -r f
+++ sha256sum ./tests/new-exp15.sub
+++ awk '{print $1}'
++ h=a1f51b887c90f7ad6d29665e030415445d74dda77ecbc8099586b85e441a46c6
++ printf '%s  %s\n' a1f51b887c90f7ad6d29665e030415445d74dda77ecbc8099586b85e441a46c6 ./tests/new-exp15.sub
++ IFS=
++ read -r f
+++ sha256sum ./tests/new-exp16.sub
+++ awk '{print $1}'
++ h=2c58e940410370d64b983bd7e704e954dbc5b0e1243a8cf4459fde4664949fa5
++ printf '%s  %s\n' 2c58e940410370d64b983bd7e704e954dbc5b0e1243a8cf4459fde4664949fa5 ./tests/new-exp16.sub
++ IFS=
++ read -r f
+++ sha256sum ./tests/new-exp2.sub
+++ awk '{print $1}'
++ h=0d44ec253e1df3ab5d113471820ffbd08e5da1ce721020aff92bc84c30b07f20
++ printf '%s  %s\n' 0d44ec253e1df3ab5d113471820ffbd08e5da1ce721020aff92bc84c30b07f20 ./tests/new-exp2.sub
++ IFS=
++ read -r f
+++ sha256sum ./tests/new-exp3.sub
+++ awk '{print $1}'
++ h=2e38994b46d01e00f500aed206170b6a2e73910767aa2c7eb984af097537b981
++ printf '%s  %s\n' 2e38994b46d01e00f500aed206170b6a2e73910767aa2c7eb984af097537b981 ./tests/new-exp3.sub
++ IFS=
++ read -r f
+++ sha256sum ./tests/new-exp4.sub
+++ awk '{print $1}'
++ h=f0b51caf7fcebd87a9ed1214d0e0088526975f832ae6590618eddbfd3f0446b3
++ printf '%s  %s\n' f0b51caf7fcebd87a9ed1214d0e0088526975f832ae6590618eddbfd3f0446b3 ./tests/new-exp4.sub
++ IFS=
++ read -r f
+++ sha256sum ./tests/new-exp5.sub
+++ awk '{print $1}'
++ h=e2d3f2b87811ed7b018fa462b790092a1171bff722f1bec4ebe523e6b4e81509
++ printf '%s  %s\n' e2d3f2b87811ed7b018fa462b790092a1171bff722f1bec4ebe523e6b4e81509 ./tests/new-exp5.sub
++ IFS=
++ read -r f
+++ sha256sum ./tests/new-exp6.sub
+++ awk '{print $1}'
++ h=5b35ced3bf3c41dd915fd59d455f9b806f3daa9fbf881658829742d19b22c9b7
++ printf '%s  %s\n' 5b35ced3bf3c41dd915fd59d455f9b806f3daa9fbf881658829742d19b22c9b7 ./tests/new-exp6.sub
++ IFS=
++ read -r f
+++ sha256sum ./tests/new-exp7.sub
+++ awk '{print $1}'
++ h=75812081052b4bcfdbfc25dd06f229fb0829dc72e741759108b79097e8cacb75
++ printf '%s  %s\n' 75812081052b4bcfdbfc25dd06f229fb0829dc72e741759108b79097e8cacb75 ./tests/new-exp7.sub
++ IFS=
++ read -r f
+++ sha256sum ./tests/new-exp8.sub
+++ awk '{print $1}'
++ h=90974e990e280875c497b1ad78fef1bcd8b84980da06f505bd30f30576bab178
++ printf '%s  %s\n' 90974e990e280875c497b1ad78fef1bcd8b84980da06f505bd30f30576bab178 ./tests/new-exp8.sub
++ IFS=
++ read -r f
+++ sha256sum ./tests/new-exp9.sub
+++ awk '{print $1}'
++ h=a0611e01ef044a9c11f7c703089f6fa54d53e1e983977f3fe23e8c4ebf81ab26
++ printf '%s  %s\n' a0611e01ef044a9c11f7c703089f6fa54d53e1e983977f3fe23e8c4ebf81ab26 ./tests/new-exp9.sub
++ IFS=
++ read -r f
+++ sha256sum ./tests/nquote.right
+++ awk '{print $1}'
++ h=2d526f81867a01412fcfa2b4e4df113beeeb4bf44c4560bb08ed2df21e4c5483
++ printf '%s  %s\n' 2d526f81867a01412fcfa2b4e4df113beeeb4bf44c4560bb08ed2df21e4c5483 ./tests/nquote.right
++ IFS=
++ read -r f
+++ sha256sum ./tests/nquote.tests
+++ awk '{print $1}'
++ h=e3ac1ab8ed2ad6781b92fd5852a9d9735225073bf21914b792def090360fb64f
++ printf '%s  %s\n' e3ac1ab8ed2ad6781b92fd5852a9d9735225073bf21914b792def090360fb64f ./tests/nquote.tests
++ IFS=
++ read -r f
+++ sha256sum ./tests/nquote1.right
+++ awk '{print $1}'
++ h=af8f775a42b9ee464871320e9c44737a180b7632708333e27b3e04b1f7b7f427
++ printf '%s  %s\n' af8f775a42b9ee464871320e9c44737a180b7632708333e27b3e04b1f7b7f427 ./tests/nquote1.right
++ IFS=
++ read -r f
+++ sha256sum ./tests/nquote1.sub
+++ awk '{print $1}'
++ h=db1325d245c3ec47249464ee149e66d8b22588f1cba2ae44fbcd49b8bd0d0a01
++ printf '%s  %s\n' db1325d245c3ec47249464ee149e66d8b22588f1cba2ae44fbcd49b8bd0d0a01 ./tests/nquote1.sub
++ IFS=
++ read -r f
+++ sha256sum ./tests/nquote1.tests
+++ awk '{print $1}'
++ h=fb7b0fcf151baf6e5043ed93a36d9d0b0f0238bcf8a686b96621666ce8dc2026
++ printf '%s  %s\n' fb7b0fcf151baf6e5043ed93a36d9d0b0f0238bcf8a686b96621666ce8dc2026 ./tests/nquote1.tests
++ IFS=
++ read -r f
+++ sha256sum ./tests/nquote2.right
+++ awk '{print $1}'
++ h=f812adef7f23b3aff7a26ca602317102f71c1373d96d2550b362c2e58867c674
++ printf '%s  %s\n' f812adef7f23b3aff7a26ca602317102f71c1373d96d2550b362c2e58867c674 ./tests/nquote2.right
++ IFS=
++ read -r f
+++ sha256sum ./tests/nquote2.sub
+++ awk '{print $1}'
++ h=74e7d2ff4e890ff73643a3a49d6b1768fdddc8632d560c28acb7d22b7c43d288
++ printf '%s  %s\n' 74e7d2ff4e890ff73643a3a49d6b1768fdddc8632d560c28acb7d22b7c43d288 ./tests/nquote2.sub
++ IFS=
++ read -r f
+++ sha256sum ./tests/nquote2.tests
+++ awk '{print $1}'
++ h=38bb0e07a6ba3ab2fd852d70449d4b0feabd46b4a4cae8fbe0f570fe23276cdd
++ printf '%s  %s\n' 38bb0e07a6ba3ab2fd852d70449d4b0feabd46b4a4cae8fbe0f570fe23276cdd ./tests/nquote2.tests
++ IFS=
++ read -r f
+++ sha256sum ./tests/nquote3.right
+++ awk '{print $1}'
++ h=c317ad8ac738a9c0bef141d5033eda9c6278a82a88d36456982dc19487011407
++ printf '%s  %s\n' c317ad8ac738a9c0bef141d5033eda9c6278a82a88d36456982dc19487011407 ./tests/nquote3.right
++ IFS=
++ read -r f
+++ sha256sum ./tests/nquote3.sub
+++ awk '{print $1}'
++ h=987eeb3e74ad68699a91ede16bc77cf598c9b6e67f807a3389b39aa8e6dd7382
++ printf '%s  %s\n' 987eeb3e74ad68699a91ede16bc77cf598c9b6e67f807a3389b39aa8e6dd7382 ./tests/nquote3.sub
++ IFS=
++ read -r f
+++ sha256sum ./tests/nquote3.tests
+++ awk '{print $1}'
++ h=f4ae5917b6c9b932684199f9f749b3a1478dc5bdb91f498b0d20431ac1c561a6
++ printf '%s  %s\n' f4ae5917b6c9b932684199f9f749b3a1478dc5bdb91f498b0d20431ac1c561a6 ./tests/nquote3.tests
++ IFS=
++ read -r f
+++ sha256sum ./tests/nquote4.right
+++ awk '{print $1}'
++ h=caf425eaee39d19b4d38632fe0cf283c2c381f42092feac93c9a20b9c409112a
++ printf '%s  %s\n' caf425eaee39d19b4d38632fe0cf283c2c381f42092feac93c9a20b9c409112a ./tests/nquote4.right
++ IFS=
++ read -r f
+++ sha256sum ./tests/nquote4.sub
+++ awk '{print $1}'
++ h=0052160aac884140223d991abd1b09687615c7033739ab27dd05ed961e756ff0
++ printf '%s  %s\n' 0052160aac884140223d991abd1b09687615c7033739ab27dd05ed961e756ff0 ./tests/nquote4.sub
++ IFS=
++ read -r f
+++ sha256sum ./tests/nquote4.tests
+++ awk '{print $1}'
++ h=0fc9c91099639855631b1670758d0d1c324a13238cde367a8849e32d9cc78fee
++ printf '%s  %s\n' 0fc9c91099639855631b1670758d0d1c324a13238cde367a8849e32d9cc78fee ./tests/nquote4.tests
++ IFS=
++ read -r f
+++ sha256sum ./tests/nquote5.right
+++ awk '{print $1}'
++ h=03ec693c202bce2c4cc3167c19687fd5795940221edda05f93d06c6fd66aee60
++ printf '%s  %s\n' 03ec693c202bce2c4cc3167c19687fd5795940221edda05f93d06c6fd66aee60 ./tests/nquote5.right
++ IFS=
++ read -r f
+++ sha256sum ./tests/nquote5.sub
+++ awk '{print $1}'
++ h=815aacc81e4d92065b395f798766214bb789341d5c461067b60eef9de77a3793
++ printf '%s  %s\n' 815aacc81e4d92065b395f798766214bb789341d5c461067b60eef9de77a3793 ./tests/nquote5.sub
++ IFS=
++ read -r f
+++ sha256sum ./tests/nquote5.tests
+++ awk '{print $1}'
++ h=a15a556609e3081b45ab94764968bc613116907c2de3a3bcd8c6683284726cfe
++ printf '%s  %s\n' a15a556609e3081b45ab94764968bc613116907c2de3a3bcd8c6683284726cfe ./tests/nquote5.tests
++ IFS=
++ read -r f
+++ sha256sum ./tests/parser.right
+++ awk '{print $1}'
++ h=542d0368197fb4811912e17a0bcd8e461389b774a1786c336c33f9148b2147ef
++ printf '%s  %s\n' 542d0368197fb4811912e17a0bcd8e461389b774a1786c336c33f9148b2147ef ./tests/parser.right
++ IFS=
++ read -r f
+++ sha256sum ./tests/parser.tests
+++ awk '{print $1}'
++ h=37d0bced08c3efd2952ec16cb21ab92766f676d4c8d002c5e398cfa1fc8eed21
++ printf '%s  %s\n' 37d0bced08c3efd2952ec16cb21ab92766f676d4c8d002c5e398cfa1fc8eed21 ./tests/parser.tests
++ IFS=
++ read -r f
+++ sha256sum ./tests/parser1.sub
+++ awk '{print $1}'
++ h=532cfbab6a7e955523806218ac448c128d19136b185954acacfbddbb0894e38f
++ printf '%s  %s\n' 532cfbab6a7e955523806218ac448c128d19136b185954acacfbddbb0894e38f ./tests/parser1.sub
++ IFS=
++ read -r f
+++ sha256sum ./tests/posix2.right
+++ awk '{print $1}'
++ h=79fbe57be96cfeb8c5dcaf4e4aa19d0fde342d8e24d731c6680faf174dc7df17
++ printf '%s  %s\n' 79fbe57be96cfeb8c5dcaf4e4aa19d0fde342d8e24d731c6680faf174dc7df17 ./tests/posix2.right
++ IFS=
++ read -r f
+++ sha256sum ./tests/posix2.tests
+++ awk '{print $1}'
++ h=0504d375d3a9a94c7d83c13578e39ac721eb9e264a4e5c837dd8a372f0c39355
++ printf '%s  %s\n' 0504d375d3a9a94c7d83c13578e39ac721eb9e264a4e5c837dd8a372f0c39355 ./tests/posix2.tests
++ IFS=
++ read -r f
+++ sha256sum ./tests/posix2syntax.sub
+++ awk '{print $1}'
++ h=e349291afd23e4dec948915eb1e123273cd6359e034eb1bdeeb281337309d139
++ printf '%s  %s\n' e349291afd23e4dec948915eb1e123273cd6359e034eb1bdeeb281337309d139 ./tests/posix2syntax.sub
++ IFS=
++ read -r f
+++ sha256sum ./tests/posixexp.right
+++ awk '{print $1}'
++ h=6fb5a215944b64729b8132631319bd92afc3c8aed9680530f1a662fccf0ae209
++ printf '%s  %s\n' 6fb5a215944b64729b8132631319bd92afc3c8aed9680530f1a662fccf0ae209 ./tests/posixexp.right
++ IFS=
++ read -r f
+++ sha256sum ./tests/posixexp.tests
+++ awk '{print $1}'
++ h=89e1c1ab632618db94176bdbbdce7bd89ccc882113ff7488367886cb045dc07d
++ printf '%s  %s\n' 89e1c1ab632618db94176bdbbdce7bd89ccc882113ff7488367886cb045dc07d ./tests/posixexp.tests
++ IFS=
++ read -r f
+++ sha256sum ./tests/posixexp1.sub
+++ awk '{print $1}'
++ h=8a006ff7d3f8dbd2ed119527c0e56abe6e81fa72ec8c0627401b31e54f676187
++ printf '%s  %s\n' 8a006ff7d3f8dbd2ed119527c0e56abe6e81fa72ec8c0627401b31e54f676187 ./tests/posixexp1.sub
++ IFS=
++ read -r f
+++ sha256sum ./tests/posixexp2.right
+++ awk '{print $1}'
++ h=e23b829190ed651513d0b3be6b219156fdd7ff68838e39af7f39ac77ceacaa96
++ printf '%s  %s\n' e23b829190ed651513d0b3be6b219156fdd7ff68838e39af7f39ac77ceacaa96 ./tests/posixexp2.right
++ IFS=
++ read -r f
+++ sha256sum ./tests/posixexp2.sub
+++ awk '{print $1}'
++ h=fbf8f2184c0d03fe30707500a2a277102793d4d4d0b4c5ad1ca2eb05f56659cd
++ printf '%s  %s\n' fbf8f2184c0d03fe30707500a2a277102793d4d4d0b4c5ad1ca2eb05f56659cd ./tests/posixexp2.sub
++ IFS=
++ read -r f
+++ sha256sum ./tests/posixexp2.tests
+++ awk '{print $1}'
++ h=2aef7c04b7a12f1c05d3fec5d8a1026b313f35fac1a5c490be51f2b135be3dca
++ printf '%s  %s\n' 2aef7c04b7a12f1c05d3fec5d8a1026b313f35fac1a5c490be51f2b135be3dca ./tests/posixexp2.tests
++ IFS=
++ read -r f
+++ sha256sum ./tests/posixexp3.sub
+++ awk '{print $1}'
++ h=269e7a5cfd1a9767c4c2409bc7c439866a0d803892ffee75db44779be068daa0
++ printf '%s  %s\n' 269e7a5cfd1a9767c4c2409bc7c439866a0d803892ffee75db44779be068daa0 ./tests/posixexp3.sub
++ IFS=
++ read -r f
+++ sha256sum ./tests/posixexp4.sub
+++ awk '{print $1}'
++ h=7a54e6956c42004b8a2c0cc3122af0d0d86724fa4f4abfbd3a8e18d8374c10c4
++ printf '%s  %s\n' 7a54e6956c42004b8a2c0cc3122af0d0d86724fa4f4abfbd3a8e18d8374c10c4 ./tests/posixexp4.sub
++ IFS=
++ read -r f
+++ sha256sum ./tests/posixexp5.sub
+++ awk '{print $1}'
++ h=dfafa728f3a282910dc6363890285552b24096306298190219dca63f870b061a
++ printf '%s  %s\n' dfafa728f3a282910dc6363890285552b24096306298190219dca63f870b061a ./tests/posixexp5.sub
++ IFS=
++ read -r f
+++ sha256sum ./tests/posixexp6.sub
+++ awk '{print $1}'
++ h=6cd95b7fe4a3a04b2247ba22a002ece19b7da0bbbe73d35ceece21a6c45aa259
++ printf '%s  %s\n' 6cd95b7fe4a3a04b2247ba22a002ece19b7da0bbbe73d35ceece21a6c45aa259 ./tests/posixexp6.sub
++ IFS=
++ read -r f
+++ sha256sum ./tests/posixexp7.sub
+++ awk '{print $1}'
++ h=36444d8c732eec6d66b52cc5e501f486892edb0a4e2bb88e7de6a145bde86708
++ printf '%s  %s\n' 36444d8c732eec6d66b52cc5e501f486892edb0a4e2bb88e7de6a145bde86708 ./tests/posixexp7.sub
++ IFS=
++ read -r f
+++ sha256sum ./tests/posixexp8.sub
+++ awk '{print $1}'
++ h=d18f8688d3144cb14d059b4e9722b6fa468f421d9997e0033b7a4959a0f4965f
++ printf '%s  %s\n' d18f8688d3144cb14d059b4e9722b6fa468f421d9997e0033b7a4959a0f4965f ./tests/posixexp8.sub
++ IFS=
++ read -r f
+++ sha256sum ./tests/posixpat.right
+++ awk '{print $1}'
++ h=713fa0c20fac8575b37c165b49f1427b64bd9cc9062bfa1fb0144f68075138e8
++ printf '%s  %s\n' 713fa0c20fac8575b37c165b49f1427b64bd9cc9062bfa1fb0144f68075138e8 ./tests/posixpat.right
++ IFS=
++ read -r f
+++ sha256sum ./tests/posixpat.tests
+++ awk '{print $1}'
++ h=58f8031ef39406be5b19549d1709db92eac94adc04c10da08664b92f12a6b1c4
++ printf '%s  %s\n' 58f8031ef39406be5b19549d1709db92eac94adc04c10da08664b92f12a6b1c4 ./tests/posixpat.tests
++ IFS=
++ read -r f
+++ sha256sum ./tests/posixpipe.right
+++ awk '{print $1}'
++ h=11dc77bf30c9e1f5101de477234a23b7e5136a58b47b5f0d3f1774ea7f3862dc
++ printf '%s  %s\n' 11dc77bf30c9e1f5101de477234a23b7e5136a58b47b5f0d3f1774ea7f3862dc ./tests/posixpipe.right
++ IFS=
++ read -r f
+++ sha256sum ./tests/posixpipe.tests
+++ awk '{print $1}'
++ h=efdcf01c6bccaa75a5093bf27203ab2e88bd2af1626fca5a35dd98a59439e9fe
++ printf '%s  %s\n' efdcf01c6bccaa75a5093bf27203ab2e88bd2af1626fca5a35dd98a59439e9fe ./tests/posixpipe.tests
++ IFS=
++ read -r f
+++ sha256sum ./tests/prec.right
+++ awk '{print $1}'
++ h=79ec1c27f9f873aaa405dc95592c6029bba044e2aa18f69d39c7ee69e2efd32f
++ printf '%s  %s\n' 79ec1c27f9f873aaa405dc95592c6029bba044e2aa18f69d39c7ee69e2efd32f ./tests/prec.right
++ IFS=
++ read -r f
+++ sha256sum ./tests/precedence.tests
+++ awk '{print $1}'
++ h=e17ae2b65beb98df2c974f6c21b0ff40e5ececb827bf9a3acd12c180a391504b
++ printf '%s  %s\n' e17ae2b65beb98df2c974f6c21b0ff40e5ececb827bf9a3acd12c180a391504b ./tests/precedence.tests
++ IFS=
++ read -r f
+++ sha256sum ./tests/printf.right
+++ awk '{print $1}'
++ h=b263085798dad1f800baf86564930b6414ad43fbc59ec8990b2e8ee66c1c12a3
++ printf '%s  %s\n' b263085798dad1f800baf86564930b6414ad43fbc59ec8990b2e8ee66c1c12a3 ./tests/printf.right
++ IFS=
++ read -r f
+++ sha256sum ./tests/printf.tests
+++ awk '{print $1}'
++ h=bf1f466de4329e75c0b870981de5ea6e74f49dc96089fd7f9bd57949e36f85e2
++ printf '%s  %s\n' bf1f466de4329e75c0b870981de5ea6e74f49dc96089fd7f9bd57949e36f85e2 ./tests/printf.tests
++ IFS=
++ read -r f
+++ sha256sum ./tests/printf1.sub
+++ awk '{print $1}'
++ h=66681602d2b73f79d94deb09ebcc6864802c22f3fbb1566c11604838e579a790
++ printf '%s  %s\n' 66681602d2b73f79d94deb09ebcc6864802c22f3fbb1566c11604838e579a790 ./tests/printf1.sub
++ IFS=
++ read -r f
+++ sha256sum ./tests/printf2.sub
+++ awk '{print $1}'
++ h=c7bd376b1899ea9eb61105ff7a17c4b76950e07d9a551ffb8c0a4c00c56b91f8
++ printf '%s  %s\n' c7bd376b1899ea9eb61105ff7a17c4b76950e07d9a551ffb8c0a4c00c56b91f8 ./tests/printf2.sub
++ IFS=
++ read -r f
+++ sha256sum ./tests/printf3.sub
+++ awk '{print $1}'
++ h=7911dad5d29ed6db139de3025f067f895546c50ef380fffca37294d25b53a936
++ printf '%s  %s\n' 7911dad5d29ed6db139de3025f067f895546c50ef380fffca37294d25b53a936 ./tests/printf3.sub
++ IFS=
++ read -r f
+++ sha256sum ./tests/printf4.sub
+++ awk '{print $1}'
++ h=14b0aa639a20774c47a19e7ec9baed146270ceeb7abe3dc807af6c65629d650d
++ printf '%s  %s\n' 14b0aa639a20774c47a19e7ec9baed146270ceeb7abe3dc807af6c65629d650d ./tests/printf4.sub
++ IFS=
++ read -r f
+++ sha256sum ./tests/printf5.sub
+++ awk '{print $1}'
++ h=b6fc3289c6a478eee7dd98f689357fde2dbd5750cec81ad2e6536800ff0b5c8e
++ printf '%s  %s\n' b6fc3289c6a478eee7dd98f689357fde2dbd5750cec81ad2e6536800ff0b5c8e ./tests/printf5.sub
++ IFS=
++ read -r f
+++ sha256sum ./tests/printf6.sub
+++ awk '{print $1}'
++ h=6b680c770442826bd6dc39444ffb132d5ceefe5a0742dcc17d98cc0090766d1d
++ printf '%s  %s\n' 6b680c770442826bd6dc39444ffb132d5ceefe5a0742dcc17d98cc0090766d1d ./tests/printf6.sub
++ IFS=
++ read -r f
+++ sha256sum ./tests/printf7.sub
+++ awk '{print $1}'
++ h=6edd632603d40b10645f401cbd56aa59326a63a83c60423750b48e78d9735fa8
++ printf '%s  %s\n' 6edd632603d40b10645f401cbd56aa59326a63a83c60423750b48e78d9735fa8 ./tests/printf7.sub
++ IFS=
++ read -r f
+++ sha256sum ./tests/procsub.right
+++ awk '{print $1}'
++ h=09e2c6a3eaeee6e9b3307b68ab75284e8df4f02c8a1ba1fe092ef14423f7b677
++ printf '%s  %s\n' 09e2c6a3eaeee6e9b3307b68ab75284e8df4f02c8a1ba1fe092ef14423f7b677 ./tests/procsub.right
++ IFS=
++ read -r f
+++ sha256sum ./tests/procsub.tests
+++ awk '{print $1}'
++ h=010cde813137b6ced42d1f0bbb016ada0fed5e9e05f9735b2e79c766265aa904
++ printf '%s  %s\n' 010cde813137b6ced42d1f0bbb016ada0fed5e9e05f9735b2e79c766265aa904 ./tests/procsub.tests
++ IFS=
++ read -r f
+++ sha256sum ./tests/procsub1.sub
+++ awk '{print $1}'
++ h=c8d38f4cecafbf3251dbd16f380d82717351ee8fef152d56d266f1f57c8bb83c
++ printf '%s  %s\n' c8d38f4cecafbf3251dbd16f380d82717351ee8fef152d56d266f1f57c8bb83c ./tests/procsub1.sub
++ IFS=
++ read -r f
+++ sha256sum ./tests/procsub2.sub
+++ awk '{print $1}'
++ h=fafcd5ea56c9896c3e74f88ebf9f76b82f0c9410878f3aee9c082aba2cfde87c
++ printf '%s  %s\n' fafcd5ea56c9896c3e74f88ebf9f76b82f0c9410878f3aee9c082aba2cfde87c ./tests/procsub2.sub
++ IFS=
++ read -r f
+++ sha256sum ./tests/quote.right
+++ awk '{print $1}'
++ h=59757c5227ef4637f039f6d6937cccf249e0753cfc9b58f22ddd7461bde24d55
++ printf '%s  %s\n' 59757c5227ef4637f039f6d6937cccf249e0753cfc9b58f22ddd7461bde24d55 ./tests/quote.right
++ IFS=
++ read -r f
+++ sha256sum ./tests/quote.tests
+++ awk '{print $1}'
++ h=625275a5c5c73bd0953ba12f6f93ad4cbfe5f9a075bc00ea550280787e96987b
++ printf '%s  %s\n' 625275a5c5c73bd0953ba12f6f93ad4cbfe5f9a075bc00ea550280787e96987b ./tests/quote.tests
++ IFS=
++ read -r f
+++ sha256sum ./tests/quote1.sub
+++ awk '{print $1}'
++ h=3734bbfb3580f22560571378abe9bfad01125ce65040a02f245ed77323b1f25a
++ printf '%s  %s\n' 3734bbfb3580f22560571378abe9bfad01125ce65040a02f245ed77323b1f25a ./tests/quote1.sub
++ IFS=
++ read -r f
+++ sha256sum ./tests/quote2.sub
+++ awk '{print $1}'
++ h=a79997269bc8560fcd2422a478b7c4878ccc448eac81e10ac58a590dc37769a9
++ printf '%s  %s\n' a79997269bc8560fcd2422a478b7c4878ccc448eac81e10ac58a590dc37769a9 ./tests/quote2.sub
++ IFS=
++ read -r f
+++ sha256sum ./tests/quote3.sub
+++ awk '{print $1}'
++ h=782364683daa918237234d98424d728d49cd2bcf13602df2c4dc0274edf1d9f4
++ printf '%s  %s\n' 782364683daa918237234d98424d728d49cd2bcf13602df2c4dc0274edf1d9f4 ./tests/quote3.sub
++ IFS=
++ read -r f
+++ sha256sum ./tests/quote4.sub
+++ awk '{print $1}'
++ h=7704cc5aaa12257340b0f1fee7b543a8b7e5ebdb9acd830a212a7f1d8ece1193
++ printf '%s  %s\n' 7704cc5aaa12257340b0f1fee7b543a8b7e5ebdb9acd830a212a7f1d8ece1193 ./tests/quote4.sub
++ IFS=
++ read -r f
+++ sha256sum ./tests/quotearray.right
+++ awk '{print $1}'
++ h=23cd4a235261d1b577a57ed8c4ca155b21319884a8bcedf2c33bcf8598af42e3
++ printf '%s  %s\n' 23cd4a235261d1b577a57ed8c4ca155b21319884a8bcedf2c33bcf8598af42e3 ./tests/quotearray.right
++ IFS=
++ read -r f
+++ sha256sum ./tests/quotearray.tests
+++ awk '{print $1}'
++ h=f36072b0ff41efd2e47961c635c53d54c0b90a5cdaf80d4eec4885b6e0df7e13
++ printf '%s  %s\n' f36072b0ff41efd2e47961c635c53d54c0b90a5cdaf80d4eec4885b6e0df7e13 ./tests/quotearray.tests
++ IFS=
++ read -r f
+++ sha256sum ./tests/quotearray1.sub
+++ awk '{print $1}'
++ h=0624e76ea2e18552b7ccaf10c002874f8c50149490b2c1d5e4517b1c6d3d41c6
++ printf '%s  %s\n' 0624e76ea2e18552b7ccaf10c002874f8c50149490b2c1d5e4517b1c6d3d41c6 ./tests/quotearray1.sub
++ IFS=
++ read -r f
+++ sha256sum ./tests/quotearray2.sub
+++ awk '{print $1}'
++ h=e5e697ca2f58d45bdad203f64a4405ca6a2fad0579aa2dceccea952b3ac02d22
++ printf '%s  %s\n' e5e697ca2f58d45bdad203f64a4405ca6a2fad0579aa2dceccea952b3ac02d22 ./tests/quotearray2.sub
++ IFS=
++ read -r f
+++ sha256sum ./tests/quotearray3.sub
+++ awk '{print $1}'
++ h=f21211b710ef1aacdeebef22d598ee93dbe1c2e0c90ed364498eed5cd64a55cd
++ printf '%s  %s\n' f21211b710ef1aacdeebef22d598ee93dbe1c2e0c90ed364498eed5cd64a55cd ./tests/quotearray3.sub
++ IFS=
++ read -r f
+++ sha256sum ./tests/quotearray4.sub
+++ awk '{print $1}'
++ h=6f9298a04fbd9561dc2e38664f68bb53cbf69d89c9e4d8aa33c373583b571447
++ printf '%s  %s\n' 6f9298a04fbd9561dc2e38664f68bb53cbf69d89c9e4d8aa33c373583b571447 ./tests/quotearray4.sub
++ IFS=
++ read -r f
+++ sha256sum ./tests/quotearray5.sub
+++ awk '{print $1}'
++ h=e89869a3acd09d06c02fddecff2f1f9f90379958824ef43a61438b8a80b3500f
++ printf '%s  %s\n' e89869a3acd09d06c02fddecff2f1f9f90379958824ef43a61438b8a80b3500f ./tests/quotearray5.sub
++ IFS=
++ read -r f
+++ sha256sum ./tests/read.right
+++ awk '{print $1}'
++ h=b391768ecc4cc7e45d1664a44de38246a973a39f70243a6d0515ba1225704e47
++ printf '%s  %s\n' b391768ecc4cc7e45d1664a44de38246a973a39f70243a6d0515ba1225704e47 ./tests/read.right
++ IFS=
++ read -r f
+++ sha256sum ./tests/read.tests
+++ awk '{print $1}'
++ h=c89f3dd8d0e21d5d0789598bad8edf60845b8a98ac6bd9d99959f19f633d15d8
++ printf '%s  %s\n' c89f3dd8d0e21d5d0789598bad8edf60845b8a98ac6bd9d99959f19f633d15d8 ./tests/read.tests
++ IFS=
++ read -r f
+++ sha256sum ./tests/read1.sub
+++ awk '{print $1}'
++ h=f7e297a7caa30a886a11792c6b9673e41d7fc1593808ff8f31403b388a1e1d28
++ printf '%s  %s\n' f7e297a7caa30a886a11792c6b9673e41d7fc1593808ff8f31403b388a1e1d28 ./tests/read1.sub
++ IFS=
++ read -r f
+++ sha256sum ./tests/read10.sub
+++ awk '{print $1}'
++ h=b5ce9230ad4b7262c210ca1942ca71019dee8d9ff57fd5645c7a51cfff43873f
++ printf '%s  %s\n' b5ce9230ad4b7262c210ca1942ca71019dee8d9ff57fd5645c7a51cfff43873f ./tests/read10.sub
++ IFS=
++ read -r f
+++ sha256sum ./tests/read2.sub
+++ awk '{print $1}'
++ h=d6df59fe921a1d63d23b62f36a36c57869843a26345ffc05c33e19e63ff2b52c
++ printf '%s  %s\n' d6df59fe921a1d63d23b62f36a36c57869843a26345ffc05c33e19e63ff2b52c ./tests/read2.sub
++ IFS=
++ read -r f
+++ sha256sum ./tests/read3.sub
+++ awk '{print $1}'
++ h=b57261216a9d18a9854ae4afc786ee9f42b84d9bf0be9ab42e4470a359c5068f
++ printf '%s  %s\n' b57261216a9d18a9854ae4afc786ee9f42b84d9bf0be9ab42e4470a359c5068f ./tests/read3.sub
++ IFS=
++ read -r f
+++ sha256sum ./tests/read4.sub
+++ awk '{print $1}'
++ h=f1958d8991e370bf0968d0b28f118085c47b02a3a039bf80cb50a9596ec2a385
++ printf '%s  %s\n' f1958d8991e370bf0968d0b28f118085c47b02a3a039bf80cb50a9596ec2a385 ./tests/read4.sub
++ IFS=
++ read -r f
+++ sha256sum ./tests/read5.sub
+++ awk '{print $1}'
++ h=3ff79e589d4525bfeccf0941b51e2bf34a662ae555514d7b79dc9ee8cb29cd95
++ printf '%s  %s\n' 3ff79e589d4525bfeccf0941b51e2bf34a662ae555514d7b79dc9ee8cb29cd95 ./tests/read5.sub
++ IFS=
++ read -r f
+++ sha256sum ./tests/read6.sub
+++ awk '{print $1}'
++ h=f66bd7bb6026c9f02f8c6816fa356e36910f27b7ed10a2ce6d27d864292df198
++ printf '%s  %s\n' f66bd7bb6026c9f02f8c6816fa356e36910f27b7ed10a2ce6d27d864292df198 ./tests/read6.sub
++ IFS=
++ read -r f
+++ sha256sum ./tests/read7.sub
+++ awk '{print $1}'
++ h=fde9011cdcc436880c7a170cfa62fcfec0347c377d6b44cd9c6d6d895dccce42
++ printf '%s  %s\n' fde9011cdcc436880c7a170cfa62fcfec0347c377d6b44cd9c6d6d895dccce42 ./tests/read7.sub
++ IFS=
++ read -r f
+++ sha256sum ./tests/read8.sub
+++ awk '{print $1}'
++ h=d3a1e3d1263c45e883e35d59f869c10ce8fbacb321916f269ec52cb69b5e5c82
++ printf '%s  %s\n' d3a1e3d1263c45e883e35d59f869c10ce8fbacb321916f269ec52cb69b5e5c82 ./tests/read8.sub
++ IFS=
++ read -r f
+++ sha256sum ./tests/read9.sub
+++ awk '{print $1}'
++ h=f16dcf4d677da710602c57fb6d9ca2b96963784d1cb5d517872b179d5e20ef4a
++ printf '%s  %s\n' f16dcf4d677da710602c57fb6d9ca2b96963784d1cb5d517872b179d5e20ef4a ./tests/read9.sub
++ IFS=
++ read -r f
+++ sha256sum ./tests/redir.right
+++ awk '{print $1}'
++ h=41203d331616862947813ece403af689e8c83a6dbf6cf82bdea488f9d3012005
++ printf '%s  %s\n' 41203d331616862947813ece403af689e8c83a6dbf6cf82bdea488f9d3012005 ./tests/redir.right
++ IFS=
++ read -r f
+++ sha256sum ./tests/redir.tests
+++ awk '{print $1}'
++ h=1468fad3c2290e153e0a248aa0b8b791e19b308f4ddda159118a3161ad60a1e0
++ printf '%s  %s\n' 1468fad3c2290e153e0a248aa0b8b791e19b308f4ddda159118a3161ad60a1e0 ./tests/redir.tests
++ IFS=
++ read -r f
+++ sha256sum ./tests/redir1.sub
+++ awk '{print $1}'
++ h=13b180d314aa1c62f25046c33db064e12934b6b592c0ef806f1add21cd662aea
++ printf '%s  %s\n' 13b180d314aa1c62f25046c33db064e12934b6b592c0ef806f1add21cd662aea ./tests/redir1.sub
++ IFS=
++ read -r f
+++ sha256sum ./tests/redir10.sub
+++ awk '{print $1}'
++ h=542cb2a9e3d410a43a4756da4fb9f609d70a8113ecdd3f6d9e898f2b2a91ae5c
++ printf '%s  %s\n' 542cb2a9e3d410a43a4756da4fb9f609d70a8113ecdd3f6d9e898f2b2a91ae5c ./tests/redir10.sub
++ IFS=
++ read -r f
+++ sha256sum ./tests/redir11.sub
+++ awk '{print $1}'
++ h=3ce541ba3fcbd10c903ea27f0b8b3248ac3fb911ac57b341a368a27327dc9f4f
++ printf '%s  %s\n' 3ce541ba3fcbd10c903ea27f0b8b3248ac3fb911ac57b341a368a27327dc9f4f ./tests/redir11.sub
++ IFS=
++ read -r f
+++ sha256sum ./tests/redir12.sub
+++ awk '{print $1}'
++ h=706795c887b4799e7337aa47a46f005c937c0b1c7ac38a175777b9273fe3d441
++ printf '%s  %s\n' 706795c887b4799e7337aa47a46f005c937c0b1c7ac38a175777b9273fe3d441 ./tests/redir12.sub
++ IFS=
++ read -r f
+++ sha256sum ./tests/redir13.in
+++ awk '{print $1}'
++ h=46dd733cb724d64ef12420e68624fc626540daaf29e116a3b76ab181fc6f6840
++ printf '%s  %s\n' 46dd733cb724d64ef12420e68624fc626540daaf29e116a3b76ab181fc6f6840 ./tests/redir13.in
++ IFS=
++ read -r f
+++ sha256sum ./tests/redir2.sub
+++ awk '{print $1}'
++ h=dee7957de3f16d1f93b75087c2693e19db81808f2409d73a799394431c0769e5
++ printf '%s  %s\n' dee7957de3f16d1f93b75087c2693e19db81808f2409d73a799394431c0769e5 ./tests/redir2.sub
++ IFS=
++ read -r f
+++ sha256sum ./tests/redir3.in1
+++ awk '{print $1}'
++ h=5141648ccbe924f6462cfc7085ccd21779b89d8cee1438281bf1b4cd8d63ac2a
++ printf '%s  %s\n' 5141648ccbe924f6462cfc7085ccd21779b89d8cee1438281bf1b4cd8d63ac2a ./tests/redir3.in1
++ IFS=
++ read -r f
+++ sha256sum ./tests/redir3.in2
+++ awk '{print $1}'
++ h=c59c2c6a0bb3ac81333b37f47d846b11388ea384e1c6e754094bbd43634e3634
++ printf '%s  %s\n' c59c2c6a0bb3ac81333b37f47d846b11388ea384e1c6e754094bbd43634e3634 ./tests/redir3.in2
++ IFS=
++ read -r f
+++ sha256sum ./tests/redir3.sub
+++ awk '{print $1}'
++ h=c8cd6c0d117ed2b4bd67d9e8a2c68633fb5588ededd759bc8b6e9a6cb6e6a203
++ printf '%s  %s\n' c8cd6c0d117ed2b4bd67d9e8a2c68633fb5588ededd759bc8b6e9a6cb6e6a203 ./tests/redir3.sub
++ IFS=
++ read -r f
+++ sha256sum ./tests/redir4.in1
+++ awk '{print $1}'
++ h=d9cd8155764c3543f10fad8a480d743137466f8d55213c8eaefcd12f06d43a80
++ printf '%s  %s\n' d9cd8155764c3543f10fad8a480d743137466f8d55213c8eaefcd12f06d43a80 ./tests/redir4.in1
++ IFS=
++ read -r f
+++ sha256sum ./tests/redir4.sub
+++ awk '{print $1}'
++ h=bbebfcb57dc205e6c47331e0119d3eeaf7a457ef8e222c29d685b5428f05a70f
++ printf '%s  %s\n' bbebfcb57dc205e6c47331e0119d3eeaf7a457ef8e222c29d685b5428f05a70f ./tests/redir4.sub
++ IFS=
++ read -r f
+++ sha256sum ./tests/redir5.sub
+++ awk '{print $1}'
++ h=1f1e10edf5a007c50205301c9025fd54cef3bf12bdf5fbd450971df9b17cfb2a
++ printf '%s  %s\n' 1f1e10edf5a007c50205301c9025fd54cef3bf12bdf5fbd450971df9b17cfb2a ./tests/redir5.sub
++ IFS=
++ read -r f
+++ sha256sum ./tests/redir6.sub
+++ awk '{print $1}'
++ h=b933ea2e651c5dfda47c1b0a96252be6ec2913e1b3278fdae430577db196791d
++ printf '%s  %s\n' b933ea2e651c5dfda47c1b0a96252be6ec2913e1b3278fdae430577db196791d ./tests/redir6.sub
++ IFS=
++ read -r f
+++ sha256sum ./tests/redir7.sub
+++ awk '{print $1}'
++ h=6227e63ba6b5128ae9b0c7ee721825310f56dc0a75c208685af0a44d61602c35
++ printf '%s  %s\n' 6227e63ba6b5128ae9b0c7ee721825310f56dc0a75c208685af0a44d61602c35 ./tests/redir7.sub
++ IFS=
++ read -r f
+++ sha256sum ./tests/redir8.sub
+++ awk '{print $1}'
++ h=b2ce25c17e3a50187296932d711a747ba6ad1cecac5a6e780d4694ad1b041689
++ printf '%s  %s\n' b2ce25c17e3a50187296932d711a747ba6ad1cecac5a6e780d4694ad1b041689 ./tests/redir8.sub
++ IFS=
++ read -r f
+++ sha256sum ./tests/redir9.sub
+++ awk '{print $1}'
++ h=8d6bc96907637269d4e5cb37fcb554d33f43cf807e3b6677f04fda7006c7952e
++ printf '%s  %s\n' 8d6bc96907637269d4e5cb37fcb554d33f43cf807e3b6677f04fda7006c7952e ./tests/redir9.sub
++ IFS=
++ read -r f
+++ sha256sum ./tests/rhs-exp.right
+++ awk '{print $1}'
++ h=e5b4111f1b4a9c1b5b716453317d5d874b8258350bc93219ad0d99716c887b5b
++ printf '%s  %s\n' e5b4111f1b4a9c1b5b716453317d5d874b8258350bc93219ad0d99716c887b5b ./tests/rhs-exp.right
++ IFS=
++ read -r f
+++ sha256sum ./tests/rhs-exp.tests
+++ awk '{print $1}'
++ h=285e4f7db9de1235d1443ecfbac33a1b40716c5237f4c82e5454d1cfdcb4f8fc
++ printf '%s  %s\n' 285e4f7db9de1235d1443ecfbac33a1b40716c5237f4c82e5454d1cfdcb4f8fc ./tests/rhs-exp.tests
++ IFS=
++ read -r f
+++ sha256sum ./tests/rhs-exp1.sub
+++ awk '{print $1}'
++ h=998c6cb71b93eff64673c310046ea70a3a09390910533f56074bb2dac1913b1f
++ printf '%s  %s\n' 998c6cb71b93eff64673c310046ea70a3a09390910533f56074bb2dac1913b1f ./tests/rhs-exp1.sub
++ IFS=
++ read -r f
+++ sha256sum ./tests/rsh.right
+++ awk '{print $1}'
++ h=97042a20f36c74cf219beda845cd174502b6ff7fd63fad0c371387b93ef8e74f
++ printf '%s  %s\n' 97042a20f36c74cf219beda845cd174502b6ff7fd63fad0c371387b93ef8e74f ./tests/rsh.right
++ IFS=
++ read -r f
+++ sha256sum ./tests/rsh.tests
+++ awk '{print $1}'
++ h=9f2251eadc2b9c2984d0041fea1f3171df9622e5cb21def8d19d9dd8f4adc2f5
++ printf '%s  %s\n' 9f2251eadc2b9c2984d0041fea1f3171df9622e5cb21def8d19d9dd8f4adc2f5 ./tests/rsh.tests
++ IFS=
++ read -r f
+++ sha256sum ./tests/rsh1.sub
+++ awk '{print $1}'
++ h=92a8210a87e418aec65a73e3b697284dc9e73624642e9d255ee839d3c814fc5d
++ printf '%s  %s\n' 92a8210a87e418aec65a73e3b697284dc9e73624642e9d255ee839d3c814fc5d ./tests/rsh1.sub
++ IFS=
++ read -r f
+++ sha256sum ./tests/rsh2.sub
+++ awk '{print $1}'
++ h=a1d2eae4b8847773d7d85c32e792fa158e01fe04d3a325277c47363c553daaeb
++ printf '%s  %s\n' a1d2eae4b8847773d7d85c32e792fa158e01fe04d3a325277c47363c553daaeb ./tests/rsh2.sub
++ IFS=
++ read -r f
+++ sha256sum ./tests/run-alias
+++ awk '{print $1}'
++ h=c627e3293bf19e64f9d94fbd5e292cfddaa2612e5b9ff27b4658fefb725efe78
++ printf '%s  %s\n' c627e3293bf19e64f9d94fbd5e292cfddaa2612e5b9ff27b4658fefb725efe78 ./tests/run-alias
++ IFS=
++ read -r f
+++ sha256sum ./tests/run-all
+++ awk '{print $1}'
++ h=0a1446a7dee1c5b75a0e8bb3902d626924e77dd1fcec46644a62b5c889a9a94b
++ printf '%s  %s\n' 0a1446a7dee1c5b75a0e8bb3902d626924e77dd1fcec46644a62b5c889a9a94b ./tests/run-all
++ IFS=
++ read -r f
+++ sha256sum ./tests/run-appendop
+++ awk '{print $1}'
++ h=35baa14da1a6045f19011219efef14b34d1db7c0e4faa66b5c194bd03a783d8a
++ printf '%s  %s\n' 35baa14da1a6045f19011219efef14b34d1db7c0e4faa66b5c194bd03a783d8a ./tests/run-appendop
++ IFS=
++ read -r f
+++ sha256sum ./tests/run-arith
+++ awk '{print $1}'
++ h=da1a04768be8063ba732a7ed56b5b95623740572dcbce0b3db074796011e7240
++ printf '%s  %s\n' da1a04768be8063ba732a7ed56b5b95623740572dcbce0b3db074796011e7240 ./tests/run-arith
++ IFS=
++ read -r f
+++ sha256sum ./tests/run-arith-for
+++ awk '{print $1}'
++ h=7574ca918d21ec2e539b7cd2cd47a6b113b8181d384072adb0af016a410461ae
++ printf '%s  %s\n' 7574ca918d21ec2e539b7cd2cd47a6b113b8181d384072adb0af016a410461ae ./tests/run-arith-for
++ IFS=
++ read -r f
+++ sha256sum ./tests/run-array
+++ awk '{print $1}'
++ h=5aee4405e2e7ea8b722f46cd80f1c24883881770ceeb83455ce3bfda2cd72c6c
++ printf '%s  %s\n' 5aee4405e2e7ea8b722f46cd80f1c24883881770ceeb83455ce3bfda2cd72c6c ./tests/run-array
++ IFS=
++ read -r f
+++ sha256sum ./tests/run-array2
+++ awk '{print $1}'
++ h=6cf917743924f7a7851477c2fd60dc3006bf5263236f18abd5314742d3c026b7
++ printf '%s  %s\n' 6cf917743924f7a7851477c2fd60dc3006bf5263236f18abd5314742d3c026b7 ./tests/run-array2
++ IFS=
++ read -r f
+++ sha256sum ./tests/run-assoc
+++ awk '{print $1}'
++ h=69f450916bcbf966e9f611de74983074ae67333bbced1553ccd876e78229fa75
++ printf '%s  %s\n' 69f450916bcbf966e9f611de74983074ae67333bbced1553ccd876e78229fa75 ./tests/run-assoc
++ IFS=
++ read -r f
+++ sha256sum ./tests/run-attr
+++ awk '{print $1}'
++ h=b99e423dee7199e0afb894da04e6f47ded72ce8bcc61b41eb46d1f6f37a4a8cf
++ printf '%s  %s\n' b99e423dee7199e0afb894da04e6f47ded72ce8bcc61b41eb46d1f6f37a4a8cf ./tests/run-attr
++ IFS=
++ read -r f
+++ sha256sum ./tests/run-braces
+++ awk '{print $1}'
++ h=d937d4fcc3aab38f18102ed0b0b9a3331fa20caae356d9f16cf6c66a39aff28b
++ printf '%s  %s\n' d937d4fcc3aab38f18102ed0b0b9a3331fa20caae356d9f16cf6c66a39aff28b ./tests/run-braces
++ IFS=
++ read -r f
+++ sha256sum ./tests/run-builtins
+++ awk '{print $1}'
++ h=76bf0354fcb9bb413c186790cd1944123a61ea1f4bf7b578fb2583597ffd9f45
++ printf '%s  %s\n' 76bf0354fcb9bb413c186790cd1944123a61ea1f4bf7b578fb2583597ffd9f45 ./tests/run-builtins
++ IFS=
++ read -r f
+++ sha256sum ./tests/run-case
+++ awk '{print $1}'
++ h=4587f9945873601b515df072cd22ceed203ee0f5d70b43dbf0ec6b9086fe79ab
++ printf '%s  %s\n' 4587f9945873601b515df072cd22ceed203ee0f5d70b43dbf0ec6b9086fe79ab ./tests/run-case
++ IFS=
++ read -r f
+++ sha256sum ./tests/run-casemod
+++ awk '{print $1}'
++ h=fe8627bae71b7b16e7ecea7fcaaae9c009cd93a972ee97e3ca18a115774b050b
++ printf '%s  %s\n' fe8627bae71b7b16e7ecea7fcaaae9c009cd93a972ee97e3ca18a115774b050b ./tests/run-casemod
++ IFS=
++ read -r f
+++ sha256sum ./tests/run-complete
+++ awk '{print $1}'
++ h=37de2c1326f9412be522b413b16dd761321eae56e1d2bc079b9d023f3a02dde4
++ printf '%s  %s\n' 37de2c1326f9412be522b413b16dd761321eae56e1d2bc079b9d023f3a02dde4 ./tests/run-complete
++ IFS=
++ read -r f
+++ sha256sum ./tests/run-comsub
+++ awk '{print $1}'
++ h=46e6d6a2f2ced324aeba22c2f7932ad7c393a5d3d08e534bcba939f72f512305
++ printf '%s  %s\n' 46e6d6a2f2ced324aeba22c2f7932ad7c393a5d3d08e534bcba939f72f512305 ./tests/run-comsub
++ IFS=
++ read -r f
+++ sha256sum ./tests/run-comsub-eof
+++ awk '{print $1}'
++ h=c977447c8059ed3c49fb78f3a4766254495ba9444a2fb2558ef24e810df911ae
++ printf '%s  %s\n' c977447c8059ed3c49fb78f3a4766254495ba9444a2fb2558ef24e810df911ae ./tests/run-comsub-eof
++ IFS=
++ read -r f
+++ sha256sum ./tests/run-comsub-posix
+++ awk '{print $1}'
++ h=c4286996be822f1bdea43cb15a1cf4683289c7cac8c7b0d7e35a9490c005146d
++ printf '%s  %s\n' c4286996be822f1bdea43cb15a1cf4683289c7cac8c7b0d7e35a9490c005146d ./tests/run-comsub-posix
++ IFS=
++ read -r f
+++ sha256sum ./tests/run-comsub2
+++ awk '{print $1}'
++ h=d863a7914f761eb8b10d7bad3dd5d02a5a4be07c315e4317992bde3ef80eceed
++ printf '%s  %s\n' d863a7914f761eb8b10d7bad3dd5d02a5a4be07c315e4317992bde3ef80eceed ./tests/run-comsub2
++ IFS=
++ read -r f
+++ sha256sum ./tests/run-cond
+++ awk '{print $1}'
++ h=37ecc2597355566f92ecc692de1b1ab1ee2846ba48c6a4f1bbdb21669aa60265
++ printf '%s  %s\n' 37ecc2597355566f92ecc692de1b1ab1ee2846ba48c6a4f1bbdb21669aa60265 ./tests/run-cond
++ IFS=
++ read -r f
+++ sha256sum ./tests/run-coproc
+++ awk '{print $1}'
++ h=e10eacbc1acecf1864157378ff900f114a391447c7bb6e5c592c17d38e3ce660
++ printf '%s  %s\n' e10eacbc1acecf1864157378ff900f114a391447c7bb6e5c592c17d38e3ce660 ./tests/run-coproc
++ IFS=
++ read -r f
+++ sha256sum ./tests/run-cprint
+++ awk '{print $1}'
++ h=98e0451bb03f8d81606d41a28af31051ffc82cd128853f4631ee2b3e4331777c
++ printf '%s  %s\n' 98e0451bb03f8d81606d41a28af31051ffc82cd128853f4631ee2b3e4331777c ./tests/run-cprint
++ IFS=
++ read -r f
+++ sha256sum ./tests/run-dbg-support
+++ awk '{print $1}'
++ h=616f5a48691b6fa74c71dc298d43850b8337739738479c7d146b9acb7ed50309
++ printf '%s  %s\n' 616f5a48691b6fa74c71dc298d43850b8337739738479c7d146b9acb7ed50309 ./tests/run-dbg-support
++ IFS=
++ read -r f
+++ sha256sum ./tests/run-dbg-support2
+++ awk '{print $1}'
++ h=b18dc3f7727605c349f6b7310f2d5e20332f96d82212ff20f7736ef91234c49c
++ printf '%s  %s\n' b18dc3f7727605c349f6b7310f2d5e20332f96d82212ff20f7736ef91234c49c ./tests/run-dbg-support2
++ IFS=
++ read -r f
+++ sha256sum ./tests/run-dirstack
+++ awk '{print $1}'
++ h=96de096d33901a8d369b28e4fdf8261950e164bc09a45c0b1fa16183589dabdd
++ printf '%s  %s\n' 96de096d33901a8d369b28e4fdf8261950e164bc09a45c0b1fa16183589dabdd ./tests/run-dirstack
++ IFS=
++ read -r f
+++ sha256sum ./tests/run-dollars
+++ awk '{print $1}'
++ h=94a7d4022f2a6e9e27f213ea7f3924f7e8280048854aa9258ade8f0fd509a05a
++ printf '%s  %s\n' 94a7d4022f2a6e9e27f213ea7f3924f7e8280048854aa9258ade8f0fd509a05a ./tests/run-dollars
++ IFS=
++ read -r f
+++ sha256sum ./tests/run-dynvar
+++ awk '{print $1}'
++ h=05d0d255b80691cd1f9b34dc2758bf3f54eb8104db097d5106e8e0be43b45ca6
++ printf '%s  %s\n' 05d0d255b80691cd1f9b34dc2758bf3f54eb8104db097d5106e8e0be43b45ca6 ./tests/run-dynvar
++ IFS=
++ read -r f
+++ sha256sum ./tests/run-errors
+++ awk '{print $1}'
++ h=473894f440a20f831bb512ca5b0df714440d4e45a1a60922153f687f28146028
++ printf '%s  %s\n' 473894f440a20f831bb512ca5b0df714440d4e45a1a60922153f687f28146028 ./tests/run-errors
++ IFS=
++ read -r f
+++ sha256sum ./tests/run-execscript
+++ awk '{print $1}'
++ h=2001ee95bb33d81319aae8ac18cd3a693045a0afa30956f2c4fda5cf846a0907
++ printf '%s  %s\n' 2001ee95bb33d81319aae8ac18cd3a693045a0afa30956f2c4fda5cf846a0907 ./tests/run-execscript
++ IFS=
++ read -r f
+++ sha256sum ./tests/run-exp-tests
+++ awk '{print $1}'
++ h=ae34d4a5508f322236b0e00624093b31e233b4a2ef9c9e5f4ec5abe4f2542175
++ printf '%s  %s\n' ae34d4a5508f322236b0e00624093b31e233b4a2ef9c9e5f4ec5abe4f2542175 ./tests/run-exp-tests
++ IFS=
++ read -r f
+++ sha256sum ./tests/run-exportfunc
+++ awk '{print $1}'
++ h=2282d2dfff62f30ab56db4535d196cf4262484de915acc4b1de01641239c9171
++ printf '%s  %s\n' 2282d2dfff62f30ab56db4535d196cf4262484de915acc4b1de01641239c9171 ./tests/run-exportfunc
++ IFS=
++ read -r f
+++ sha256sum ./tests/run-extglob
+++ awk '{print $1}'
++ h=eef102321dd985e523d114f6a38e811433c7d7e2659d06e19a7927066c324a8b
++ printf '%s  %s\n' eef102321dd985e523d114f6a38e811433c7d7e2659d06e19a7927066c324a8b ./tests/run-extglob
++ IFS=
++ read -r f
+++ sha256sum ./tests/run-extglob2
+++ awk '{print $1}'
++ h=0e49d5e10f2a7e10347bd819b7fa36d2728b17ff9e2154e11fa727e2b955f908
++ printf '%s  %s\n' 0e49d5e10f2a7e10347bd819b7fa36d2728b17ff9e2154e11fa727e2b955f908 ./tests/run-extglob2
++ IFS=
++ read -r f
+++ sha256sum ./tests/run-extglob3
+++ awk '{print $1}'
++ h=064ee5e5997c9ed9f2dcf50aaf4add58761b62a342006857b8bb34a5d2360912
++ printf '%s  %s\n' 064ee5e5997c9ed9f2dcf50aaf4add58761b62a342006857b8bb34a5d2360912 ./tests/run-extglob3
++ IFS=
++ read -r f
+++ sha256sum ./tests/run-func
+++ awk '{print $1}'
++ h=d09dad1f1d59198849a01e02ab6e5e73138fd74641c1d7e496ceaa522094185e
++ printf '%s  %s\n' d09dad1f1d59198849a01e02ab6e5e73138fd74641c1d7e496ceaa522094185e ./tests/run-func
++ IFS=
++ read -r f
+++ sha256sum ./tests/run-getopts
+++ awk '{print $1}'
++ h=e12a4459bd6d1141fa79e7c333c93cebcc4d38f5f67bb751df948eac48bb4d9c
++ printf '%s  %s\n' e12a4459bd6d1141fa79e7c333c93cebcc4d38f5f67bb751df948eac48bb4d9c ./tests/run-getopts
++ IFS=
++ read -r f
+++ sha256sum ./tests/run-glob-bracket
+++ awk '{print $1}'
++ h=9e8503b13e891c0624fdc32aefc4afefd18a8865bedb94575386304bb51c4198
++ printf '%s  %s\n' 9e8503b13e891c0624fdc32aefc4afefd18a8865bedb94575386304bb51c4198 ./tests/run-glob-bracket
++ IFS=
++ read -r f
+++ sha256sum ./tests/run-glob-test
+++ awk '{print $1}'
++ h=4098ce520c9deb22b31c4d6b9d7624828095bd5fb70313118ececf2b2c3afb5c
++ printf '%s  %s\n' 4098ce520c9deb22b31c4d6b9d7624828095bd5fb70313118ececf2b2c3afb5c ./tests/run-glob-test
++ IFS=
++ read -r f
+++ sha256sum ./tests/run-globstar
+++ awk '{print $1}'
++ h=65b0fdc8e51ff559276bdd021135044cd07ca68016ee609f6523c96e27a8a495
++ printf '%s  %s\n' 65b0fdc8e51ff559276bdd021135044cd07ca68016ee609f6523c96e27a8a495 ./tests/run-globstar
++ IFS=
++ read -r f
+++ sha256sum ./tests/run-heredoc
+++ awk '{print $1}'
++ h=7c9a72e4c037ca75eb5d95e7f37bd9ee3be1c2adad0e5cb53a1160d1535662a7
++ printf '%s  %s\n' 7c9a72e4c037ca75eb5d95e7f37bd9ee3be1c2adad0e5cb53a1160d1535662a7 ./tests/run-heredoc
++ IFS=
++ read -r f
+++ sha256sum ./tests/run-herestr
+++ awk '{print $1}'
++ h=02afbfc8e2bb0238397f3928e19e748bf71e797f23319c768fea17b1354cfd6b
++ printf '%s  %s\n' 02afbfc8e2bb0238397f3928e19e748bf71e797f23319c768fea17b1354cfd6b ./tests/run-herestr
++ IFS=
++ read -r f
+++ sha256sum ./tests/run-histexpand
+++ awk '{print $1}'
++ h=ec9f89bb4bcb2cae5368c483719301c471e9932ebe8e9d73e833bf54619e5a88
++ printf '%s  %s\n' ec9f89bb4bcb2cae5368c483719301c471e9932ebe8e9d73e833bf54619e5a88 ./tests/run-histexpand
++ IFS=
++ read -r f
+++ sha256sum ./tests/run-history
+++ awk '{print $1}'
++ h=6d05fbba68af60dc1bcb2ff03dac60f0d870223b073030c5f16af306c4c2ee9e
++ printf '%s  %s\n' 6d05fbba68af60dc1bcb2ff03dac60f0d870223b073030c5f16af306c4c2ee9e ./tests/run-history
++ IFS=
++ read -r f
+++ sha256sum ./tests/run-ifs
+++ awk '{print $1}'
++ h=cb47334158f100223c9c81013dd33aeafc4648c289654fc58d951e98d674cc97
++ printf '%s  %s\n' cb47334158f100223c9c81013dd33aeafc4648c289654fc58d951e98d674cc97 ./tests/run-ifs
++ IFS=
++ read -r f
+++ sha256sum ./tests/run-ifs-posix
+++ awk '{print $1}'
++ h=6ed3149043f4a0174aad7110672eefcc09807e91013ea8d04c264e56664ea00b
++ printf '%s  %s\n' 6ed3149043f4a0174aad7110672eefcc09807e91013ea8d04c264e56664ea00b ./tests/run-ifs-posix
++ IFS=
++ read -r f
+++ sha256sum ./tests/run-input-test
+++ awk '{print $1}'
++ h=bf82997630b658376f859fd4de368a1e8fae94eea2a6a7c56351f4fff04ad94c
++ printf '%s  %s\n' bf82997630b658376f859fd4de368a1e8fae94eea2a6a7c56351f4fff04ad94c ./tests/run-input-test
++ IFS=
++ read -r f
+++ sha256sum ./tests/run-intl
+++ awk '{print $1}'
++ h=b7352a9001710e891bb9259f4ce69e5246ef7b4d95cdaba2f4a7cff6c5609db5
++ printf '%s  %s\n' b7352a9001710e891bb9259f4ce69e5246ef7b4d95cdaba2f4a7cff6c5609db5 ./tests/run-intl
++ IFS=
++ read -r f
+++ sha256sum ./tests/run-invert
+++ awk '{print $1}'
++ h=709cf0eb422a016254fdbd4af1fe81c9c6a186a6fb2eab644ef221b65d4e3db3
++ printf '%s  %s\n' 709cf0eb422a016254fdbd4af1fe81c9c6a186a6fb2eab644ef221b65d4e3db3 ./tests/run-invert
++ IFS=
++ read -r f
+++ sha256sum ./tests/run-invocation
+++ awk '{print $1}'
++ h=921a3d399e3262b5afa12352a74030ab553087a9c43d6c0b4d39e816c66a511d
++ printf '%s  %s\n' 921a3d399e3262b5afa12352a74030ab553087a9c43d6c0b4d39e816c66a511d ./tests/run-invocation
++ IFS=
++ read -r f
+++ sha256sum ./tests/run-iquote
+++ awk '{print $1}'
++ h=0f78b86a3bae3f1724191c21a336afb1d6f354791e6adb491f417c208f363b25
++ printf '%s  %s\n' 0f78b86a3bae3f1724191c21a336afb1d6f354791e6adb491f417c208f363b25 ./tests/run-iquote
++ IFS=
++ read -r f
+++ sha256sum ./tests/run-jobs
+++ awk '{print $1}'
++ h=10d3ff2b2cfbaff7db8417648f526a74eaeec730b1a6ace50d22f829e8c5757c
++ printf '%s  %s\n' 10d3ff2b2cfbaff7db8417648f526a74eaeec730b1a6ace50d22f829e8c5757c ./tests/run-jobs
++ IFS=
++ read -r f
+++ sha256sum ./tests/run-lastpipe
+++ awk '{print $1}'
++ h=f6b597e82d80f8dc49775d098aa8e8f2a9cfb7023e8519f09aa64844ce7b2acb
++ printf '%s  %s\n' f6b597e82d80f8dc49775d098aa8e8f2a9cfb7023e8519f09aa64844ce7b2acb ./tests/run-lastpipe
++ IFS=
++ read -r f
+++ sha256sum ./tests/run-mapfile
+++ awk '{print $1}'
++ h=5db6bf719396e363e4c7f880afcf272c078bfd542c8221153edffe3e492191d0
++ printf '%s  %s\n' 5db6bf719396e363e4c7f880afcf272c078bfd542c8221153edffe3e492191d0 ./tests/run-mapfile
++ IFS=
++ read -r f
+++ sha256sum ./tests/run-minimal
+++ awk '{print $1}'
++ h=1621f46ad8660a9be21b47d9015adb9f3929cf748f3aeb55ebdd67b7e2badbd4
++ printf '%s  %s\n' 1621f46ad8660a9be21b47d9015adb9f3929cf748f3aeb55ebdd67b7e2badbd4 ./tests/run-minimal
++ IFS=
++ read -r f
+++ sha256sum ./tests/run-more-exp
+++ awk '{print $1}'
++ h=075727755033ac95ddfae32232cbd41f97a1cf33ccfa1c04d456b74ea7b47abd
++ printf '%s  %s\n' 075727755033ac95ddfae32232cbd41f97a1cf33ccfa1c04d456b74ea7b47abd ./tests/run-more-exp
++ IFS=
++ read -r f
+++ sha256sum ./tests/run-nameref
+++ awk '{print $1}'
++ h=e3dd80bf8311c15ab4eda7d95aca7f9ab0c84404f6514a0baaf2c4883b53664e
++ printf '%s  %s\n' e3dd80bf8311c15ab4eda7d95aca7f9ab0c84404f6514a0baaf2c4883b53664e ./tests/run-nameref
++ IFS=
++ read -r f
+++ sha256sum ./tests/run-new-exp
+++ awk '{print $1}'
++ h=8dba3e1d33334eab1832902df2613fea54232fb8c31343b22fb164d34f78980f
++ printf '%s  %s\n' 8dba3e1d33334eab1832902df2613fea54232fb8c31343b22fb164d34f78980f ./tests/run-new-exp
++ IFS=
++ read -r f
+++ sha256sum ./tests/run-nquote
+++ awk '{print $1}'
++ h=ac88992f879f4d3c34d142e0a78d83b040812518d6b5a1c5e844b5158f4ce8cc
++ printf '%s  %s\n' ac88992f879f4d3c34d142e0a78d83b040812518d6b5a1c5e844b5158f4ce8cc ./tests/run-nquote
++ IFS=
++ read -r f
+++ sha256sum ./tests/run-nquote1
+++ awk '{print $1}'
++ h=0d3b268772ac4a87923bf3ad2a281d7f45cfac2595358446e3c0b2f0cd54cef4
++ printf '%s  %s\n' 0d3b268772ac4a87923bf3ad2a281d7f45cfac2595358446e3c0b2f0cd54cef4 ./tests/run-nquote1
++ IFS=
++ read -r f
+++ sha256sum ./tests/run-nquote2
+++ awk '{print $1}'
++ h=4dadf77335e85be4a90c0052b420a713f3412898609d86e237cf85a05bbdf964
++ printf '%s  %s\n' 4dadf77335e85be4a90c0052b420a713f3412898609d86e237cf85a05bbdf964 ./tests/run-nquote2
++ IFS=
++ read -r f
+++ sha256sum ./tests/run-nquote3
+++ awk '{print $1}'
++ h=3737eb0dd319c3dd5787f0c2aef720683d2f84bf55c1193151744d0a14366a31
++ printf '%s  %s\n' 3737eb0dd319c3dd5787f0c2aef720683d2f84bf55c1193151744d0a14366a31 ./tests/run-nquote3
++ IFS=
++ read -r f
+++ sha256sum ./tests/run-nquote4
+++ awk '{print $1}'
++ h=695ac81deee02948768ce535dde7c1869747bb8d100df0795313bbf42b00883f
++ printf '%s  %s\n' 695ac81deee02948768ce535dde7c1869747bb8d100df0795313bbf42b00883f ./tests/run-nquote4
++ IFS=
++ read -r f
+++ sha256sum ./tests/run-nquote5
+++ awk '{print $1}'
++ h=a137dbcf2cfbf7d4235cc94458998cdd1675406b74d75a8b924775f0c3aeb717
++ printf '%s  %s\n' a137dbcf2cfbf7d4235cc94458998cdd1675406b74d75a8b924775f0c3aeb717 ./tests/run-nquote5
++ IFS=
++ read -r f
+++ sha256sum ./tests/run-parser
+++ awk '{print $1}'
++ h=8baa05a39be62c8e7075b960a3a5fbec6200ac06beac2fc6a730c4ad3417b7e2
++ printf '%s  %s\n' 8baa05a39be62c8e7075b960a3a5fbec6200ac06beac2fc6a730c4ad3417b7e2 ./tests/run-parser
++ IFS=
++ read -r f
+++ sha256sum ./tests/run-posix2
+++ awk '{print $1}'
++ h=82856bfa88fb72013120df5a0f2ddab7b4c49203f7b862475044f13010cbb24a
++ printf '%s  %s\n' 82856bfa88fb72013120df5a0f2ddab7b4c49203f7b862475044f13010cbb24a ./tests/run-posix2
++ IFS=
++ read -r f
+++ sha256sum ./tests/run-posixexp
+++ awk '{print $1}'
++ h=df929c43b3d443b45e975e4fd5351b2466ae6ecc9c1ad69e92fff9ef4f910cdc
++ printf '%s  %s\n' df929c43b3d443b45e975e4fd5351b2466ae6ecc9c1ad69e92fff9ef4f910cdc ./tests/run-posixexp
++ IFS=
++ read -r f
+++ sha256sum ./tests/run-posixexp2
+++ awk '{print $1}'
++ h=b9f269455155b100532d37836e5ea8aa78e30d23d8b287d453de5a7efc7a6e46
++ printf '%s  %s\n' b9f269455155b100532d37836e5ea8aa78e30d23d8b287d453de5a7efc7a6e46 ./tests/run-posixexp2
++ IFS=
++ read -r f
+++ sha256sum ./tests/run-posixpat
+++ awk '{print $1}'
++ h=d33afe6323291d7968631c291fc0f0c4c7443de17d21eb95d45ef6b93311f73f
++ printf '%s  %s\n' d33afe6323291d7968631c291fc0f0c4c7443de17d21eb95d45ef6b93311f73f ./tests/run-posixpat
++ IFS=
++ read -r f
+++ sha256sum ./tests/run-posixpipe
+++ awk '{print $1}'
++ h=308c500845b9d86584a9cb6d597844ca12d7a6693f789beeaf862f1de010562a
++ printf '%s  %s\n' 308c500845b9d86584a9cb6d597844ca12d7a6693f789beeaf862f1de010562a ./tests/run-posixpipe
++ IFS=
++ read -r f
+++ sha256sum ./tests/run-precedence
+++ awk '{print $1}'
++ h=29dd034c18a1f57cb11fae0ba9557ef94df57d4debe06db3d94ec6e8b57b7460
++ printf '%s  %s\n' 29dd034c18a1f57cb11fae0ba9557ef94df57d4debe06db3d94ec6e8b57b7460 ./tests/run-precedence
++ IFS=
++ read -r f
+++ sha256sum ./tests/run-printf
+++ awk '{print $1}'
++ h=3ef94f816b379b4d62aa1ae23db89a78063e70db300b37c3acba476cd02801ba
++ printf '%s  %s\n' 3ef94f816b379b4d62aa1ae23db89a78063e70db300b37c3acba476cd02801ba ./tests/run-printf
++ IFS=
++ read -r f
+++ sha256sum ./tests/run-procsub
+++ awk '{print $1}'
++ h=f248b791875534a2bca401d4989f6cc9b8a2b6eb6636a177c5d1c29c57b4740b
++ printf '%s  %s\n' f248b791875534a2bca401d4989f6cc9b8a2b6eb6636a177c5d1c29c57b4740b ./tests/run-procsub
++ IFS=
++ read -r f
+++ sha256sum ./tests/run-quote
+++ awk '{print $1}'
++ h=a8337a87f269e79abd1e206be50bc2bdb6f6d7f2635264de76bf9e794bc1bad3
++ printf '%s  %s\n' a8337a87f269e79abd1e206be50bc2bdb6f6d7f2635264de76bf9e794bc1bad3 ./tests/run-quote
++ IFS=
++ read -r f
+++ sha256sum ./tests/run-quotearray
+++ awk '{print $1}'
++ h=c0df46aaa51bf8545be40240b3dab66e5ed0ca111bfd4cef545341cd77f633e6
++ printf '%s  %s\n' c0df46aaa51bf8545be40240b3dab66e5ed0ca111bfd4cef545341cd77f633e6 ./tests/run-quotearray
++ IFS=
++ read -r f
+++ sha256sum ./tests/run-read
+++ awk '{print $1}'
++ h=06b07577d8dbad5ef60899f105029d97b186c9452fde6303d699051603025eb4
++ printf '%s  %s\n' 06b07577d8dbad5ef60899f105029d97b186c9452fde6303d699051603025eb4 ./tests/run-read
++ IFS=
++ read -r f
+++ sha256sum ./tests/run-redir
+++ awk '{print $1}'
++ h=383c4151ebe249b8a0192fd89e75a38e61d20420caca201b4dee26ff67e98fc0
++ printf '%s  %s\n' 383c4151ebe249b8a0192fd89e75a38e61d20420caca201b4dee26ff67e98fc0 ./tests/run-redir
++ IFS=
++ read -r f
+++ sha256sum ./tests/run-rhs-exp
+++ awk '{print $1}'
++ h=50fce5383a2f0e26b8d2aa9911681419172724141a78e415d213f065b86b26f8
++ printf '%s  %s\n' 50fce5383a2f0e26b8d2aa9911681419172724141a78e415d213f065b86b26f8 ./tests/run-rhs-exp
++ IFS=
++ read -r f
+++ sha256sum ./tests/run-rsh
+++ awk '{print $1}'
++ h=582043662734d05b3353545d4fc971fefb1014068872cfb275c1e34325b44781
++ printf '%s  %s\n' 582043662734d05b3353545d4fc971fefb1014068872cfb275c1e34325b44781 ./tests/run-rsh
++ IFS=
++ read -r f
+++ sha256sum ./tests/run-set-e
+++ awk '{print $1}'
++ h=12d06f628d743d2e5c9871fc6cd92bd244fe7828515f5d4b6ec122fd7cdcd62e
++ printf '%s  %s\n' 12d06f628d743d2e5c9871fc6cd92bd244fe7828515f5d4b6ec122fd7cdcd62e ./tests/run-set-e
++ IFS=
++ read -r f
+++ sha256sum ./tests/run-set-x
+++ awk '{print $1}'
++ h=375fdec49d1a5e520c2e974abe4a89793e1fabdec97e116ec3af26bd8e468b7c
++ printf '%s  %s\n' 375fdec49d1a5e520c2e974abe4a89793e1fabdec97e116ec3af26bd8e468b7c ./tests/run-set-x
++ IFS=
++ read -r f
+++ sha256sum ./tests/run-shopt
+++ awk '{print $1}'
++ h=bcbd27e9389d96377beb7a544c07fc1ad7f2760d599c2281461f1a971e3e4b07
++ printf '%s  %s\n' bcbd27e9389d96377beb7a544c07fc1ad7f2760d599c2281461f1a971e3e4b07 ./tests/run-shopt
++ IFS=
++ read -r f
+++ sha256sum ./tests/run-strip
+++ awk '{print $1}'
++ h=7c5b260c7c86cee4c1b41fd0d07d152deb2c5b6e78cf389217e96d01007132e6
++ printf '%s  %s\n' 7c5b260c7c86cee4c1b41fd0d07d152deb2c5b6e78cf389217e96d01007132e6 ./tests/run-strip
++ IFS=
++ read -r f
+++ sha256sum ./tests/run-test
+++ awk '{print $1}'
++ h=10afed9a3d078c94f5ecb575252a421835a7a5f54f31d1e9c4e30028313e16c3
++ printf '%s  %s\n' 10afed9a3d078c94f5ecb575252a421835a7a5f54f31d1e9c4e30028313e16c3 ./tests/run-test
++ IFS=
++ read -r f
+++ sha256sum ./tests/run-tilde
+++ awk '{print $1}'
++ h=1fb0d46e3dcb9a7012bc89d47bfa0ccd4feb77cc6f773f15fb1419ef237b3815
++ printf '%s  %s\n' 1fb0d46e3dcb9a7012bc89d47bfa0ccd4feb77cc6f773f15fb1419ef237b3815 ./tests/run-tilde
++ IFS=
++ read -r f
+++ sha256sum ./tests/run-tilde2
+++ awk '{print $1}'
++ h=9265272cf6f26357f586f4abdd2fb48cfdf8c31ed68ee37c6c16ea7bfc215b4f
++ printf '%s  %s\n' 9265272cf6f26357f586f4abdd2fb48cfdf8c31ed68ee37c6c16ea7bfc215b4f ./tests/run-tilde2
++ IFS=
++ read -r f
+++ sha256sum ./tests/run-trap
+++ awk '{print $1}'
++ h=a7136b7aa7351b5e22f5f0b35b9264c743bab1205df7b48bbe75ebfbfb6454aa
++ printf '%s  %s\n' a7136b7aa7351b5e22f5f0b35b9264c743bab1205df7b48bbe75ebfbfb6454aa ./tests/run-trap
++ IFS=
++ read -r f
+++ sha256sum ./tests/run-type
+++ awk '{print $1}'
++ h=357562b2afb522f9192718c8e3b481c0d32e6e7747030308cff215e59b2d9e60
++ printf '%s  %s\n' 357562b2afb522f9192718c8e3b481c0d32e6e7747030308cff215e59b2d9e60 ./tests/run-type
++ IFS=
++ read -r f
+++ sha256sum ./tests/run-varenv
+++ awk '{print $1}'
++ h=9f68e76de3c6df3a367fba91c483ab896171958cb275c118ad33ebb096db8a67
++ printf '%s  %s\n' 9f68e76de3c6df3a367fba91c483ab896171958cb275c118ad33ebb096db8a67 ./tests/run-varenv
++ IFS=
++ read -r f
+++ sha256sum ./tests/run-vredir
+++ awk '{print $1}'
++ h=7cbb8d228e34781f45c98ea6e8b2556b90008fe8765247eb17e40558a494f4fd
++ printf '%s  %s\n' 7cbb8d228e34781f45c98ea6e8b2556b90008fe8765247eb17e40558a494f4fd ./tests/run-vredir
++ IFS=
++ read -r f
+++ sha256sum ./tests/set-e.right
+++ awk '{print $1}'
++ h=07f9512700b57c8e2d4cbf131d1ce1fc88c7b3c380650646d4c5d9737416d027
++ printf '%s  %s\n' 07f9512700b57c8e2d4cbf131d1ce1fc88c7b3c380650646d4c5d9737416d027 ./tests/set-e.right
++ IFS=
++ read -r f
+++ sha256sum ./tests/set-e.tests
+++ awk '{print $1}'
++ h=676b6a65cdf8e04d093ab044410defdf53aaa888ec92d6811f0a5b3f498ffb54
++ printf '%s  %s\n' 676b6a65cdf8e04d093ab044410defdf53aaa888ec92d6811f0a5b3f498ffb54 ./tests/set-e.tests
++ IFS=
++ read -r f
+++ sha256sum ./tests/set-e1.sub
+++ awk '{print $1}'
++ h=6b9cfbe9be505e20a836e4055de80d309d0c2cf60ad3f12764b2898972c1aca1
++ printf '%s  %s\n' 6b9cfbe9be505e20a836e4055de80d309d0c2cf60ad3f12764b2898972c1aca1 ./tests/set-e1.sub
++ IFS=
++ read -r f
+++ sha256sum ./tests/set-e2.sub
+++ awk '{print $1}'
++ h=f676e651e04c852dbd0863e36f7b3c6550b8afe7679d7988c38f666f694c1010
++ printf '%s  %s\n' f676e651e04c852dbd0863e36f7b3c6550b8afe7679d7988c38f666f694c1010 ./tests/set-e2.sub
++ IFS=
++ read -r f
+++ sha256sum ./tests/set-e3.sub
+++ awk '{print $1}'
++ h=39c587871250ceccde81b0beeb2f35275ead8db653180ea9581bae5101bf5f77
++ printf '%s  %s\n' 39c587871250ceccde81b0beeb2f35275ead8db653180ea9581bae5101bf5f77 ./tests/set-e3.sub
++ IFS=
++ read -r f
+++ sha256sum ./tests/set-e3a.sub
+++ awk '{print $1}'
++ h=df638cd29b21994acfd0cb6cb968012c296f8650d94ddc8692be28dad07329f1
++ printf '%s  %s\n' df638cd29b21994acfd0cb6cb968012c296f8650d94ddc8692be28dad07329f1 ./tests/set-e3a.sub
++ IFS=
++ read -r f
+++ sha256sum ./tests/set-x.right
+++ awk '{print $1}'
++ h=c83f79a780d97441163b316f8b6403fef413e71dc7859861e8c5808cd9a3dca4
++ printf '%s  %s\n' c83f79a780d97441163b316f8b6403fef413e71dc7859861e8c5808cd9a3dca4 ./tests/set-x.right
++ IFS=
++ read -r f
+++ sha256sum ./tests/set-x.tests
+++ awk '{print $1}'
++ h=6fa30d4bf0a62092a4462627a4bedd1981ff909b38136369d5af417d011e0c81
++ printf '%s  %s\n' 6fa30d4bf0a62092a4462627a4bedd1981ff909b38136369d5af417d011e0c81 ./tests/set-x.tests
++ IFS=
++ read -r f
+++ sha256sum ./tests/set-x1.sub
+++ awk '{print $1}'
++ h=92be18f40c5967848bff5d290cde2dc1b796b7d6d621ef49264e08e7c303baf2
++ printf '%s  %s\n' 92be18f40c5967848bff5d290cde2dc1b796b7d6d621ef49264e08e7c303baf2 ./tests/set-x1.sub
++ IFS=
++ read -r f
+++ sha256sum ./tests/set-x2.sub
+++ awk '{print $1}'
++ h=59da1fdd2c7e9b79254ef3862d3bdee43d756b8278d19db94a44c1496233f241
++ printf '%s  %s\n' 59da1fdd2c7e9b79254ef3862d3bdee43d756b8278d19db94a44c1496233f241 ./tests/set-x2.sub
++ IFS=
++ read -r f
+++ sha256sum ./tests/shopt.right
+++ awk '{print $1}'
++ h=d7cc1fdd151682eb40de85165d4e9351d88bd17a5dc83adf7aab359c9bb4e49d
++ printf '%s  %s\n' d7cc1fdd151682eb40de85165d4e9351d88bd17a5dc83adf7aab359c9bb4e49d ./tests/shopt.right
++ IFS=
++ read -r f
+++ sha256sum ./tests/shopt.tests
+++ awk '{print $1}'
++ h=797b2416abbe421e447d7372c69ee0523719c1f2730de956eae8c95c1e4ccfb8
++ printf '%s  %s\n' 797b2416abbe421e447d7372c69ee0523719c1f2730de956eae8c95c1e4ccfb8 ./tests/shopt.tests
++ IFS=
++ read -r f
+++ sha256sum ./tests/shopt1.sub
+++ awk '{print $1}'
++ h=1ae5dbeeb4a359131f23f2ffe6a6c04d1da820620114e44138452bdade0fc6a2
++ printf '%s  %s\n' 1ae5dbeeb4a359131f23f2ffe6a6c04d1da820620114e44138452bdade0fc6a2 ./tests/shopt1.sub
++ IFS=
++ read -r f
+++ sha256sum ./tests/source1.sub
+++ awk '{print $1}'
++ h=8589159bb99790ae388de997d2ddd720df0bcf798920f7ef998d504fe2aae776
++ printf '%s  %s\n' 8589159bb99790ae388de997d2ddd720df0bcf798920f7ef998d504fe2aae776 ./tests/source1.sub
++ IFS=
++ read -r f
+++ sha256sum ./tests/source2.sub
+++ awk '{print $1}'
++ h=cf7d002053eb0f4d98eec0f1de71cb07d1fe36d94bf9c05d4e0687b0c58a7bf7
++ printf '%s  %s\n' cf7d002053eb0f4d98eec0f1de71cb07d1fe36d94bf9c05d4e0687b0c58a7bf7 ./tests/source2.sub
++ IFS=
++ read -r f
+++ sha256sum ./tests/source3.sub
+++ awk '{print $1}'
++ h=86d0c0ad767484dc15d980e50c2df0375498b106bdab7e4174b6ae5cc95857a4
++ printf '%s  %s\n' 86d0c0ad767484dc15d980e50c2df0375498b106bdab7e4174b6ae5cc95857a4 ./tests/source3.sub
++ IFS=
++ read -r f
+++ sha256sum ./tests/source4.sub
+++ awk '{print $1}'
++ h=8ba0e0d0fc9bb9c6a737ce1c51e75fe0d92b9aae547287dd478389c8568a7785
++ printf '%s  %s\n' 8ba0e0d0fc9bb9c6a737ce1c51e75fe0d92b9aae547287dd478389c8568a7785 ./tests/source4.sub
++ IFS=
++ read -r f
+++ sha256sum ./tests/source5.sub
+++ awk '{print $1}'
++ h=13673b975965ba9580bb717a20fff4cc3e374a133d78637e147ec3717a453d6a
++ printf '%s  %s\n' 13673b975965ba9580bb717a20fff4cc3e374a133d78637e147ec3717a453d6a ./tests/source5.sub
++ IFS=
++ read -r f
+++ sha256sum ./tests/source6.sub
+++ awk '{print $1}'
++ h=cf7148fbb9c081e01b78fb7e421b7463aee8d3c63f03fed952b4798b3224daf2
++ printf '%s  %s\n' cf7148fbb9c081e01b78fb7e421b7463aee8d3c63f03fed952b4798b3224daf2 ./tests/source6.sub
++ IFS=
++ read -r f
+++ sha256sum ./tests/source7.sub
+++ awk '{print $1}'
++ h=58c41810addee71d571805ba6c3a61017eda85b7f64c11d68d090002d106a378
++ printf '%s  %s\n' 58c41810addee71d571805ba6c3a61017eda85b7f64c11d68d090002d106a378 ./tests/source7.sub
++ IFS=
++ read -r f
+++ sha256sum ./tests/source8.sub
+++ awk '{print $1}'
++ h=cb11c207efac6cf2325bb9c65eb8026f6ff77e8fc8d819e27a268f8b600ac716
++ printf '%s  %s\n' cb11c207efac6cf2325bb9c65eb8026f6ff77e8fc8d819e27a268f8b600ac716 ./tests/source8.sub
++ IFS=
++ read -r f
+++ sha256sum ./tests/strip.right
+++ awk '{print $1}'
++ h=ee529012b2a34e6ad2096d25e3624806a795a1951fce1df583b99c6acb066a83
++ printf '%s  %s\n' ee529012b2a34e6ad2096d25e3624806a795a1951fce1df583b99c6acb066a83 ./tests/strip.right
++ IFS=
++ read -r f
+++ sha256sum ./tests/strip.tests
+++ awk '{print $1}'
++ h=dd4380ce787046f0c99fdb91d224bfc304641d70e73c4208650e25b5251d0443
++ printf '%s  %s\n' dd4380ce787046f0c99fdb91d224bfc304641d70e73c4208650e25b5251d0443 ./tests/strip.tests
++ IFS=
++ read -r f
+++ sha256sum ./tests/test-glue-functions
+++ awk '{print $1}'
++ h=6c7ab2a929235d0cca603eb060a354e0670054ad9525efa7ff3ce590ec29ef7e
++ printf '%s  %s\n' 6c7ab2a929235d0cca603eb060a354e0670054ad9525efa7ff3ce590ec29ef7e ./tests/test-glue-functions
++ IFS=
++ read -r f
+++ sha256sum ./tests/test.right
+++ awk '{print $1}'
++ h=3b8c47b6c874c65081599371f14b04acc566529179c2e15be034e80c9dc2cb0c
++ printf '%s  %s\n' 3b8c47b6c874c65081599371f14b04acc566529179c2e15be034e80c9dc2cb0c ./tests/test.right
++ IFS=
++ read -r f
+++ sha256sum ./tests/test.tests
+++ awk '{print $1}'
++ h=36f7cd7c7dfee01fe7e101ae15166556d709b03d10915338f6e7110cf56c84cd
++ printf '%s  %s\n' 36f7cd7c7dfee01fe7e101ae15166556d709b03d10915338f6e7110cf56c84cd ./tests/test.tests
++ IFS=
++ read -r f
+++ sha256sum ./tests/test1.sub
+++ awk '{print $1}'
++ h=8156bd77e54977ea8237cbd208fa09961a076e8b326d8f0568151b37a0c37649
++ printf '%s  %s\n' 8156bd77e54977ea8237cbd208fa09961a076e8b326d8f0568151b37a0c37649 ./tests/test1.sub
++ IFS=
++ read -r f
+++ sha256sum ./tests/tilde.right
+++ awk '{print $1}'
++ h=bd52fa5e47e52350f655c320be3745df9262b3ab587297357c94759935e025e8
++ printf '%s  %s\n' bd52fa5e47e52350f655c320be3745df9262b3ab587297357c94759935e025e8 ./tests/tilde.right
++ IFS=
++ read -r f
+++ sha256sum ./tests/tilde.tests
+++ awk '{print $1}'
++ h=4ea4d56eeadfe0e5640f23e9c03b78bf9a11e444fa2bf60bcf754472ff1e15b6
++ printf '%s  %s\n' 4ea4d56eeadfe0e5640f23e9c03b78bf9a11e444fa2bf60bcf754472ff1e15b6 ./tests/tilde.tests
++ IFS=
++ read -r f
+++ sha256sum ./tests/tilde2.right
+++ awk '{print $1}'
++ h=0a4c366a61a40aa2d2a53c19c0b53585874b4c4c88fbf2d2c3d5f3b89b41d6e3
++ printf '%s  %s\n' 0a4c366a61a40aa2d2a53c19c0b53585874b4c4c88fbf2d2c3d5f3b89b41d6e3 ./tests/tilde2.right
++ IFS=
++ read -r f
+++ sha256sum ./tests/tilde2.tests
+++ awk '{print $1}'
++ h=22322f7a32d71088f713bb36e57b18710182bcd46a3e75fb6f10781b0d0f8d27
++ printf '%s  %s\n' 22322f7a32d71088f713bb36e57b18710182bcd46a3e75fb6f10781b0d0f8d27 ./tests/tilde2.tests
++ IFS=
++ read -r f
+++ sha256sum ./tests/tilde3.sub
+++ awk '{print $1}'
++ h=481ec43aedff4ed707e8091e8750424308d60dad18dc1441480d8f60a5c5a958
++ printf '%s  %s\n' 481ec43aedff4ed707e8091e8750424308d60dad18dc1441480d8f60a5c5a958 ./tests/tilde3.sub
++ IFS=
++ read -r f
+++ sha256sum ./tests/trap.right
+++ awk '{print $1}'
++ h=d89ea57e0628ff6ebe9907e7146cce28f65a4574d3d013703145aa9491cf5092
++ printf '%s  %s\n' d89ea57e0628ff6ebe9907e7146cce28f65a4574d3d013703145aa9491cf5092 ./tests/trap.right
++ IFS=
++ read -r f
+++ sha256sum ./tests/trap.tests
+++ awk '{print $1}'
++ h=0d3c929562ab72c938e31e8b1ba674bbe13bab753b5b24c08a8353733d46fbef
++ printf '%s  %s\n' 0d3c929562ab72c938e31e8b1ba674bbe13bab753b5b24c08a8353733d46fbef ./tests/trap.tests
++ IFS=
++ read -r f
+++ sha256sum ./tests/trap1.sub
+++ awk '{print $1}'
++ h=217e8a66a7fef00f7dc6a798922ee3fbab4ffb0998f36d26c41f8aa28f2a7eb9
++ printf '%s  %s\n' 217e8a66a7fef00f7dc6a798922ee3fbab4ffb0998f36d26c41f8aa28f2a7eb9 ./tests/trap1.sub
++ IFS=
++ read -r f
+++ sha256sum ./tests/trap2.sub
+++ awk '{print $1}'
++ h=9b399da4850c6239663a4d76a9e420d2a1c4d2363348f8dfffc7ccc815344709
++ printf '%s  %s\n' 9b399da4850c6239663a4d76a9e420d2a1c4d2363348f8dfffc7ccc815344709 ./tests/trap2.sub
++ IFS=
++ read -r f
+++ sha256sum ./tests/trap2a.sub
+++ awk '{print $1}'
++ h=175caa986854c82cc5b3e78b3ab2a3ed2f2c51e4822e038b092db2db99bb221f
++ printf '%s  %s\n' 175caa986854c82cc5b3e78b3ab2a3ed2f2c51e4822e038b092db2db99bb221f ./tests/trap2a.sub
++ IFS=
++ read -r f
+++ sha256sum ./tests/trap3.sub
+++ awk '{print $1}'
++ h=15940da61b5fb098db7cf4a7a34b3a9cc734da959acc0cfd56f10b84c515c7f0
++ printf '%s  %s\n' 15940da61b5fb098db7cf4a7a34b3a9cc734da959acc0cfd56f10b84c515c7f0 ./tests/trap3.sub
++ IFS=
++ read -r f
+++ sha256sum ./tests/trap4.sub
+++ awk '{print $1}'
++ h=36b2b7d2b406a2ef350be01e16e038a60d5e923dca6e09a6b19462ec8de60ea9
++ printf '%s  %s\n' 36b2b7d2b406a2ef350be01e16e038a60d5e923dca6e09a6b19462ec8de60ea9 ./tests/trap4.sub
++ IFS=
++ read -r f
+++ sha256sum ./tests/trap5.sub
+++ awk '{print $1}'
++ h=7d2b6e4105d7a241f47cbb74c26b47286772de93179edce16deeb2fabd881ea1
++ printf '%s  %s\n' 7d2b6e4105d7a241f47cbb74c26b47286772de93179edce16deeb2fabd881ea1 ./tests/trap5.sub
++ IFS=
++ read -r f
+++ sha256sum ./tests/trap6.sub
+++ awk '{print $1}'
++ h=e375014570eda8c2c15721b5e5266d69dc522f5af4fb5a9d1f0c762f683e7722
++ printf '%s  %s\n' e375014570eda8c2c15721b5e5266d69dc522f5af4fb5a9d1f0c762f683e7722 ./tests/trap6.sub
++ IFS=
++ read -r f
+++ sha256sum ./tests/trap7.sub
+++ awk '{print $1}'
++ h=48a3653b6aab757923a922093fbf7e2bb160641eb61342958ed8933477ae6db5
++ printf '%s  %s\n' 48a3653b6aab757923a922093fbf7e2bb160641eb61342958ed8933477ae6db5 ./tests/trap7.sub
++ IFS=
++ read -r f
+++ sha256sum ./tests/trap8.sub
+++ awk '{print $1}'
++ h=7fb10cd42812f1f5118bd582e601766661ad0e28449de3e1dd8ad4acc691f88a
++ printf '%s  %s\n' 7fb10cd42812f1f5118bd582e601766661ad0e28449de3e1dd8ad4acc691f88a ./tests/trap8.sub
++ IFS=
++ read -r f
+++ sha256sum ./tests/trap9.sub
+++ awk '{print $1}'
++ h=4ad61f72833d8635397e8e795ab45b37694c6a03263870631d0d1000692df8e3
++ printf '%s  %s\n' 4ad61f72833d8635397e8e795ab45b37694c6a03263870631d0d1000692df8e3 ./tests/trap9.sub
++ IFS=
++ read -r f
+++ sha256sum ./tests/type.right
+++ awk '{print $1}'
++ h=7688cb299201b1f2d2d713c1ff85eb5a3700fb0ccb60f231553b67c37a512800
++ printf '%s  %s\n' 7688cb299201b1f2d2d713c1ff85eb5a3700fb0ccb60f231553b67c37a512800 ./tests/type.right
++ IFS=
++ read -r f
+++ sha256sum ./tests/type.tests
+++ awk '{print $1}'
++ h=f1042a8a1f0ad5b61f6b0141639ed526927bc767a0b7c127f45b9b64bce84660
++ printf '%s  %s\n' f1042a8a1f0ad5b61f6b0141639ed526927bc767a0b7c127f45b9b64bce84660 ./tests/type.tests
++ IFS=
++ read -r f
+++ sha256sum ./tests/type1.sub
+++ awk '{print $1}'
++ h=fb5d7eb59389c20262c5db70e6c460a4ebc69f4bb9e71b23217ed0d1e1cb89d2
++ printf '%s  %s\n' fb5d7eb59389c20262c5db70e6c460a4ebc69f4bb9e71b23217ed0d1e1cb89d2 ./tests/type1.sub
++ IFS=
++ read -r f
+++ sha256sum ./tests/type2.sub
+++ awk '{print $1}'
++ h=627f2b293f3661a2212a9a1eac168b9747101d7916e281c85463b247a5c9962e
++ printf '%s  %s\n' 627f2b293f3661a2212a9a1eac168b9747101d7916e281c85463b247a5c9962e ./tests/type2.sub
++ IFS=
++ read -r f
+++ sha256sum ./tests/type3.sub
+++ awk '{print $1}'
++ h=defc79f7a190a47e9299837ee79dff5a31b13be08b0e30f69714fcd864d38493
++ printf '%s  %s\n' defc79f7a190a47e9299837ee79dff5a31b13be08b0e30f69714fcd864d38493 ./tests/type3.sub
++ IFS=
++ read -r f
+++ sha256sum ./tests/type4.sub
+++ awk '{print $1}'
++ h=20a7fd41917b8a7dd1f42f061fefb85056bfe6a32bb00b26734bd2dfca7bc346
++ printf '%s  %s\n' 20a7fd41917b8a7dd1f42f061fefb85056bfe6a32bb00b26734bd2dfca7bc346 ./tests/type4.sub
++ IFS=
++ read -r f
+++ sha256sum ./tests/type5.sub
+++ awk '{print $1}'
++ h=5d818b1b4093692f5fc7cdc88798c395e8ee3c460ed9e70b7559fda5d561a7c5
++ printf '%s  %s\n' 5d818b1b4093692f5fc7cdc88798c395e8ee3c460ed9e70b7559fda5d561a7c5 ./tests/type5.sub
++ IFS=
++ read -r f
+++ sha256sum ./tests/unicode1.sub
+++ awk '{print $1}'
++ h=1ccef95df97abd63525f53cbf10dfd372e6c634f4de6ac501333a914f13352a2
++ printf '%s  %s\n' 1ccef95df97abd63525f53cbf10dfd372e6c634f4de6ac501333a914f13352a2 ./tests/unicode1.sub
++ IFS=
++ read -r f
+++ sha256sum ./tests/unicode2.sub
+++ awk '{print $1}'
++ h=e67754a78e4041762804da79cbd00189035d6764093d7b148e7bd2786fb5b8e2
++ printf '%s  %s\n' e67754a78e4041762804da79cbd00189035d6764093d7b148e7bd2786fb5b8e2 ./tests/unicode2.sub
++ IFS=
++ read -r f
+++ sha256sum ./tests/unicode3.sub
+++ awk '{print $1}'
++ h=930c277b717e3ccf2ebac2e00ee5740165633dd46fbf85be1b1b1904c3ea97c3
++ printf '%s  %s\n' 930c277b717e3ccf2ebac2e00ee5740165633dd46fbf85be1b1b1904c3ea97c3 ./tests/unicode3.sub
++ IFS=
++ read -r f
+++ sha256sum ./tests/varenv.right
+++ awk '{print $1}'
++ h=e08de542ca3f4e60193b6f615f860477d3b63492a7f27d0d64bc38cd70c06035
++ printf '%s  %s\n' e08de542ca3f4e60193b6f615f860477d3b63492a7f27d0d64bc38cd70c06035 ./tests/varenv.right
++ IFS=
++ read -r f
+++ sha256sum ./tests/varenv.tests
+++ awk '{print $1}'
++ h=88f4cbb343e2034985102ecb44b51cd567954ec9fea87f729e3fdef0b087cef2
++ printf '%s  %s\n' 88f4cbb343e2034985102ecb44b51cd567954ec9fea87f729e3fdef0b087cef2 ./tests/varenv.tests
++ IFS=
++ read -r f
+++ sha256sum ./tests/varenv1.sub
+++ awk '{print $1}'
++ h=11802d53537ed71ecbc5641f48f5d80a5814950b41479bfc272610371063cb5e
++ printf '%s  %s\n' 11802d53537ed71ecbc5641f48f5d80a5814950b41479bfc272610371063cb5e ./tests/varenv1.sub
++ IFS=
++ read -r f
+++ sha256sum ./tests/varenv10.sub
+++ awk '{print $1}'
++ h=e87a147713b283772389ebf5eea9a0a9742e9a514e883586cef8a1a0fde7fc2a
++ printf '%s  %s\n' e87a147713b283772389ebf5eea9a0a9742e9a514e883586cef8a1a0fde7fc2a ./tests/varenv10.sub
++ IFS=
++ read -r f
+++ sha256sum ./tests/varenv11.sub
+++ awk '{print $1}'
++ h=777b5211d9781681713dba31edd4c1937f478f38a1e0a8eacb580eb4dd826256
++ printf '%s  %s\n' 777b5211d9781681713dba31edd4c1937f478f38a1e0a8eacb580eb4dd826256 ./tests/varenv11.sub
++ IFS=
++ read -r f
+++ sha256sum ./tests/varenv12.sub
+++ awk '{print $1}'
++ h=60874909591b4c6dea21a31f81a3fdd37757882b806c31b69cc7f7592242fb79
++ printf '%s  %s\n' 60874909591b4c6dea21a31f81a3fdd37757882b806c31b69cc7f7592242fb79 ./tests/varenv12.sub
++ IFS=
++ read -r f
+++ sha256sum ./tests/varenv13.sub
+++ awk '{print $1}'
++ h=2380a7d47b923cf0b416748dff31cadcb154cf5647da7139766d72d91907c52f
++ printf '%s  %s\n' 2380a7d47b923cf0b416748dff31cadcb154cf5647da7139766d72d91907c52f ./tests/varenv13.sub
++ IFS=
++ read -r f
+++ sha256sum ./tests/varenv14.sub
+++ awk '{print $1}'
++ h=b18c0a1d5fcc0f3f45f99e538d8da437d452141acbbffe85dddffb27aee40234
++ printf '%s  %s\n' b18c0a1d5fcc0f3f45f99e538d8da437d452141acbbffe85dddffb27aee40234 ./tests/varenv14.sub
++ IFS=
++ read -r f
+++ sha256sum ./tests/varenv15.in
+++ awk '{print $1}'
++ h=86715fbe8cd57cdc670bd6f3f4d04268da1ef5d196329fa530e16f049a1433d6
++ printf '%s  %s\n' 86715fbe8cd57cdc670bd6f3f4d04268da1ef5d196329fa530e16f049a1433d6 ./tests/varenv15.in
++ IFS=
++ read -r f
+++ sha256sum ./tests/varenv15.sub
+++ awk '{print $1}'
++ h=f58b87bae9264658bfb129542ec543207d772af392512141efc71034ad38a43b
++ printf '%s  %s\n' f58b87bae9264658bfb129542ec543207d772af392512141efc71034ad38a43b ./tests/varenv15.sub
++ IFS=
++ read -r f
+++ sha256sum ./tests/varenv16.sub
+++ awk '{print $1}'
++ h=aa98cbf14d956b0459b3322344aded1d7d76d68589388b980285cca07f182ba3
++ printf '%s  %s\n' aa98cbf14d956b0459b3322344aded1d7d76d68589388b980285cca07f182ba3 ./tests/varenv16.sub
++ IFS=
++ read -r f
+++ sha256sum ./tests/varenv17.sub
+++ awk '{print $1}'
++ h=3256863e72dd202bc5d009a9e0d109c5dcabb30838235b0f86157967b9c50fff
++ printf '%s  %s\n' 3256863e72dd202bc5d009a9e0d109c5dcabb30838235b0f86157967b9c50fff ./tests/varenv17.sub
++ IFS=
++ read -r f
+++ sha256sum ./tests/varenv18.sub
+++ awk '{print $1}'
++ h=d279386375b687122d401cb5481d148e8912b448e2d36367c4e6f5dec212ab10
++ printf '%s  %s\n' d279386375b687122d401cb5481d148e8912b448e2d36367c4e6f5dec212ab10 ./tests/varenv18.sub
++ IFS=
++ read -r f
+++ sha256sum ./tests/varenv19.sub
+++ awk '{print $1}'
++ h=d26ef1be489e2272dc3f32600d4045bb294ff2f0dbf665978f069316dda35b6d
++ printf '%s  %s\n' d26ef1be489e2272dc3f32600d4045bb294ff2f0dbf665978f069316dda35b6d ./tests/varenv19.sub
++ IFS=
++ read -r f
+++ sha256sum ./tests/varenv2.sub
+++ awk '{print $1}'
++ h=e9b336318cf822dd9fa1c977b69a0d8eba871e183cc76e4baf068996c66cf009
++ printf '%s  %s\n' e9b336318cf822dd9fa1c977b69a0d8eba871e183cc76e4baf068996c66cf009 ./tests/varenv2.sub
++ IFS=
++ read -r f
+++ sha256sum ./tests/varenv20.sub
+++ awk '{print $1}'
++ h=fddaecb6834a3944a9778ca7878f3f4943d31d4d3bdccc92799d05533fdb8646
++ printf '%s  %s\n' fddaecb6834a3944a9778ca7878f3f4943d31d4d3bdccc92799d05533fdb8646 ./tests/varenv20.sub
++ IFS=
++ read -r f
+++ sha256sum ./tests/varenv21.sub
+++ awk '{print $1}'
++ h=381c7979f74e30351eb339f7b2dc62f17186d9a97a7d5338370d2f856444fdc9
++ printf '%s  %s\n' 381c7979f74e30351eb339f7b2dc62f17186d9a97a7d5338370d2f856444fdc9 ./tests/varenv21.sub
++ IFS=
++ read -r f
+++ sha256sum ./tests/varenv22.sub
+++ awk '{print $1}'
++ h=91aa6668c3c29168b01cad52e74654aa55d3d0e44c2c63826b6bcc46d3df1dab
++ printf '%s  %s\n' 91aa6668c3c29168b01cad52e74654aa55d3d0e44c2c63826b6bcc46d3df1dab ./tests/varenv22.sub
++ IFS=
++ read -r f
+++ sha256sum ./tests/varenv23.sub
+++ awk '{print $1}'
++ h=783a367925552104ea6dcef3088854c658548aa595c8e7d4647b75a7b1499a42
++ printf '%s  %s\n' 783a367925552104ea6dcef3088854c658548aa595c8e7d4647b75a7b1499a42 ./tests/varenv23.sub
++ IFS=
++ read -r f
+++ sha256sum ./tests/varenv24.sub
+++ awk '{print $1}'
++ h=e9b657a70540cc433e38c45cf74cdfe3381321b8d3dcc25f2532eb24811575aa
++ printf '%s  %s\n' e9b657a70540cc433e38c45cf74cdfe3381321b8d3dcc25f2532eb24811575aa ./tests/varenv24.sub
++ IFS=
++ read -r f
+++ sha256sum ./tests/varenv25.sub
+++ awk '{print $1}'
++ h=62f91983fb4932fbe9e233e61edd970182e927cbba3f6bf68380775a706f17af
++ printf '%s  %s\n' 62f91983fb4932fbe9e233e61edd970182e927cbba3f6bf68380775a706f17af ./tests/varenv25.sub
++ IFS=
++ read -r f
+++ sha256sum ./tests/varenv3.sub
+++ awk '{print $1}'
++ h=2aa3116b66cae4624ff866235f11e0ae96a22f2a5dd4bfa972dd45439291b198
++ printf '%s  %s\n' 2aa3116b66cae4624ff866235f11e0ae96a22f2a5dd4bfa972dd45439291b198 ./tests/varenv3.sub
++ IFS=
++ read -r f
+++ sha256sum ./tests/varenv4.sub
+++ awk '{print $1}'
++ h=46885a15dfef34b472fa9ec82436178e21041c5be71ace35b2c0316f013ccc4b
++ printf '%s  %s\n' 46885a15dfef34b472fa9ec82436178e21041c5be71ace35b2c0316f013ccc4b ./tests/varenv4.sub
++ IFS=
++ read -r f
+++ sha256sum ./tests/varenv5.sub
+++ awk '{print $1}'
++ h=bb3d3cd33c68164b58c4104d6638fe46bb50f098fcb67ef26993ea7bbfc9bde6
++ printf '%s  %s\n' bb3d3cd33c68164b58c4104d6638fe46bb50f098fcb67ef26993ea7bbfc9bde6 ./tests/varenv5.sub
++ IFS=
++ read -r f
+++ sha256sum ./tests/varenv6.sub
+++ awk '{print $1}'
++ h=0ba19c124e25860ddf2662e9ab2454dd3dc8c833bb15013528b6646d22b030b7
++ printf '%s  %s\n' 0ba19c124e25860ddf2662e9ab2454dd3dc8c833bb15013528b6646d22b030b7 ./tests/varenv6.sub
++ IFS=
++ read -r f
+++ sha256sum ./tests/varenv7.sub
+++ awk '{print $1}'
++ h=db0fc2de4a9318529c349c309d4698a8a4d4d072988d7929aa539d3108f4880f
++ printf '%s  %s\n' db0fc2de4a9318529c349c309d4698a8a4d4d072988d7929aa539d3108f4880f ./tests/varenv7.sub
++ IFS=
++ read -r f
+++ sha256sum ./tests/varenv8.sub
+++ awk '{print $1}'
++ h=172323b2f1e25c136237b4e66dcdc3257cf675d6b8173ec0a56e685bf641aae4
++ printf '%s  %s\n' 172323b2f1e25c136237b4e66dcdc3257cf675d6b8173ec0a56e685bf641aae4 ./tests/varenv8.sub
++ IFS=
++ read -r f
+++ sha256sum ./tests/varenv9.sub
+++ awk '{print $1}'
++ h=faafe501d728c49c8847fa83033d6edd6d9dcf20d31e0df570ad076751e67ab3
++ printf '%s  %s\n' faafe501d728c49c8847fa83033d6edd6d9dcf20d31e0df570ad076751e67ab3 ./tests/varenv9.sub
++ IFS=
++ read -r f
+++ sha256sum ./tests/version
+++ awk '{print $1}'
++ h=db948353570ccfe244f0ef447d3ed481a33860a73eb3c1ea9234fc0ff01c2d6c
++ printf '%s  %s\n' db948353570ccfe244f0ef447d3ed481a33860a73eb3c1ea9234fc0ff01c2d6c ./tests/version
++ IFS=
++ read -r f
+++ sha256sum ./tests/version.mini
+++ awk '{print $1}'
++ h=8cc2f09f7d29e9efa71a2fcaddcb7c2aff4b6ab3132b813f8d0f2aa5ea0cc498
++ printf '%s  %s\n' 8cc2f09f7d29e9efa71a2fcaddcb7c2aff4b6ab3132b813f8d0f2aa5ea0cc498 ./tests/version.mini
++ IFS=
++ read -r f
+++ sha256sum ./tests/vredir.right
+++ awk '{print $1}'
++ h=d2770c9097f99be7b87a8edecd83cccb1e166e32a91b52b907a2a539060d9575
++ printf '%s  %s\n' d2770c9097f99be7b87a8edecd83cccb1e166e32a91b52b907a2a539060d9575 ./tests/vredir.right
++ IFS=
++ read -r f
+++ sha256sum ./tests/vredir.tests
+++ awk '{print $1}'
++ h=d5858f9ddc562275439faea5063e1767d50415e9453b6fe7f3cde21294c72007
++ printf '%s  %s\n' d5858f9ddc562275439faea5063e1767d50415e9453b6fe7f3cde21294c72007 ./tests/vredir.tests
++ IFS=
++ read -r f
+++ sha256sum ./tests/vredir1.sub
+++ awk '{print $1}'
++ h=2f39ad38cd5eb90932404ca24b99ae4568dc1d3bcbfe9a656f88ab3c9a51e43f
++ printf '%s  %s\n' 2f39ad38cd5eb90932404ca24b99ae4568dc1d3bcbfe9a656f88ab3c9a51e43f ./tests/vredir1.sub
++ IFS=
++ read -r f
+++ sha256sum ./tests/vredir2.sub
+++ awk '{print $1}'
++ h=ea5a7ab81ba7ee80f01e1b7e801563a3a6568cd486ebac393397e1629c9453dc
++ printf '%s  %s\n' ea5a7ab81ba7ee80f01e1b7e801563a3a6568cd486ebac393397e1629c9453dc ./tests/vredir2.sub
++ IFS=
++ read -r f
+++ sha256sum ./tests/vredir3.sub
+++ awk '{print $1}'
++ h=6d4d8aec020c92888fa5db9c2e414c329010e318a27b88589ee440c0e275814d
++ printf '%s  %s\n' 6d4d8aec020c92888fa5db9c2e414c329010e318a27b88589ee440c0e275814d ./tests/vredir3.sub
++ IFS=
++ read -r f
+++ sha256sum ./tests/vredir4.sub
+++ awk '{print $1}'
++ h=a5b8e8938f536c45e3634b74c1b58032ddaeef9f53b9c5eabb7d702559d52034
++ printf '%s  %s\n' a5b8e8938f536c45e3634b74c1b58032ddaeef9f53b9c5eabb7d702559d52034 ./tests/vredir4.sub
++ IFS=
++ read -r f
+++ sha256sum ./tests/vredir5.sub
+++ awk '{print $1}'
++ h=2cfdeab5b0b4221c6f14d805b15917458366c45a27d3f216fbf396414a76097d
++ printf '%s  %s\n' 2cfdeab5b0b4221c6f14d805b15917458366c45a27d3f216fbf396414a76097d ./tests/vredir5.sub
++ IFS=
++ read -r f
+++ sha256sum ./tests/vredir6.sub
+++ awk '{print $1}'
++ h=fa7343f2b71ee0fddd9c7df97e7341b5c8dee6e88244ba272b2f297d799b6ad4
++ printf '%s  %s\n' fa7343f2b71ee0fddd9c7df97e7341b5c8dee6e88244ba272b2f297d799b6ad4 ./tests/vredir6.sub
++ IFS=
++ read -r f
+++ sha256sum ./tests/vredir7.sub
+++ awk '{print $1}'
++ h=509f5a7249b4cb818ee7a68ceeb242df54c33ddf65341d3763c832638e7fc3fd
++ printf '%s  %s\n' 509f5a7249b4cb818ee7a68ceeb242df54c33ddf65341d3763c832638e7fc3fd ./tests/vredir7.sub
++ IFS=
++ read -r f
+++ sha256sum ./tests/vredir8.sub
+++ awk '{print $1}'
++ h=38cfbf6c13f9856d2af88f2a1c3b4973118857649f63549106ad090b52a5e8df
++ printf '%s  %s\n' 38cfbf6c13f9856d2af88f2a1c3b4973118857649f63549106ad090b52a5e8df ./tests/vredir8.sub
++ IFS=
++ read -r f
+++ sha256sum ./trap.c
+++ awk '{print $1}'
++ h=64a9c9fcdf6d6c1f80cc240ac89aec7d1d2bae076acdeff00e6cebcea098ed7c
++ printf '%s  %s\n' 64a9c9fcdf6d6c1f80cc240ac89aec7d1d2bae076acdeff00e6cebcea098ed7c ./trap.c
++ IFS=
++ read -r f
+++ sha256sum ./trap.h
+++ awk '{print $1}'
++ h=716f8cf993ef1cadf4494a1c7fbcae646f6407f25a46a4822c355fae39a33cf6
++ printf '%s  %s\n' 716f8cf993ef1cadf4494a1c7fbcae646f6407f25a46a4822c355fae39a33cf6 ./trap.h
++ IFS=
++ read -r f
+++ sha256sum ./unwind_prot.c
+++ awk '{print $1}'
++ h=0c644125cbc0f0e7406045f6d3e7fafb7e9c1320d03b1f6afac14a22ad668ab4
++ printf '%s  %s\n' 0c644125cbc0f0e7406045f6d3e7fafb7e9c1320d03b1f6afac14a22ad668ab4 ./unwind_prot.c
++ IFS=
++ read -r f
+++ sha256sum ./unwind_prot.h
+++ awk '{print $1}'
++ h=e1a4fe78d9519c26cbbb9c313ae1dbd8afe550d39251a9d4a08309fb9db8214a
++ printf '%s  %s\n' e1a4fe78d9519c26cbbb9c313ae1dbd8afe550d39251a9d4a08309fb9db8214a ./unwind_prot.h
++ IFS=
++ read -r f
+++ sha256sum ./variables.c
+++ awk '{print $1}'
++ h=e5c8be22b2805b32edcc50d75bf36fc767e8f540b403c50c2e48b6783591bd2e
++ printf '%s  %s\n' e5c8be22b2805b32edcc50d75bf36fc767e8f540b403c50c2e48b6783591bd2e ./variables.c
++ IFS=
++ read -r f
+++ sha256sum ./variables.h
+++ awk '{print $1}'
++ h=0f1f23f5e3968cc7427388a13c547940cc8690626cc91ae288c55283542cda26
++ printf '%s  %s\n' 0f1f23f5e3968cc7427388a13c547940cc8690626cc91ae288c55283542cda26 ./variables.h
++ IFS=
++ read -r f
+++ sha256sum ./version.c
+++ awk '{print $1}'
++ h=d7ce7e4d81b1479bd1957d50e84f8a9452993436a52f69df7de3b152f902215e
++ printf '%s  %s\n' d7ce7e4d81b1479bd1957d50e84f8a9452993436a52f69df7de3b152f902215e ./version.c
++ IFS=
++ read -r f
+++ sha256sum ./xmalloc.c
+++ awk '{print $1}'
++ h=55e01fff2a3d0a4375df0c2172543a087fcf5afcd1a73630ddd1c067f6c2bfdd
++ printf '%s  %s\n' 55e01fff2a3d0a4375df0c2172543a087fcf5afcd1a73630ddd1c067f6c2bfdd ./xmalloc.c
++ IFS=
++ read -r f
+++ sha256sum ./xmalloc.h
+++ awk '{print $1}'
++ h=8822321642dee6cf152575ca047b12542fbcf9888a17469d19d99ae6f40a6776
++ printf '%s  %s\n' 8822321642dee6cf152575ca047b12542fbcf9888a17469d19d99ae6f40a6776 ./xmalloc.h
++ IFS=
++ read -r f
+++ sha256sum ./y.tab.c
+++ awk '{print $1}'
++ h=8c3fa4f8d439dc913391818300bbc1ffdcefc8f38fe36efb8e9b83a8874a2f76
++ printf '%s  %s\n' 8c3fa4f8d439dc913391818300bbc1ffdcefc8f38fe36efb8e9b83a8874a2f76 ./y.tab.c
++ IFS=
++ read -r f
+++ sha256sum ./y.tab.h
+++ awk '{print $1}'
++ h=5732e888d67e969601f4a1fe6f8c418d2754490936eeeaa4fbe7be44a598993b
++ printf '%s  %s\n' 5732e888d67e969601f4a1fe6f8c418d2754490936eeeaa4fbe7be44a598993b ./y.tab.h
++ IFS=
++ read -r f
+ ACTUAL_TREE_SHA256=674ddae6484ddf8d3311fc6bb02b5ee866e80ee2e24590f2a79a4bc2e5f6cd4a
+ echo 'expected: 674ddae6484ddf8d3311fc6bb02b5ee866e80ee2e24590f2a79a4bc2e5f6cd4a'
expected: 674ddae6484ddf8d3311fc6bb02b5ee866e80ee2e24590f2a79a4bc2e5f6cd4a
+ echo 'actual:   674ddae6484ddf8d3311fc6bb02b5ee866e80ee2e24590f2a79a4bc2e5f6cd4a'
actual:   674ddae6484ddf8d3311fc6bb02b5ee866e80ee2e24590f2a79a4bc2e5f6cd4a
+ '[' 674ddae6484ddf8d3311fc6bb02b5ee866e80ee2e24590f2a79a4bc2e5f6cd4a '!=' 674ddae6484ddf8d3311fc6bb02b5ee866e80ee2e24590f2a79a4bc2e5f6cd4a ']'
+ echo 'Tree content verified.'
Tree content verified.
+ echo '=== EXIT CODE: 0 ==='
=== EXIT CODE: 0 ===
=== STAGE: install-cache | 2026-09-05T18:13:34Z ===
+ cp native/bash/cross-build/android.cache bash-src/cross-build/android.cache
+ test -f bash-src/cross-build/android.cache
+ echo '=== EXIT CODE: 0 ==='
=== EXIT CODE: 0 ===
=== STAGE: configure | 2026-09-05T18:13:34Z ===
+ TOOLCHAIN=/opt/hostedtoolcache/ndk/r27d/x64/toolchains/llvm/prebuilt/linux-x86_64/bin
+ CC=/opt/hostedtoolcache/ndk/r27d/x64/toolchains/llvm/prebuilt/linux-x86_64/bin/x86_64-linux-android24-clang
+ test -x /opt/hostedtoolcache/ndk/r27d/x64/toolchains/llvm/prebuilt/linux-x86_64/bin/x86_64-linux-android24-clang
+ cd bash-src
+ CC=/opt/hostedtoolcache/ndk/r27d/x64/toolchains/llvm/prebuilt/linux-x86_64/bin/x86_64-linux-android24-clang
+ AR=/opt/hostedtoolcache/ndk/r27d/x64/toolchains/llvm/prebuilt/linux-x86_64/bin/llvm-ar
+ STRIP=/opt/hostedtoolcache/ndk/r27d/x64/toolchains/llvm/prebuilt/linux-x86_64/bin/llvm-strip
+ RANLIB=/opt/hostedtoolcache/ndk/r27d/x64/toolchains/llvm/prebuilt/linux-x86_64/bin/llvm-ranlib
+ NM=/opt/hostedtoolcache/ndk/r27d/x64/toolchains/llvm/prebuilt/linux-x86_64/bin/llvm-nm
+ CFLAGS=-D__ANDROID_API__=26
+ ./configure --host=x86_64-linux-android --cache-file=cross-build/android.cache --without-bash-malloc --disable-nls --disable-rpath
configure: loading cache cross-build/android.cache
checking build system type... x86_64-pc-linux-android
checking host system type... x86_64-pc-linux-android

Beginning configuration for bash-5.3-release for x86_64-pc-linux-android

checking for x86_64-linux-android-gcc... /opt/hostedtoolcache/ndk/r27d/x64/toolchains/llvm/prebuilt/linux-x86_64/bin/x86_64-linux-android24-clang
checking whether the C compiler works... yes
checking for C compiler default output file name... a.out
checking for suffix of executables... 
checking whether we are cross compiling... yes
checking for suffix of object files... o
checking whether the compiler supports GNU C... yes
checking whether /opt/hostedtoolcache/ndk/r27d/x64/toolchains/llvm/prebuilt/linux-x86_64/bin/x86_64-linux-android24-clang accepts -g... yes
checking for /opt/hostedtoolcache/ndk/r27d/x64/toolchains/llvm/prebuilt/linux-x86_64/bin/x86_64-linux-android24-clang option to enable C11 features... none needed
checking for stdio.h... yes
checking for stdlib.h... yes
checking for string.h... yes
checking for inttypes.h... yes
checking for stdint.h... yes
checking for strings.h... yes
checking for sys/stat.h... yes
checking for sys/types.h... yes
checking for unistd.h... yes
checking for wchar.h... yes
checking for minix/config.h... no
checking for stdbool.h... yes
checking for sys/param.h... yes
checking for threads.h... yes
checking for xlocale.h... yes
checking for sys/time.h... yes
checking whether it is safe to define __EXTENSIONS__... yes
checking whether _XOPEN_SOURCE should be defined... no
checking for /opt/hostedtoolcache/ndk/r27d/x64/toolchains/llvm/prebuilt/linux-x86_64/bin/x86_64-linux-android24-clang option to enable large file support... none needed
checking for a BSD-compatible install... /usr/bin/install -c
checking for x86_64-linux-android-ar... /opt/hostedtoolcache/ndk/r27d/x64/toolchains/llvm/prebuilt/linux-x86_64/bin/llvm-ar
checking for x86_64-linux-android-ranlib... /opt/hostedtoolcache/ndk/r27d/x64/toolchains/llvm/prebuilt/linux-x86_64/bin/llvm-ranlib
checking for bison... bison -y
checking whether make sets $(MAKE)... yes
checking for x86_64-linux-android-strip... /opt/hostedtoolcache/ndk/r27d/x64/toolchains/llvm/prebuilt/linux-x86_64/bin/llvm-strip
checking for an ANSI C-conforming const... yes
checking for inline... inline
checking whether byte ordering is bigendian... no
checking for long double... yes
checking whether char is unsigned... no
checking for working volatile... yes
checking for C/C++ restrict keyword... __restrict__
checking for bool, true, false... no
checking for a race-free mkdir -p... /usr/bin/mkdir -p
checking for a sed that does not truncate output... /usr/bin/sed
checking whether NLS is requested... no
checking for msgfmt... no
checking for gmsgfmt... :
checking for xgettext... no
checking for msgmerge... no
checking how to run the C preprocessor... /opt/hostedtoolcache/ndk/r27d/x64/toolchains/llvm/prebuilt/linux-x86_64/bin/x86_64-linux-android24-clang -E
checking for egrep -e... /usr/bin/grep -E
checking whether we are using the GNU C Library 2 or newer... no
checking whether the -Werror option is usable... no
checking for simple visibility declarations... yes
checking for size_t... yes
checking for stdint.h... yes
checking for working alloca.h... yes
checking for alloca... yes
checking for getpagesize... (cached) yes
checking for symlink... yes
checking for uselocale... yes
checking for vprintf... yes
checking for alarm... yes
checking for fpurge... yes
checking for __fpurge... yes
checking for snprintf... yes
checking for vsnprintf... yes
checking for working mmap... (cached) yes
checking whether integer division by zero raises SIGFPE... guessing yes
checking for inttypes.h... yes
checking for unsigned long long int... yes
checking whether imported symbols can be declared weak... guessing yes
checking for pthread.h... yes
checking for pthread_kill in -lpthread... no
checking whether POSIX threads API is available... yes
checking for multithread API to use... posix
checking for pthread_rwlock_t... yes
checking whether pthread_rwlock_rdlock prefers a writer to a reader... guessing no
checking for /opt/hostedtoolcache/ndk/r27d/x64/toolchains/llvm/prebuilt/linux-x86_64/bin/x86_64-linux-android24-clang options needed to detect all undeclared functions... none needed
checking for ld used by /opt/hostedtoolcache/ndk/r27d/x64/toolchains/llvm/prebuilt/linux-x86_64/bin/x86_64-linux-android24-clang... /opt/hostedtoolcache/ndk/r27d/x64/toolchains/llvm/prebuilt/linux-x86_64/bin/ld
checking if the linker (/opt/hostedtoolcache/ndk/r27d/x64/toolchains/llvm/prebuilt/linux-x86_64/bin/ld) is GNU ld... yes
checking for shared library run path origin... done
checking 32-bit host C ABI... no
checking for ELF binary format... yes
checking for the common suffixes of directories in the library search path... lib,lib,lib64
checking for iconv... no, consider installing GNU libiconv
checking for inttypes.h... (cached) yes
checking for unistd.h... (cached) yes
checking for sys/param.h... (cached) yes
checking for getcwd... yes
checking for getegid... yes
checking for geteuid... yes
checking for getgid... yes
checking for getuid... yes
checking for mempcpy... yes
checking for munmap... yes
checking for stpcpy... yes
checking for strcasecmp... yes
checking for tsearch... yes
checking for __fsetlocking... yes
checking whether feof_unlocked is declared... yes
checking whether fgets_unlocked is declared... no
checking for localeconv... yes
checking for bison... bison
checking for bison 3.0 or newer... 3.8.2, ok
checking for long long int... yes
checking for wchar_t... yes
checking for wint_t... yes
checking whether wint_t is large enough... yes
checking for intmax_t... yes
checking whether printf() supports POSIX/XSI format strings... guessing yes
checking for stdint.h... (cached) yes
checking for SIZE_MAX... yes
checking for stdint.h... (cached) yes
checking for working fcntl.h... cross-compiling
checking whether uselocale works... guessing yes
checking for fake locale system (OpenBSD)... guessing no
checking for Solaris 11.4 locale system... no
checking for getlocalename_l... no
checking for CFPreferencesCopyAppValue... no
checking for CFLocaleCopyPreferredLanguages... no
checking for flexible array member... yes
checking for x86_64-linux-android-ar... (cached) /opt/hostedtoolcache/ndk/r27d/x64/toolchains/llvm/prebuilt/linux-x86_64/bin/llvm-ar
checking for ptrdiff_t... yes
checking for features.h... yes
checking for stddef.h... yes
checking for stdlib.h... (cached) yes
checking for string.h... (cached) yes
checking for asprintf... yes
checking for wprintf... yes
checking for newlocale... yes
checking for putenv... yes
checking for setenv... yes
checking for snprintf... (cached) yes
checking for strnlen... yes
checking for uselocale... (cached) yes
checking for wcslen... yes
checking for wcsnlen... yes
checking for mbrtowc... yes
checking for wcrtomb... yes
checking whether _snprintf is declared... no
checking whether _snwprintf is declared... no
checking whether getc_unlocked is declared... yes
checking for nl_langinfo and CODESET... no
checking for LC_MESSAGES... yes
checking for CFPreferencesCopyAppValue... (cached) no
checking for CFLocaleCopyPreferredLanguages... (cached) no
checking whether to use NLS... no
checking for dirent.h that defines DIR... yes
checking for library containing opendir... none required
checking for sys/mkdev.h... no
checking for sys/sysmacros.h... yes
checking for inttypes.h... (cached) yes
checking for unistd.h... (cached) yes
checking for stdlib.h... (cached) yes
checking for varargs.h... no
checking for limits.h... yes
checking for string.h... (cached) yes
checking for memory.h... yes
checking for locale.h... yes
checking for termcap.h... no
checking for termio.h... yes
checking for termios.h... yes
checking for dlfcn.h... yes
checking for stddef.h... (cached) yes
checking for stdint.h... (cached) yes
checking for netdb.h... yes
checking for pwd.h... yes
checking for grp.h... yes
checking for strings.h... (cached) yes
checking for stdckdint.h... yes
checking for regex.h... yes
checking for syslog.h... yes
checking for ulimit.h... no
checking for sys/pte.h... no
checking for sys/stream.h... no
checking for sys/select.h... yes
checking for sys/file.h... yes
checking for sys/ioctl.h... yes
checking for sys/mman.h... yes
checking for sys/param.h... (cached) yes
checking for sys/random.h... yes
checking for sys/socket.h... yes
checking for sys/stat.h... (cached) yes
checking for sys/time.h... (cached) yes
checking for sys/times.h... yes
checking for sys/types.h... (cached) yes
checking for sys/wait.h... yes
checking for netinet/in.h... yes
checking for arpa/inet.h... yes
checking for sys/ptem.h... no
checking for sys/resource.h... yes
checking for working alloca.h... (cached) yes
checking for alloca... (cached) yes
checking for uid_t... yes
checking for gid_t... yes
checking for working chown... no
checking whether getpgrp requires zero arguments... yes
checking for working strcoll... no
checking for __setostype... no
checking for wait3... no
checking for mkfifo... yes
checking for dup2... yes
checking for eaccess... no
checking for fcntl... yes
checking for getdtablesize... no
checking for getentropy... no
checking for getgroups... yes
checking for gethostname... yes
checking for getpagesize... (cached) yes
checking for getpeername... yes
checking for getrandom... no
checking for getrlimit... yes
checking for getrusage... yes
checking for gettimeofday... yes
checking for kill... yes
checking for killpg... yes
checking for lstat... yes
checking for nanosleep... yes
checking for pselect... yes
checking for readlink... yes
checking for select... yes
checking for setdtablesize... no
checking for setitimer... yes
checking for statfs... yes
checking for tcgetpgrp... yes
checking for uname... yes
checking for ulimit... no
checking for waitpid... yes
checking for rename... yes
checking for bcopy... no
checking for bzero... no
checking for clock_gettime... yes
checking for confstr... no
checking for faccessat... yes
checking for fnmatch... yes
checking for getaddrinfo... yes
checking for gethostbyname... yes
checking for getservbyname... yes
checking for getservent... yes
checking for inet_aton... yes
checking for imaxdiv... yes
checking for memmove... yes
checking for pathconf... yes
checking for putenv... (cached) yes
checking for raise... yes
checking for random... yes
checking for regcomp... yes
checking for regexec... yes
checking for setenv... (cached) yes
checking for setlinebuf... yes
checking for setlocale... yes
checking for setvbuf... yes
checking for siginterrupt... yes
checking for strchr... yes
checking for sysconf... yes
checking for syslog... yes
checking for tcgetattr... yes
checking for tcgetwinsize... no
checking for tcsetwinsize... no
checking for times... yes
checking for ttyname... yes
checking for tzset... yes
checking for unsetenv... yes
checking for vasprintf... yes
checking for asprintf... (cached) yes
checking for isascii... yes
checking for isblank... yes
checking for isgraph... yes
checking for isprint... yes
checking for isspace... yes
checking for isxdigit... yes
checking for getpwent... no
checking for getpwnam... yes
checking for getpwuid... yes
checking for mkstemp... yes
checking for mkdtemp... yes
checking for arc4random... yes
checking for strlcat... yes
checking for memfd_create... no
checking for shm_open... no
checking for shm_mkstemp... no
checking for getcwd... (cached) yes
checking for memset... yes
checking for strcasecmp... (cached) yes
checking for strcasestr... yes
checking for strerror... yes
checking for strftime... yes
checking for strnlen... (cached) yes
checking for strpbrk... yes
checking for strstr... yes
checking for strtod... yes
checking for strtol... yes
checking for strtoul... yes
checking for strtoll... yes
checking for strtoull... yes
checking for strtoumax... yes
checking for dprintf... yes
checking for strdup... yes
checking for strlcpy... yes
checking for reallocarray... no
checking for libaudit.h... no
checking whether AUDIT_USER_TTY is declared... yes
checking whether confstr is declared... no
checking whether printf is declared... yes
checking whether brk is declared... yes
checking whether sbrk is declared... yes
checking whether setregid is declared... yes
checking whether strcpy is declared... yes
checking whether strsignal is declared... yes
checking for setresuid... yes
checking for setresgid... yes
checking whether strtold is declared... yes
checking for broken strtold... no
checking whether strtol is declared... yes
checking whether strtoll is declared... yes
checking whether strtoul is declared... yes
checking whether strtoull is declared... yes
checking whether strtoumax is declared... yes
checking for working mktime... no
checking for argz.h... no
checking for errno.h... yes
checking for fcntl.h... yes
checking for malloc.h... yes
checking for stdio_ext.h... yes
checking for working mmap... (cached) yes
checking for __argz_count... no
checking for __argz_next... no
checking for __argz_stringify... no
checking for dcgettext... no
checking for locale_charset... no
checking for mempcpy... (cached) yes
checking for munmap... (cached) yes
checking for mremap... yes
checking for stpcpy... (cached) yes
checking for strcspn... yes
checking for wctype.h... yes
checking for wchar.h... (cached) yes
checking for langinfo.h... yes
checking for mbstr.h... no
checking for mbrlen... yes
checking for mbscasecmp... no
checking for mbscmp... no
checking for mbsncmp... no
checking for mbsnrtowcs... (cached) no
checking for mbsrtowcs... yes
checking for mbschr... no
checking for wcrtomb... (cached) yes
checking for wcscoll... yes
checking for wcsdup... yes
checking for wcwidth... yes
checking for wctype... yes
checking for wcsnrtombs... yes
checking for wcswidth... yes
checking whether mbrtowc and mbstate_t are properly declared... (cached) yes
checking for iswlower... yes
checking for iswupper... yes
checking for towlower... yes
checking for towupper... yes
checking for iswctype... yes
checking for wchar_t in wchar.h... yes
checking for wctype_t in wctype.h... yes
checking for wint_t in wctype.h... yes
checking for wcwidth broken with unicode combining characters... no
checking size of wchar_t... 4
checking for dlopen in -ldl... yes
checking for dlopen... yes
checking for dlclose... yes
checking for dlsym... yes
checking type of array argument to getgroups... gid_t
checking for off_t... yes
checking for mode_t... yes
checking for uid_t... (cached) yes
checking for gid_t... (cached) yes
checking for pid_t... yes
checking for size_t... (cached) yes
checking for intptr_t... yes
checking for uintptr_t... yes
checking for ssize_t... yes
checking for time_t... yes
checking for long long int... (cached) yes
checking for unsigned long long int... (cached) yes
checking for sig_atomic_t in signal.h... yes
checking size of char... 1
checking size of short... 2
checking size of int... 4
checking size of long... 8
checking size of char *... 8
checking size of size_t... 8
checking size of double... 8
checking size of long long... 8
checking for bits16_t... no
checking for u_bits16_t... no
checking for bits32_t... no
checking for u_bits32_t... no
checking for bits64_t... no
checking for ptrdiff_t... (cached) yes
checking whether stat file-mode macros are broken... no
checking whether #! works in shell scripts... yes
checking whether strchrnul works... no
checking if dup2 fails to clear the close-on-exec flag... configure: WARNING: cannot check dup2 if cross compiling -- defaulting to no
no
checking whether pgrps need synchronization... configure: WARNING: cannot check pgrp synchronization if cross compiling -- defaulting to no
no
checking for type of signal functions... posix
checking for sys_errlist and sys_nerr... no
checking whether sys_siglist is declared... yes
checking for sys_siglist in system C library... (cached) yes
checking for _sys_siglist in signal.h or unistd.h... no
checking for _sys_siglist in system C library... configure: WARNING: cannot check for _sys_siglist if cross compiling -- defaulting to no
no
checking for clock_t... yes
checking for sigset_t... yes
checking for socklen_t... yes
checking for quad_t... no
checking for type of struct rlimit fields... rlim_t
checking for intmax_t... yes
checking for uintmax_t... yes
checking size of intmax_t... 8
checking for struct termios.c_line... yes
checking for struct termio.c_line... yes
checking for struct dirent.d_ino... yes
checking for struct dirent.d_fileno... yes
checking for struct dirent.d_namlen... no
checking for d_type member in directory struct... yes
checking for struct winsize in sys/ioctl.h and termios.h... sys/ioctl.h
checking for struct timeval in sys/time.h and time.h... yes
checking for struct stat.st_blocks... yes
checking whether struct tm is in sys/time.h or time.h... time.h
checking for struct tm.tm_zone... yes
checking for struct timezone in sys/time.h and time.h... yes
checking for offset of exit status in return status from wait... configure: WARNING: cannot check WEXITSTATUS offset if cross compiling -- defaulting to 0
0
checking for struct timespec in <time.h>... yes
checking for struct stat.st_atim.tv_nsec... yes
checking whether struct stat.st_atim is of type struct timespec... yes
checking for sbrk... yes
checking for working sbrk... configure: WARNING: cannot check working sbrk if cross-compiling
yes
checking for brk... no
checking for the existence of strsignal... yes
checking if opendir() opens non-directories... configure: WARNING: cannot check opendir if cross compiling -- defaulting to no
no
checking whether ulimit can substitute for getdtablesize... configure: WARNING: cannot check ulimit if cross compiling -- defaulting to no
no
checking whether fpurge is declared... yes
checking to see if getenv can be redefined... configure: WARNING: cannot check getenv redefinition if cross compiling -- defaulting to yes
yes
checking if getcwd() will dynamically allocate memory with 0 size... (cached) yes
checking for presence of POSIX-style sigsetjmp/siglongjmp... (cached) present
checking whether or not strcoll and strcmp differ... configure: WARNING: cannot check strcoll if cross compiling -- defaulting to no
no
checking for standard-conformant snprintf... configure: WARNING: cannot check standard snprintf if cross-compiling
yes
checking for standard-conformant vsnprintf... configure: WARNING: cannot check standard vsnprintf if cross-compiling
yes
checking for strtoimax... yes
checking whether strtoimax is declared... yes
checking whether clearerr_unlocked is declared... yes
checking whether feof_unlocked is declared... (cached) yes
checking whether ferror_unlocked is declared... yes
checking whether fflush_unlocked is declared... no
checking whether fgets_unlocked is declared... (cached) no
checking whether fputc_unlocked is declared... no
checking whether fputs_unlocked is declared... no
checking whether fread_unlocked is declared... no
checking whether fwrite_unlocked is declared... no
checking whether getc_unlocked is declared... (cached) yes
checking whether getchar_unlocked is declared... yes
checking whether putc_unlocked is declared... yes
checking whether putchar_unlocked is declared... yes
checking for standard-conformant putenv declaration... yes
checking for standard-conformant unsetenv declaration... yes
checking for printf floating point output in hex notation... configure: WARNING: cannot check printf if cross compiling -- defaulting to no
no
checking whether fnmatch can be used to check bracket equivalence classes... configure: WARNING: cannot check fnmatch if cross compiling -- defaulting to no
no
checking if signal handlers must be reinstalled when invoked... configure: WARNING: cannot check signal handling if cross compiling -- defaulting to no
no
checking for presence of necessary job control definitions... (cached) present
checking for presence of named pipes... configure: WARNING: cannot check for named pipes if cross-compiling -- defaulting to missing
missing
checking whether termios.h defines TIOCGWINSZ... yes
checking for TIOCSTAT in sys/ioctl.h... no
checking for FIONREAD in sys/ioctl.h... yes
checking whether WCONTINUED flag to waitpid is unavailable or available but broken... configure: WARNING: cannot check WCONTINUED if cross compiling -- defaulting to no
no
checking for speed_t in sys/types.h... no
checking whether getpw functions are declared in pwd.h... yes
checking for unusable real-time signals due to large values... (cached) no
checking for tgetent... no
checking for tgetent in -ltermcap... no
checking for tgetent in -ltinfo... no
checking for tgetent in -lcurses... no
checking for tgetent in -lncursesw... no
checking for tgetent in -lncurses... no
checking which library has the termcap functions... using gnutermcap
checking whether /dev/fd is available... (cached) whacky
checking whether /dev/stdin stdout stderr are available... present
checking for default mail directory... /var/mail
checking shared object configuration for loadable builtins... supported
configure: updating cache cross-build/android.cache
configure: creating ./config.status
config.status: creating Makefile
config.status: creating builtins/Makefile
config.status: creating lib/readline/Makefile
config.status: creating lib/glob/Makefile
config.status: creating lib/intl/Makefile
config.status: creating lib/malloc/Makefile
config.status: creating lib/sh/Makefile
config.status: creating lib/termcap/Makefile
config.status: creating lib/tilde/Makefile
config.status: creating doc/Makefile
config.status: creating support/Makefile
config.status: creating po/Makefile.in
config.status: creating examples/loadables/Makefile
config.status: creating examples/loadables/Makefile.inc
config.status: creating examples/loadables/Makefile.sample
config.status: creating examples/loadables/perl/Makefile
config.status: creating support/bash.pc
config.status: creating support/bashbug.sh
config.status: creating config.h
config.status: creating buildconf.h
config.status: executing po-directories commands
config.status: creating po/POTFILES
config.status: creating po/Makefile
config.status: executing stamp-h commands
+ sed -i -e 's/^#define HAVE_SETGRENT.*$/#undef HAVE_SETGRENT/' -e 's/^#define HAVE_GETGRENT.*$/#undef HAVE_GETGRENT/' -e 's/^#define HAVE_ENDGRENT.*$/#undef HAVE_ENDGRENT/' config.h
+ echo 'config.h group-function defines after patch:'
config.h group-function defines after patch:
+ grep -E 'HAVE_(SET|GET|END)GRENT' config.h
+ echo '(none -- already absent)'
(none -- already absent)
+ echo '=== EXIT CODE: 0 ==='
=== EXIT CODE: 0 ===
=== STAGE: compile | 2026-09-05T18:13:48Z ===
+ cd bash-src
++ nproc
+ make -j4
rm -f mksignames.o
rm -f buildsignames.o
gcc -DPROGRAM='"bash"' -DCONF_HOSTTYPE='"x86_64"' -DCONF_OSTYPE='"linux-android"' -DCONF_MACHTYPE='"x86_64-pc-linux-android"' -DCONF_VENDOR='"pc"' -DLOCALEDIR='"/usr/local/share/locale"' -DPACKAGE='"bash"' -DSHELL -DHAVE_CONFIG_H   -I.  -I. -I./include -I./lib    -g -DCROSS_COMPILING -DBUILDTOOL -c ./support/mksignames.c
make[1]: Entering directory '/home/runner/work/Bin-Box/Bin-Box/bash-src/builtins'
rm -f mkbuiltins.o
gcc -c  -DHAVE_CONFIG_H -DSHELL -I. -I..  -I.. -I../include -I../lib -I.     -g -DCROSS_COMPILING mkbuiltins.c
gcc -DPROGRAM='"bash"' -DCONF_HOSTTYPE='"x86_64"' -DCONF_OSTYPE='"linux-android"' -DCONF_MACHTYPE='"x86_64-pc-linux-android"' -DCONF_VENDOR='"pc"' -DLOCALEDIR='"/usr/local/share/locale"' -DPACKAGE='"bash"' -DSHELL -DHAVE_CONFIG_H   -I.  -I. -I./include -I./lib    -g -DCROSS_COMPILING -DBUILDTOOL -o buildsignames.o -c ./support/signames.c
rm -f unwind_prot.o
/opt/hostedtoolcache/ndk/r27d/x64/toolchains/llvm/prebuilt/linux-x86_64/bin/x86_64-linux-android24-clang  -DPROGRAM='"bash"' -DCONF_HOSTTYPE='"x86_64"' -DCONF_OSTYPE='"linux-android"' -DCONF_MACHTYPE='"x86_64-pc-linux-android"' -DCONF_VENDOR='"pc"' -DLOCALEDIR='"/usr/local/share/locale"' -DPACKAGE='"bash"' -DSHELL -DHAVE_CONFIG_H   -I.  -I. -I./include -I./lib     -D__ANDROID_API__=26 -c unwind_prot.c
In file included from <built-in>:399:
<command line>:10:9: warning: '__ANDROID_API__' macro redefined [-Wmacro-redefined]
   10 | #define __ANDROID_API__ 26
      |         ^
<built-in>:392:9: note: previous definition is here
  392 | #define __ANDROID_API__ __ANDROID_MIN_SDK_VERSION__
      |         ^
unwind_prot.c:232:14: warning: using the result of an assignment as a condition without parentheses [-Wparentheses]
  232 |   while (elt = unwind_protect_list)
      |          ~~~~^~~~~~~~~~~~~~~~~~~~~
unwind_prot.c:232:14: note: place parentheses around the assignment to silence this warning
  232 |   while (elt = unwind_protect_list)
      |              ^                    
      |          (                        )
unwind_prot.c:232:14: note: use '==' to turn this assignment into an equality comparison
  232 |   while (elt = unwind_protect_list)
      |              ^
      |              ==
unwind_prot.c:267:14: warning: using the result of an assignment as a condition without parentheses [-Wparentheses]
  267 |   while (elt = unwind_protect_list)
      |          ~~~~^~~~~~~~~~~~~~~~~~~~~
unwind_prot.c:267:14: note: place parentheses around the assignment to silence this warning
  267 |   while (elt = unwind_protect_list)
      |              ^                    
      |          (                        )
unwind_prot.c:267:14: note: use '==' to turn this assignment into an equality comparison
  267 |   while (elt = unwind_protect_list)
      |              ^
      |              ==
3 warnings generated.
rm -f pathexp.o
/opt/hostedtoolcache/ndk/r27d/x64/toolchains/llvm/prebuilt/linux-x86_64/bin/x86_64-linux-android24-clang  -DPROGRAM='"bash"' -DCONF_HOSTTYPE='"x86_64"' -DCONF_OSTYPE='"linux-android"' -DCONF_MACHTYPE='"x86_64-pc-linux-android"' -DCONF_VENDOR='"pc"' -DLOCALEDIR='"/usr/local/share/locale"' -DPACKAGE='"bash"' -DSHELL -DHAVE_CONFIG_H   -I.  -I. -I./include -I./lib     -D__ANDROID_API__=26 -c pathexp.c
In file included from <built-in>:399:
<command line>:10:9: warning: '__ANDROID_API__' macro redefined [-Wmacro-redefined]
   10 | #define __ANDROID_API__ 26
      |         ^
<built-in>:392:9: note: previous definition is here
  392 | #define __ANDROID_API__ __ANDROID_MIN_SDK_VERSION__
      |         ^
pathexp.c:77:12: warning: using the result of an assignment as a condition without parentheses [-Wparentheses]
   77 |   while (c = *string++)
      |          ~~^~~~~~~~~~~
pathexp.c:77:12: note: place parentheses around the assignment to silence this warning
   77 |   while (c = *string++)
      |            ^          
      |          (            )
pathexp.c:77:12: note: use '==' to turn this assignment into an equality comparison
   77 |   while (c = *string++)
      |            ^
      |            ==
pathexp.c:664:20: warning: using the result of an assignment as a condition without parentheses [-Wparentheses]
  664 |   while (colon_bit = split_ignorespec (this_ignoreval, &ptr))
      |          ~~~~~~~~~~^~~~~~~~~~~~~~~~~~~~~~~~~~~~~~~~~~~~~~~~~
pathexp.c:664:20: note: place parentheses around the assignment to silence this warning
  664 |   while (colon_bit = split_ignorespec (this_ignoreval, &ptr))
      |                    ^                                        
      |          (                                                  )
pathexp.c:664:20: note: use '==' to turn this assignment into an equality comparison
  664 |   while (colon_bit = split_ignorespec (this_ignoreval, &ptr))
      |                    ^
      |                    ==
3 warnings generated.
rm -f test.o
/opt/hostedtoolcache/ndk/r27d/x64/toolchains/llvm/prebuilt/linux-x86_64/bin/x86_64-linux-android24-clang  -DPROGRAM='"bash"' -DCONF_HOSTTYPE='"x86_64"' -DCONF_OSTYPE='"linux-android"' -DCONF_MACHTYPE='"x86_64-pc-linux-android"' -DCONF_VENDOR='"pc"' -DLOCALEDIR='"/usr/local/share/locale"' -DPACKAGE='"bash"' -DSHELL -DHAVE_CONFIG_H   -I.  -I. -I./include -I./lib     -D__ANDROID_API__=26 -c test.c
In file included from <built-in>:399:
<command line>:10:9: warning: '__ANDROID_API__' macro redefined [-Wmacro-redefined]
   10 | #define __ANDROID_API__ 26
      |         ^
<built-in>:392:9: note: previous definition is here
  392 | #define __ANDROID_API__ __ANDROID_MIN_SDK_VERSION__
      |         ^
test.c:156:22: warning: passing 'const char *' to parameter of type 'char *' discards qualifiers [-Wincompatible-pointer-types-discards-qualifiers]
  156 |   test_syntax_error (_("argument expected"), (char *)NULL);
      |                      ^~~~~~~~~~~~~~~~~~~~~~
./bashintl.h:36:18: note: expanded from macro '_'
   36 | #define _(msgid)        gettext(msgid)
      |                         ^~~~~~~~~~~~~~
./include/gettext.h:46:25: note: expanded from macro 'gettext'
   46 | # define gettext(Msgid) ((const char *) (Msgid))
      |                         ^~~~~~~~~~~~~~~~~~~~~~~~
test.c:143:26: note: passing argument to parameter 'format' here
  143 | test_syntax_error (char *format, char *arg)
      |                          ^
test.c:164:22: warning: passing 'const char *' to parameter of type 'char *' discards qualifiers [-Wincompatible-pointer-types-discards-qualifiers]
  164 |   test_syntax_error (_("%s: integer expected"), pch);
      |                      ^~~~~~~~~~~~~~~~~~~~~~~~~
./bashintl.h:36:18: note: expanded from macro '_'
   36 | #define _(msgid)        gettext(msgid)
      |                         ^~~~~~~~~~~~~~
./include/gettext.h:46:25: note: expanded from macro 'gettext'
   46 | # define gettext(Msgid) ((const char *) (Msgid))
      |                         ^~~~~~~~~~~~~~~~~~~~~~~~
test.c:143:26: note: passing argument to parameter 'format' here
  143 | test_syntax_error (char *format, char *arg)
      |                          ^
test.c:292:21: warning: passing 'const char *' to parameter of type 'char *' discards qualifiers [-Wincompatible-pointer-types-discards-qualifiers]
  292 |         test_syntax_error (_("`)' expected"), (char *)NULL);
      |                            ^~~~~~~~~~~~~~~~~
./bashintl.h:36:18: note: expanded from macro '_'
   36 | #define _(msgid)        gettext(msgid)
      |                         ^~~~~~~~~~~~~~
./include/gettext.h:46:25: note: expanded from macro 'gettext'
   46 | # define gettext(Msgid) ((const char *) (Msgid))
      |                         ^~~~~~~~~~~~~~~~~~~~~~~~
test.c:143:26: note: passing argument to parameter 'format' here
  143 | test_syntax_error (char *format, char *arg)
      |                          ^
test.c:294:21: warning: passing 'const char *' to parameter of type 'char *' discards qualifiers [-Wincompatible-pointer-types-discards-qualifiers]
  294 |         test_syntax_error (_("`)' expected, found %s"), argv[pos]);
      |                            ^~~~~~~~~~~~~~~~~~~~~~~~~~~
./bashintl.h:36:18: note: expanded from macro '_'
   36 | #define _(msgid)        gettext(msgid)
      |                         ^~~~~~~~~~~~~~
./include/gettext.h:46:25: note: expanded from macro 'gettext'
   46 | # define gettext(Msgid) ((const char *) (Msgid))
      |                         ^~~~~~~~~~~~~~~~~~~~~~~~
test.c:143:26: note: passing argument to parameter 'format' here
  143 | test_syntax_error (char *format, char *arg)
      |                          ^
test.c:488:26: warning: passing 'const char *' to parameter of type 'char *' discards qualifiers [-Wincompatible-pointer-types-discards-qualifiers]
  488 |       test_syntax_error (_("%s: binary operator expected"), w);
      |                          ^~~~~~~~~~~~~~~~~~~~~~~~~~~~~~~~~
./bashintl.h:36:18: note: expanded from macro '_'
   36 | #define _(msgid)        gettext(msgid)
      |                         ^~~~~~~~~~~~~~
./include/gettext.h:46:25: note: expanded from macro 'gettext'
   46 | # define gettext(Msgid) ((const char *) (Msgid))
      |                         ^~~~~~~~~~~~~~~~~~~~~~~~
test.c:143:26: note: passing argument to parameter 'format' here
  143 | test_syntax_error (char *format, char *arg)
      |                          ^
test.c:792:21: warning: passing 'const char *' to parameter of type 'char *' discards qualifiers [-Wincompatible-pointer-types-discards-qualifiers]
  792 |         test_syntax_error (_("%s: unary operator expected"), argv[pos]);
      |                            ^~~~~~~~~~~~~~~~~~~~~~~~~~~~~~~~
./bashintl.h:36:18: note: expanded from macro '_'
   36 | #define _(msgid)        gettext(msgid)
      |                         ^~~~~~~~~~~~~~
./include/gettext.h:46:25: note: expanded from macro 'gettext'
   46 | # define gettext(Msgid) ((const char *) (Msgid))
      |                         ^~~~~~~~~~~~~~~~~~~~~~~~
test.c:143:26: note: passing argument to parameter 'format' here
  143 | test_syntax_error (char *format, char *arg)
      |                          ^
test.c:795:24: warning: passing 'const char *' to parameter of type 'char *' discards qualifiers [-Wincompatible-pointer-types-discards-qualifiers]
  795 |     test_syntax_error (_("%s: unary operator expected"), argv[pos]);
      |                        ^~~~~~~~~~~~~~~~~~~~~~~~~~~~~~~~
./bashintl.h:36:18: note: expanded from macro '_'
   36 | #define _(msgid)        gettext(msgid)
      |                         ^~~~~~~~~~~~~~
./include/gettext.h:46:25: note: expanded from macro 'gettext'
   46 | # define gettext(Msgid) ((const char *) (Msgid))
      |                         ^~~~~~~~~~~~~~~~~~~~~~~~
test.c:143:26: note: passing argument to parameter 'format' here
  143 | test_syntax_error (char *format, char *arg)
      |                          ^
test.c:831:24: warning: passing 'const char *' to parameter of type 'char *' discards qualifiers [-Wincompatible-pointer-types-discards-qualifiers]
  831 |     test_syntax_error (_("%s: binary operator expected"), argv[pos+1]);
      |                        ^~~~~~~~~~~~~~~~~~~~~~~~~~~~~~~~~
./bashintl.h:36:18: note: expanded from macro '_'
   36 | #define _(msgid)        gettext(msgid)
      |                         ^~~~~~~~~~~~~~
./include/gettext.h:46:25: note: expanded from macro 'gettext'
   46 | # define gettext(Msgid) ((const char *) (Msgid))
      |                         ^~~~~~~~~~~~~~~~~~~~~~~~
test.c:143:26: note: passing argument to parameter 'format' here
  143 | test_syntax_error (char *format, char *arg)
      |                          ^
test.c:926:21: warning: passing 'const char *' to parameter of type 'char *' discards qualifiers [-Wincompatible-pointer-types-discards-qualifiers]
  926 |         test_syntax_error (_("missing `]'"), (char *)NULL);
      |                            ^~~~~~~~~~~~~~~~
./bashintl.h:36:18: note: expanded from macro '_'
   36 | #define _(msgid)        gettext(msgid)
      |                         ^~~~~~~~~~~~~~
./include/gettext.h:46:25: note: expanded from macro 'gettext'
   46 | # define gettext(Msgid) ((const char *) (Msgid))
      |                         ^~~~~~~~~~~~~~~~~~~~~~~~
test.c:143:26: note: passing argument to parameter 'format' here
  143 | test_syntax_error (char *format, char *arg)
      |                          ^
test.c:944:21: warning: passing 'const char *' to parameter of type 'char *' discards qualifiers [-Wincompatible-pointer-types-discards-qualifiers]
  944 |         test_syntax_error (_("syntax error: `%s' unexpected"), argv[pos]);
      |                            ^~~~~~~~~~~~~~~~~~~~~~~~~~~~~~~~~~
./bashintl.h:36:18: note: expanded from macro '_'
   36 | #define _(msgid)        gettext(msgid)
      |                         ^~~~~~~~~~~~~~
./include/gettext.h:46:25: note: expanded from macro 'gettext'
   46 | # define gettext(Msgid) ((const char *) (Msgid))
      |                         ^~~~~~~~~~~~~~~~~~~~~~~~
test.c:143:26: note: passing argument to parameter 'format' here
  143 | test_syntax_error (char *format, char *arg)
      |                          ^
test.c:946:21: warning: passing 'const char *' to parameter of type 'char *' discards qualifiers [-Wincompatible-pointer-types-discards-qualifiers]
  946 |         test_syntax_error (_("too many arguments"), (char *)NULL);
      |                            ^~~~~~~~~~~~~~~~~~~~~~~
./bashintl.h:36:18: note: expanded from macro '_'
   36 | #define _(msgid)        gettext(msgid)
      |                         ^~~~~~~~~~~~~~
./include/gettext.h:46:25: note: expanded from macro 'gettext'
   46 | # define gettext(Msgid) ((const char *) (Msgid))
      |                         ^~~~~~~~~~~~~~~~~~~~~~~~
test.c:143:26: note: passing argument to parameter 'format' here
  143 | test_syntax_error (char *format, char *arg)
      |                          ^
12 warnings generated.
rm -f mksyntax
gcc -DPROGRAM='"bash"' -DCONF_HOSTTYPE='"x86_64"' -DCONF_OSTYPE='"linux-android"' -DCONF_MACHTYPE='"x86_64-pc-linux-android"' -DCONF_VENDOR='"pc"' -DLOCALEDIR='"/usr/local/share/locale"' -DPACKAGE='"bash"' -DSHELL -DHAVE_CONFIG_H   -I.  -I. -I./include -I./lib    -g -DCROSS_COMPILING -rdynamic -g -DCROSS_COMPILING -o mksyntax ./mksyntax.c 
rm -f alias.o
/opt/hostedtoolcache/ndk/r27d/x64/toolchains/llvm/prebuilt/linux-x86_64/bin/x86_64-linux-android24-clang  -DPROGRAM='"bash"' -DCONF_HOSTTYPE='"x86_64"' -DCONF_OSTYPE='"linux-android"' -DCONF_MACHTYPE='"x86_64-pc-linux-android"' -DCONF_VENDOR='"pc"' -DLOCALEDIR='"/usr/local/share/locale"' -DPACKAGE='"bash"' -DSHELL -DHAVE_CONFIG_H   -I.  -I. -I./include -I./lib     -D__ANDROID_API__=26 -c alias.c
rm -f array.o
/opt/hostedtoolcache/ndk/r27d/x64/toolchains/llvm/prebuilt/linux-x86_64/bin/x86_64-linux-android24-clang  -DPROGRAM='"bash"' -DCONF_HOSTTYPE='"x86_64"' -DCONF_OSTYPE='"linux-android"' -DCONF_MACHTYPE='"x86_64-pc-linux-android"' -DCONF_VENDOR='"pc"' -DLOCALEDIR='"/usr/local/share/locale"' -DPACKAGE='"bash"' -DSHELL -DHAVE_CONFIG_H   -I.  -I. -I./include -I./lib     -D__ANDROID_API__=26 -c array.c
In file included from <built-in>:399:
<command line>:10:9: warning: '__ANDROID_API__' macro redefined [-Wmacro-redefined]
   10 | #define __ANDROID_API__ 26
      |         ^
<built-in>:392:9: note: previous definition is here
  392 | #define __ANDROID_API__ __ANDROID_MIN_SDK_VERSION__
      |         ^
In file included from <built-in>:399:
<command line>:10:9: warning: '__ANDROID_API__' macro redefined [-Wmacro-redefined]
   10 | #define __ANDROID_API__ 26
      |         ^
<built-in>:392:9: note: previous definition is here
  392 | #define __ANDROID_API__ __ANDROID_MIN_SDK_VERSION__
      |         ^
1 warning generated.
gcc -rdynamic -g -DCROSS_COMPILING -o mkbuiltins mkbuiltins.o 
rm -f arrayfunc.o
/opt/hostedtoolcache/ndk/r27d/x64/toolchains/llvm/prebuilt/linux-x86_64/bin/x86_64-linux-android24-clang  -DPROGRAM='"bash"' -DCONF_HOSTTYPE='"x86_64"' -DCONF_OSTYPE='"linux-android"' -DCONF_MACHTYPE='"x86_64-pc-linux-android"' -DCONF_VENDOR='"pc"' -DLOCALEDIR='"/usr/local/share/locale"' -DPACKAGE='"bash"' -DSHELL -DHAVE_CONFIG_H   -I.  -I. -I./include -I./lib     -D__ANDROID_API__=26 -c arrayfunc.c
1 warning generated.
rm -f assoc.o
/opt/hostedtoolcache/ndk/r27d/x64/toolchains/llvm/prebuilt/linux-x86_64/bin/x86_64-linux-android24-clang  -DPROGRAM='"bash"' -DCONF_HOSTTYPE='"x86_64"' -DCONF_OSTYPE='"linux-android"' -DCONF_MACHTYPE='"x86_64-pc-linux-android"' -DCONF_VENDOR='"pc"' -DLOCALEDIR='"/usr/local/share/locale"' -DPACKAGE='"bash"' -DSHELL -DHAVE_CONFIG_H   -I.  -I. -I./include -I./lib     -D__ANDROID_API__=26 -c assoc.c
In file included from <built-in>:399:
<command line>:10:9: warning: '__ANDROID_API__' macro redefined [-Wmacro-redefined]
   10 | #define __ANDROID_API__ 26
      |         ^
<built-in>:392:9: note: previous definition is here
  392 | #define __ANDROID_API__ __ANDROID_MIN_SDK_VERSION__
      |         ^
In file included from <built-in>:399:
<command line>:10:9: warning: '__ANDROID_API__' macro redefined [-Wmacro-redefined]
   10 | #define __ANDROID_API__ 26
      |         ^
<built-in>:392:9: note: previous definition is here
  392 | #define __ANDROID_API__ __ANDROID_MIN_SDK_VERSION__
      |         ^
1 warning generated.
rm -f braces.o
/opt/hostedtoolcache/ndk/r27d/x64/toolchains/llvm/prebuilt/linux-x86_64/bin/x86_64-linux-android24-clang  -DPROGRAM='"bash"' -DCONF_HOSTTYPE='"x86_64"' -DCONF_OSTYPE='"linux-android"' -DCONF_MACHTYPE='"x86_64-pc-linux-android"' -DCONF_VENDOR='"pc"' -DLOCALEDIR='"/usr/local/share/locale"' -DPACKAGE='"bash"' -DSHELL -DHAVE_CONFIG_H   -I.  -I. -I./include -I./lib     -D__ANDROID_API__=26 -c braces.c
1 warning generated.
rm -f bracecomp.o
/opt/hostedtoolcache/ndk/r27d/x64/toolchains/llvm/prebuilt/linux-x86_64/bin/x86_64-linux-android24-clang  -DPROGRAM='"bash"' -DCONF_HOSTTYPE='"x86_64"' -DCONF_OSTYPE='"linux-android"' -DCONF_MACHTYPE='"x86_64-pc-linux-android"' -DCONF_VENDOR='"pc"' -DLOCALEDIR='"/usr/local/share/locale"' -DPACKAGE='"bash"' -DSHELL -DHAVE_CONFIG_H   -I.  -I. -I./include -I./lib     -D__ANDROID_API__=26 -c bracecomp.c
In file included from <built-in>:399:
<command line>:10:9: warning: '__ANDROID_API__' macro redefined [-Wmacro-redefined]
   10 | #define __ANDROID_API__ 26
      |         ^
<built-in>:392:9: note: previous definition is here
  392 | #define __ANDROID_API__ __ANDROID_MIN_SDK_VERSION__
      |         ^
In file included from <built-in>:399:
<command line>:10:9: warning: '__ANDROID_API__' macro redefined [-Wmacro-redefined]
   10 | #define __ANDROID_API__ 26
      |         ^
<built-in>:392:9: note: previous definition is here
  392 | #define __ANDROID_API__ __ANDROID_MIN_SDK_VERSION__
      |         ^
braces.c:445:10: warning: using the result of an assignment as a condition without parentheses [-Wparentheses]
  445 |           if (t = (char *)malloc (2))
      |               ~~^~~~~~~~~~~~~~~~~~~~
braces.c:445:10: note: place parentheses around the assignment to silence this warning
  445 |           if (t = (char *)malloc (2))
      |                 ^                   
      |               (                     )
braces.c:445:10: note: use '==' to turn this assignment into an equality comparison
  445 |           if (t = (char *)malloc (2))
      |                 ^
      |                 ==
braces.c:656:12: warning: using the result of an assignment as a condition without parentheses [-Wparentheses]
  656 |   while (c = text[i])
      |          ~~^~~~~~~~~
braces.c:656:12: note: place parentheses around the assignment to silence this warning
  656 |   while (c = text[i])
      |            ^        
      |          (          )
braces.c:656:12: note: use '==' to turn this assignment into an equality comparison
  656 |   while (c = text[i])
      |            ^
      |            ==
1 warning generated.
rm -f bashhist.o
/opt/hostedtoolcache/ndk/r27d/x64/toolchains/llvm/prebuilt/linux-x86_64/bin/x86_64-linux-android24-clang  -DPROGRAM='"bash"' -DCONF_HOSTTYPE='"x86_64"' -DCONF_OSTYPE='"linux-android"' -DCONF_MACHTYPE='"x86_64-pc-linux-android"' -DCONF_VENDOR='"pc"' -DLOCALEDIR='"/usr/local/share/locale"' -DPACKAGE='"bash"' -DSHELL -DHAVE_CONFIG_H   -I.  -I. -I./include -I./lib     -D__ANDROID_API__=26 -c bashhist.c
3 warnings generated.
rm -f list.o
/opt/hostedtoolcache/ndk/r27d/x64/toolchains/llvm/prebuilt/linux-x86_64/bin/x86_64-linux-android24-clang  -DPROGRAM='"bash"' -DCONF_HOSTTYPE='"x86_64"' -DCONF_OSTYPE='"linux-android"' -DCONF_MACHTYPE='"x86_64-pc-linux-android"' -DCONF_VENDOR='"pc"' -DLOCALEDIR='"/usr/local/share/locale"' -DPACKAGE='"bash"' -DSHELL -DHAVE_CONFIG_H   -I.  -I. -I./include -I./lib     -D__ANDROID_API__=26 -c list.c
In file included from <built-in>:399:
<command line>:10:9: warning: '__ANDROID_API__' macro redefined [-Wmacro-redefined]
   10 | #define __ANDROID_API__ 26
      |         ^
<built-in>:392:9: note: previous definition is here
  392 | #define __ANDROID_API__ __ANDROID_MIN_SDK_VERSION__
      |         ^
In file included from <built-in>:399:
<command line>:10:9: warning: '__ANDROID_API__' macro redefined [-Wmacro-redefined]
   10 | #define __ANDROID_API__ 26
      |         ^
<built-in>:392:9: note: previous definition is here
  392 | #define __ANDROID_API__ __ANDROID_MIN_SDK_VERSION__
      |         ^
bashhist.c:732:15: warning: using the result of an assignment as a condition without parentheses [-Wparentheses]
  732 |   while (temp = previous_history ())
      |          ~~~~~^~~~~~~~~~~~~~~~~~~~~
bashhist.c:732:15: note: place parentheses around the assignment to silence this warning
  732 |   while (temp = previous_history ())
      |               ^                    
      |          (                         )
bashhist.c:732:15: note: use '==' to turn this assignment into an equality comparison
  732 |   while (temp = previous_history ())
      |               ^
      |               ==
1 warning generated.
rm -f stringlib.o
/opt/hostedtoolcache/ndk/r27d/x64/toolchains/llvm/prebuilt/linux-x86_64/bin/x86_64-linux-android24-clang  -DPROGRAM='"bash"' -DCONF_HOSTTYPE='"x86_64"' -DCONF_OSTYPE='"linux-android"' -DCONF_MACHTYPE='"x86_64-pc-linux-android"' -DCONF_VENDOR='"pc"' -DLOCALEDIR='"/usr/local/share/locale"' -DPACKAGE='"bash"' -DSHELL -DHAVE_CONFIG_H   -I.  -I. -I./include -I./lib     -D__ANDROID_API__=26 -c stringlib.c
2 warnings generated.
rm -f locale.o
/opt/hostedtoolcache/ndk/r27d/x64/toolchains/llvm/prebuilt/linux-x86_64/bin/x86_64-linux-android24-clang  -DPROGRAM='"bash"' -DCONF_HOSTTYPE='"x86_64"' -DCONF_OSTYPE='"linux-android"' -DCONF_MACHTYPE='"x86_64-pc-linux-android"' -DCONF_VENDOR='"pc"' -DLOCALEDIR='"/usr/local/share/locale"' -DPACKAGE='"bash"' -DSHELL -DHAVE_CONFIG_H   -I.  -I. -I./include -I./lib     -D__ANDROID_API__=26 -c locale.c
In file included from <built-in>:399:
<command line>:10:9: warning: '__ANDROID_API__' macro redefined [-Wmacro-redefined]
   10 | #define __ANDROID_API__ 26
      |         ^
<built-in>:392:9: note: previous definition is here
  392 | #define __ANDROID_API__ __ANDROID_MIN_SDK_VERSION__
      |         ^
In file included from <built-in>:399:
<command line>:10:9: warning: '__ANDROID_API__' macro redefined [-Wmacro-redefined]
   10 | #define __ANDROID_API__ 26
      |         ^
<built-in>:392:9: note: previous definition is here
  392 | #define __ANDROID_API__ __ANDROID_MIN_SDK_VERSION__
      |         ^
1 warning generated.
rm -f findcmd.o
/opt/hostedtoolcache/ndk/r27d/x64/toolchains/llvm/prebuilt/linux-x86_64/bin/x86_64-linux-android24-clang  -DPROGRAM='"bash"' -DCONF_HOSTTYPE='"x86_64"' -DCONF_OSTYPE='"linux-android"' -DCONF_MACHTYPE='"x86_64-pc-linux-android"' -DCONF_VENDOR='"pc"' -DLOCALEDIR='"/usr/local/share/locale"' -DPACKAGE='"bash"' -DSHELL -DHAVE_CONFIG_H   -I.  -I. -I./include -I./lib     -D__ANDROID_API__=26 -c findcmd.c
locale.c:458:16: warning: assigning to 'char *' from 'const char *' discards qualifiers [-Wincompatible-pointer-types-discards-qualifiers]
  458 |     translated = dgettext (default_domain, string);
      |                ^ ~~~~~~~~~~~~~~~~~~~~~~~~~~~~~~~~~
2 warnings generated.
In file included from <built-in>:399:
<command line>:10:9: warning: '__ANDROID_API__' macro redefined [-Wmacro-redefined]
   10 | #define __ANDROID_API__ 26
      |         ^
<built-in>:392:9: note: previous definition is here
  392 | #define __ANDROID_API__ __ANDROID_MIN_SDK_VERSION__
      |         ^
rm -f pcomplib.o
/opt/hostedtoolcache/ndk/r27d/x64/toolchains/llvm/prebuilt/linux-x86_64/bin/x86_64-linux-android24-clang  -DPROGRAM='"bash"' -DCONF_HOSTTYPE='"x86_64"' -DCONF_OSTYPE='"linux-android"' -DCONF_MACHTYPE='"x86_64-pc-linux-android"' -DCONF_VENDOR='"pc"' -DLOCALEDIR='"/usr/local/share/locale"' -DPACKAGE='"bash"' -DSHELL -DHAVE_CONFIG_H   -I.  -I. -I./include -I./lib     -D__ANDROID_API__=26 -c pcomplib.c
In file included from <built-in>:399:
<command line>:10:9: warning: '__ANDROID_API__' macro redefined [-Wmacro-redefined]
   10 | #define __ANDROID_API__ 26
      |         ^
<built-in>:392:9: note: previous definition is here
  392 | #define __ANDROID_API__ __ANDROID_MIN_SDK_VERSION__
      |         ^
1 warning generated.
rm -f xmalloc.o
/opt/hostedtoolcache/ndk/r27d/x64/toolchains/llvm/prebuilt/linux-x86_64/bin/x86_64-linux-android24-clang  -DPROGRAM='"bash"' -DCONF_HOSTTYPE='"x86_64"' -DCONF_OSTYPE='"linux-android"' -DCONF_MACHTYPE='"x86_64-pc-linux-android"' -DCONF_VENDOR='"pc"' -DLOCALEDIR='"/usr/local/share/locale"' -DPACKAGE='"bash"' -DSHELL -DHAVE_CONFIG_H   -I.  -I. -I./include -I./lib     -D__ANDROID_API__=26 -c xmalloc.c
1 warning generated.
rm -f signames.o
In file included from <built-in>:399:
<command line>:10:9: warning: '__ANDROID_API__' macro redefined [-Wmacro-redefined]
   10 | #define __ANDROID_API__ 26
      |         ^
<built-in>:392:9: note: previous definition is here
  392 | #define __ANDROID_API__ __ANDROID_MIN_SDK_VERSION__
      |         ^
/opt/hostedtoolcache/ndk/r27d/x64/toolchains/llvm/prebuilt/linux-x86_64/bin/x86_64-linux-android24-clang  -DPROGRAM='"bash"' -DCONF_HOSTTYPE='"x86_64"' -DCONF_OSTYPE='"linux-android"' -DCONF_MACHTYPE='"x86_64-pc-linux-android"' -DCONF_VENDOR='"pc"' -DLOCALEDIR='"/usr/local/share/locale"' -DPACKAGE='"bash"' -DSHELL -DHAVE_CONFIG_H   -I.  -I. -I./include -I./lib     -D__ANDROID_API__=26 -c ./support/signames.c
1 warning generated.
In file included from <built-in>:399:
<command line>:10:9: warning: '__ANDROID_API__' macro redefined [-Wmacro-redefined]
   10 | #define __ANDROID_API__ 26
      |         ^
<built-in>:392:9: note: previous definition is here
  392 | #define __ANDROID_API__ __ANDROID_MIN_SDK_VERSION__
      |         ^
make[1]: Entering directory '/home/runner/work/Bin-Box/Bin-Box/bash-src/support'
rm -f man2html.o
gcc -c  -DHAVE_CONFIG_H -DSHELL -I/home/runner/work/Bin-Box/Bin-Box/bash-src -I..    -g man2html.c
1 warning generated.
rm -f shell.o
/opt/hostedtoolcache/ndk/r27d/x64/toolchains/llvm/prebuilt/linux-x86_64/bin/x86_64-linux-android24-clang  -DPROGRAM='"bash"' -DCONF_HOSTTYPE='"x86_64"' -DCONF_OSTYPE='"linux-android"' -DCONF_MACHTYPE='"x86_64-pc-linux-android"' -DCONF_VENDOR='"pc"' -DLOCALEDIR='"/usr/local/share/locale"' -DPACKAGE='"bash"' -DSHELL -DHAVE_CONFIG_H   -I.  -I. -I./include -I./lib     -D__ANDROID_API__=26 -c shell.c
In file included from <built-in>:399:
<command line>:10:9: warning: '__ANDROID_API__' macro redefined [-Wmacro-redefined]
   10 | #define __ANDROID_API__ 26
      |         ^
<built-in>:392:9: note: previous definition is here
  392 | #define __ANDROID_API__ __ANDROID_MIN_SDK_VERSION__
      |         ^
shell.c:915:28: warning: using the result of an assignment as a condition without parentheses [-Wparentheses]
  915 |       while (arg_character = arg_string[i++])
      |              ~~~~~~~~~~~~~~^~~~~~~~~~~~~~~~~
shell.c:915:28: note: place parentheses around the assignment to silence this warning
  915 |       while (arg_character = arg_string[i++])
      |                            ^                
      |              (                              )
shell.c:915:28: note: use '==' to turn this assignment into an equality comparison
  915 |       while (arg_character = arg_string[i++])
      |                            ^
      |                            ==
shell.c:1899:27: warning: assigning to 'char *' from 'const char *' discards qualifiers [-Wincompatible-pointer-types-discards-qualifiers]
 1899 |           current_user.user_name = _("I have no name!");
      |                                  ^ ~~~~~~~~~~~~~~~~~~~~
3 warnings generated.
rm -f eval.o
/opt/hostedtoolcache/ndk/r27d/x64/toolchains/llvm/prebuilt/linux-x86_64/bin/x86_64-linux-android24-clang  -DPROGRAM='"bash"' -DCONF_HOSTTYPE='"x86_64"' -DCONF_OSTYPE='"linux-android"' -DCONF_MACHTYPE='"x86_64-pc-linux-android"' -DCONF_VENDOR='"pc"' -DLOCALEDIR='"/usr/local/share/locale"' -DPACKAGE='"bash"' -DSHELL -DHAVE_CONFIG_H   -I.  -I. -I./include -I./lib     -D__ANDROID_API__=26 -c eval.c
In file included from <built-in>:399:
<command line>:10:9: warning: '__ANDROID_API__' macro redefined [-Wmacro-redefined]
   10 | #define __ANDROID_API__ 26
      |         ^
<built-in>:392:9: note: previous definition is here
  392 | #define __ANDROID_API__ __ANDROID_MIN_SDK_VERSION__
      |         ^
eval.c:155:29: warning: using the result of an assignment as a condition without parentheses [-Wparentheses]
  155 |           else if (current_command = global_command)
      |                    ~~~~~~~~~~~~~~~~^~~~~~~~~~~~~~~~
eval.c:155:29: note: place parentheses around the assignment to silence this warning
  155 |           else if (current_command = global_command)
      |                                    ^               
      |                    (                               )
eval.c:155:29: note: use '==' to turn this assignment into an equality comparison
  155 |           else if (current_command = global_command)
      |                                    ^
      |                                    ==
eval.c:260:7: warning: assigning to 'char *' from 'const char *' discards qualifiers [-Wincompatible-pointer-types-discards-qualifiers]
  260 |   msg = _("\007timed out waiting for input: auto-logout\n");
      |       ^ ~~~~~~~~~~~~~~~~~~~~~~~~~~~~~~~~~~~~~~~~~~~~~~~~~~~
3 warnings generated.
rm -f general.o
/opt/hostedtoolcache/ndk/r27d/x64/toolchains/llvm/prebuilt/linux-x86_64/bin/x86_64-linux-android24-clang  -DPROGRAM='"bash"' -DCONF_HOSTTYPE='"x86_64"' -DCONF_OSTYPE='"linux-android"' -DCONF_MACHTYPE='"x86_64-pc-linux-android"' -DCONF_VENDOR='"pc"' -DLOCALEDIR='"/usr/local/share/locale"' -DPACKAGE='"bash"' -DSHELL -DHAVE_CONFIG_H   -I.  -I. -I./include -I./lib     -D__ANDROID_API__=26 -c general.c
In file included from <built-in>:399:
<command line>:10:9: warning: '__ANDROID_API__' macro redefined [-Wmacro-redefined]
   10 | #define __ANDROID_API__ 26
      |         ^
<built-in>:392:9: note: previous definition is here
  392 | #define __ANDROID_API__ __ANDROID_MIN_SDK_VERSION__
      |         ^
rm -f make_cmd.o
/opt/hostedtoolcache/ndk/r27d/x64/toolchains/llvm/prebuilt/linux-x86_64/bin/x86_64-linux-android24-clang  -DPROGRAM='"bash"' -DCONF_HOSTTYPE='"x86_64"' -DCONF_OSTYPE='"linux-android"' -DCONF_MACHTYPE='"x86_64-pc-linux-android"' -DCONF_VENDOR='"pc"' -DLOCALEDIR='"/usr/local/share/locale"' -DPACKAGE='"bash"' -DSHELL -DHAVE_CONFIG_H   -I.  -I. -I./include -I./lib     -D__ANDROID_API__=26 -c make_cmd.c
make[1]: Leaving directory '/home/runner/work/Bin-Box/Bin-Box/bash-src/builtins'
rm -f print_cmd.o
/opt/hostedtoolcache/ndk/r27d/x64/toolchains/llvm/prebuilt/linux-x86_64/bin/x86_64-linux-android24-clang  -DPROGRAM='"bash"' -DCONF_HOSTTYPE='"x86_64"' -DCONF_OSTYPE='"linux-android"' -DCONF_MACHTYPE='"x86_64-pc-linux-android"' -DCONF_VENDOR='"pc"' -DLOCALEDIR='"/usr/local/share/locale"' -DPACKAGE='"bash"' -DSHELL -DHAVE_CONFIG_H   -I.  -I. -I./include -I./lib     -D__ANDROID_API__=26 -c print_cmd.c
In file included from <built-in>:399:
<command line>:10:9: warning: '__ANDROID_API__' macro redefined [-Wmacro-redefined]
   10 | #define __ANDROID_API__ 26
      |         ^
<built-in>:392:9: note: previous definition is here
  392 | #define __ANDROID_API__ __ANDROID_MIN_SDK_VERSION__
      |         ^
general.c:504:12: warning: using the result of an assignment as a condition without parentheses [-Wparentheses]
  504 |   while (c = string[indx])
      |          ~~^~~~~~~~~~~~~~
general.c:504:12: note: place parentheses around the assignment to silence this warning
  504 |   while (c = string[indx])
      |            ^             
      |          (               )
general.c:504:12: note: use '==' to turn this assignment into an equality comparison
  504 |   while (c = string[indx])
      |            ^
      |            ==
In file included from <built-in>:399:
<command line>:10:9: warning: '__ANDROID_API__' macro redefined [-Wmacro-redefined]
   10 | #define __ANDROID_API__ 26
      |         ^
<built-in>:392:9: note: previous definition is here
  392 | #define __ANDROID_API__ __ANDROID_MIN_SDK_VERSION__
      |         ^
2 warnings generated.
rm -f dispose_cmd.o
/opt/hostedtoolcache/ndk/r27d/x64/toolchains/llvm/prebuilt/linux-x86_64/bin/x86_64-linux-android24-clang  -DPROGRAM='"bash"' -DCONF_HOSTTYPE='"x86_64"' -DCONF_OSTYPE='"linux-android"' -DCONF_MACHTYPE='"x86_64-pc-linux-android"' -DCONF_VENDOR='"pc"' -DLOCALEDIR='"/usr/local/share/locale"' -DPACKAGE='"bash"' -DSHELL -DHAVE_CONFIG_H   -I.  -I. -I./include -I./lib     -D__ANDROID_API__=26 -c dispose_cmd.c
make_cmd.c:569:20: warning: using the result of an assignment as a condition without parentheses [-Wparentheses]
  569 |   while (full_line = read_secondary_line (delim_unquoted))
      |          ~~~~~~~~~~^~~~~~~~~~~~~~~~~~~~~~~~~~~~~~~~~~~~~~
make_cmd.c:569:20: note: place parentheses around the assignment to silence this warning
  569 |   while (full_line = read_secondary_line (delim_unquoted))
      |                    ^                                     
      |          (                                               )
make_cmd.c:569:20: note: use '==' to turn this assignment into an equality comparison
  569 |   while (full_line = read_secondary_line (delim_unquoted))
      |                    ^
      |                    ==
In file included from <built-in>:399:
<command line>:10:9: warning: '__ANDROID_API__' macro redefined [-Wmacro-redefined]
   10 | #define __ANDROID_API__ 26
      |         ^
<built-in>:392:9: note: previous definition is here
  392 | #define __ANDROID_API__ __ANDROID_MIN_SDK_VERSION__
      |         ^
2 warnings generated.
rm -f variables.o
/opt/hostedtoolcache/ndk/r27d/x64/toolchains/llvm/prebuilt/linux-x86_64/bin/x86_64-linux-android24-clang  -DPROGRAM='"bash"' -DCONF_HOSTTYPE='"x86_64"' -DCONF_OSTYPE='"linux-android"' -DCONF_MACHTYPE='"x86_64-pc-linux-android"' -DCONF_VENDOR='"pc"' -DLOCALEDIR='"/usr/local/share/locale"' -DPACKAGE='"bash"' -DSHELL -DHAVE_CONFIG_H   -I.  -I. -I./include -I./lib     -D__ANDROID_API__=26 -c variables.c
1 warning generated.
rm -f copy_cmd.o
/opt/hostedtoolcache/ndk/r27d/x64/toolchains/llvm/prebuilt/linux-x86_64/bin/x86_64-linux-android24-clang  -DPROGRAM='"bash"' -DCONF_HOSTTYPE='"x86_64"' -DCONF_OSTYPE='"linux-android"' -DCONF_MACHTYPE='"x86_64-pc-linux-android"' -DCONF_VENDOR='"pc"' -DLOCALEDIR='"/usr/local/share/locale"' -DPACKAGE='"bash"' -DSHELL -DHAVE_CONFIG_H   -I.  -I. -I./include -I./lib     -D__ANDROID_API__=26 -c copy_cmd.c
In file included from <built-in>:399:
<command line>:10:9: warning: '__ANDROID_API__' macro redefined [-Wmacro-redefined]
   10 | #define __ANDROID_API__ 26
      |         ^
<built-in>:392:9: note: previous definition is here
  392 | #define __ANDROID_API__ __ANDROID_MIN_SDK_VERSION__
      |         ^
1 warning generated.
In file included from <built-in>:399:
<command line>:10:9: warning: '__ANDROID_API__' macro redefined [-Wmacro-redefined]
   10 | #define __ANDROID_API__ 26
      |         ^
<built-in>:392:9: note: previous definition is here
  392 | #define __ANDROID_API__ __ANDROID_MIN_SDK_VERSION__
      |         ^
rm -f error.o
/opt/hostedtoolcache/ndk/r27d/x64/toolchains/llvm/prebuilt/linux-x86_64/bin/x86_64-linux-android24-clang  -DPROGRAM='"bash"' -DCONF_HOSTTYPE='"x86_64"' -DCONF_OSTYPE='"linux-android"' -DCONF_MACHTYPE='"x86_64-pc-linux-android"' -DCONF_VENDOR='"pc"' -DLOCALEDIR='"/usr/local/share/locale"' -DPACKAGE='"bash"' -DSHELL -DHAVE_CONFIG_H   -I.  -I. -I./include -I./lib     -D__ANDROID_API__=26 -c error.c
In file included from <built-in>:399:
<command line>:10:9: warning: '__ANDROID_API__' macro redefined [-Wmacro-redefined]
   10 | #define __ANDROID_API__ 26
      |         ^
<built-in>:392:9: note: previous definition is here
  392 | #define __ANDROID_API__ __ANDROID_MIN_SDK_VERSION__
      |         ^
variables.c:428:17: warning: using the result of an assignment as a condition without parentheses [-Wparentheses]
  428 |           if (temp_var = find_function (tname))
      |               ~~~~~~~~~^~~~~~~~~~~~~~~~~~~~~~~
variables.c:428:17: note: place parentheses around the assignment to silence this warning
  428 |           if (temp_var = find_function (tname))
      |                        ^                      
      |               (                               )
variables.c:428:17: note: use '==' to turn this assignment into an equality comparison
  428 |           if (temp_var = find_function (tname))
      |                        ^
      |                        ==
variables.c:435:21: warning: using the result of an assignment as a condition without parentheses [-Wparentheses]
  435 |               if (temp_var = bind_invalid_envvar (name, string, 0))
      |                   ~~~~~~~~~^~~~~~~~~~~~~~~~~~~~~~~~~~~~~~~~~~~~~~~
variables.c:435:21: note: place parentheses around the assignment to silence this warning
  435 |               if (temp_var = bind_invalid_envvar (name, string, 0))
      |                            ^                                      
      |                   (                                               )
variables.c:435:21: note: use '==' to turn this assignment into an equality comparison
  435 |               if (temp_var = bind_invalid_envvar (name, string, 0))
      |                            ^
      |                            ==
1 warning generated.
rm -f expr.o
/opt/hostedtoolcache/ndk/r27d/x64/toolchains/llvm/prebuilt/linux-x86_64/bin/x86_64-linux-android24-clang  -DPROGRAM='"bash"' -DCONF_HOSTTYPE='"x86_64"' -DCONF_OSTYPE='"linux-android"' -DCONF_MACHTYPE='"x86_64-pc-linux-android"' -DCONF_VENDOR='"pc"' -DLOCALEDIR='"/usr/local/share/locale"' -DPACKAGE='"bash"' -DSHELL -DHAVE_CONFIG_H   -I.  -I. -I./include -I./lib     -D__ANDROID_API__=26 -c expr.c
variables.c:1949:11: warning: using the result of an assignment as a condition without parentheses [-Wparentheses]
 1949 |     if (v = hash_lookup (name, vc->table))
      |         ~~^~~~~~~~~~~~~~~~~~~~~~~~~~~~~~~
variables.c:1949:11: note: place parentheses around the assignment to silence this warning
 1949 |     if (v = hash_lookup (name, vc->table))
      |           ^                              
      |         (                                )
variables.c:1949:11: note: use '==' to turn this assignment into an equality comparison
 1949 |     if (v = hash_lookup (name, vc->table))
      |           ^
      |           ==
error.c:435:10: warning: returning 'const char *' from a function with result type 'char *' discards qualifiers [-Wincompatible-pointer-types-discards-qualifiers]
  435 |   return (_(cmd_error_table[code]));
      |          ^~~~~~~~~~~~~~~~~~~~~~~~~~
In file included from <built-in>:399:
<command line>:10:9: warning: '__ANDROID_API__' macro redefined [-Wmacro-redefined]
   10 | #define __ANDROID_API__ 26
      |         ^
<built-in>:392:9: note: previous definition is here
  392 | #define __ANDROID_API__ __ANDROID_MIN_SDK_VERSION__
      |         ^
2 warnings generated.
variables.c:3940:13: warning: using the result of an assignment as a condition without parentheses [-Wparentheses]
 3940 |     if (elt = hash_remove (name, v->table, 0))
      |         ~~~~^~~~~~~~~~~~~~~~~~~~~~~~~~~~~~~~~
variables.c:3940:13: note: place parentheses around the assignment to silence this warning
 3940 |     if (elt = hash_remove (name, v->table, 0))
      |             ^                                
      |         (                                    )
variables.c:3940:13: note: use '==' to turn this assignment into an equality comparison
 3940 |     if (elt = hash_remove (name, v->table, 0))
      |             ^
      |             ==
variables.c:3967:13: warning: using the result of an assignment as a condition without parentheses [-Wparentheses]
 3967rm -f flags.o
 |     if (elt = hash_remove (name, v->table, 0))
      |         ~~~~^~~~~~~~~~~~~~~~~~~~~~~~~~~~~~~~~
variables.c:3967:13: note: place parentheses around the assignment to silence this warning
 3967 |     if (elt = hash_remove (name, v->table, 0))
      |             ^                                
      |         (                                    )
variables.c:3967:13: note: use '==' to turn this assignment into an equality comparison
 3967 |     if (elt = hash_remove (name, v->table, 0))
      |             ^
      |             ==
/opt/hostedtoolcache/ndk/r27d/x64/toolchains/llvm/prebuilt/linux-x86_64/bin/x86_64-linux-android24-clang  -DPROGRAM='"bash"' -DCONF_HOSTTYPE='"x86_64"' -DCONF_OSTYPE='"linux-android"' -DCONF_MACHTYPE='"x86_64-pc-linux-android"' -DCONF_VENDOR='"pc"' -DLOCALEDIR='"/usr/local/share/locale"' -DPACKAGE='"bash"' -DSHELL -DHAVE_CONFIG_H   -I.  -I. -I./include -I./lib     -D__ANDROID_API__=26 -c flags.c
variables.c:4858:35: warning: using the result of an assignment as a condition without parentheses [-Wparentheses]
 4858 |   for (i = 0, list_index = 0; var = vars[i]; i++)
      |                               ~~~~^~~~~~~~~
variables.c:4858:35: note: place parentheses around the assignment to silence this warning
 4858 |   for (i = 0, list_index = 0; var = vars[i]; i++)
      |                                   ^        
      |                               (            )
variables.c:4858:35: note: use '==' to turn this assignment into an equality comparison
 4858 |   for (i = 0, list_index = 0; var = vars[i]; i++)
      |                                   ^
      |                                   ==
variables.c:5358:11: warning: using the result of an assignment as a condition without parentheses [-Wparentheses]
 5358 |   if (ret = vcxt->down)
      |       ~~~~^~~~~~~~~~~~
variables.c:5358:11: note: place parentheses around the assignment to silence this warning
 5358 |   if (ret = vcxt->down)
      |           ^           
      |       (               )
variables.c:5358:11: note: use '==' to turn this assignment into an equality comparison
 5358 |   if (ret = vcxt->down)
      |           ^
      |           ==
In file included from <built-in>:399:
<command line>:10:9: warning: '__ANDROID_API__' macro redefined [-Wmacro-redefined]
   10 | #define __ANDROID_API__ 26
      |         ^
<built-in>:392:9: note: previous definition is here
  392 | #define __ANDROID_API__ __ANDROID_MIN_SDK_VERSION__
      |         ^
variables.c:6125:14: warning: using the result of an assignment as a condition without parentheses [-Wparentheses]
 6125 |   while (val = extract_colon_unit (temp, &tptr))
      |          ~~~~^~~~~~~~~~~~~~~~~~~~~~~~~~~~~~~~~~
variables.c:6125:14: note: place parentheses around the assignment to silence this warning
 6125 |   while (val = extract_colon_unit (temp, &tptr))
      |              ^                                 
      |          (                                     )
variables.c:6125:14: note: use '==' to turn this assignment into an equality comparison
 6125 |   while (val = extract_colon_unit (temp, &tptr))
      |              ^
      |              ==
variables.c:6172:9: warning: using the result of an assignment as a condition without parentheses [-Wparentheses]
 6172 |   if (v = find_variable (name))
      |       ~~^~~~~~~~~~~~~~~~~~~~~~
variables.c:6172:9: note: place parentheses around the assignment to silence this warning
 6172 |   if (v = find_variable (name))
      |         ^                     
      |       (                       )
variables.c:6172:9: note: use '==' to turn this assignment into an equality comparison
 6172 |   if (v = find_variable (name))
      |         ^
      |         ==
1 warning generated.
rm -f jobs.o
/opt/hostedtoolcache/ndk/r27d/x64/toolchains/llvm/prebuilt/linux-x86_64/bin/x86_64-linux-android24-clang  -DPROGRAM='"bash"' -DCONF_HOSTTYPE='"x86_64"' -DCONF_OSTYPE='"linux-android"' -DCONF_MACHTYPE='"x86_64-pc-linux-android"' -DCONF_VENDOR='"pc"' -DLOCALEDIR='"/usr/local/share/locale"' -DPACKAGE='"bash"' -DSHELL -DHAVE_CONFIG_H   -I.  -I. -I./include -I./lib     -D__ANDROID_API__=26 -c jobs.c
1 warning generated.
rm -f subst.o
/opt/hostedtoolcache/ndk/r27d/x64/toolchains/llvm/prebuilt/linux-x86_64/bin/x86_64-linux-android24-clang  -DPROGRAM='"bash"' -DCONF_HOSTTYPE='"x86_64"' -DCONF_OSTYPE='"linux-android"' -DCONF_MACHTYPE='"x86_64-pc-linux-android"' -DCONF_VENDOR='"pc"' -DLOCALEDIR='"/usr/local/share/locale"' -DPACKAGE='"bash"' -DSHELL -DHAVE_CONFIG_H   -I.  -I. -I./include -I./lib     -D__ANDROID_API__=26 -c subst.c
In file included from <built-in>:399:
<command line>:10:9: warning: '__ANDROID_API__' macro redefined [-Wmacro-redefined]
   10 | #define __ANDROID_API__ 26
      |         ^
<built-in>:392:9: note: previous definition is here
  392 | #define __ANDROID_API__ __ANDROID_MIN_SDK_VERSION__
      |         ^
In file included from <built-in>:399:
<command line>:10:9: warning: '__ANDROID_API__' macro redefined [-Wmacro-redefined]
   10 | #define __ANDROID_API__ 26
      |         ^
<built-in>:392:9: note: previous definition is here
  392 | #define __ANDROID_API__ __ANDROID_MIN_SDK_VERSION__
      |         ^
subst.c:800:12: warning: using the result of an assignment as a condition without parentheses [-Wparentheses]
  800 |   while (c = string[i])
      |          ~~^~~~~~~~~~~
subst.c:800:12: note: place parentheses around the assignment to silence this warning
  800 |   while (c = string[i])
      |            ^          
      |          (            )
subst.c:800:12: note: use '==' to turn this assignment into an equality comparison
  800 |   while (c = string[i])
      |            ^
      |            ==
subst.c:871:12: warning: using the result of an assignment as a condition without parentheses [-Wparentheses]
  871 |   while (c = string[i])
      |          ~~^~~~~~~~~~~
subst.c:871:12: note: place parentheses around the assignment to silence this warning
  871 |   while (c = string[i])
      |            ^          
      |          (            )
subst.c:871:12: note: use '==' to turn this assignment into an equality comparison
  871 |   while (c = string[i])
      |            ^
      |            ==
subst.c:1022:12: warning: using the result of an assignment as a condition without parentheses [-Wparentheses]
 1022 |   while (c = string[i])
      |          ~~^~~~~~~~~~~
subst.c:1022:12: note: place parentheses around the assignment to silence this warning
 1022 |   while (c = string[i])
      |            ^          
      |          (            )
subst.c:1022:12: note: use '==' to turn this assignment into an equality comparison
 1022 |   while (c = string[i])
      |            ^
      |            ==
10 warnings generated.
subst.c:1180:12: warning: using the result of an assignment as a condition without parentheses [-Wparentheses]
 1180 |   while (c = string[i])
      |          ~~^~~~~~~~~~~
subst.c:1180:12: note: place parentheses around the assignment to silence this warning
 1180 |   while (c = string[i])
      |            ^          
      |          (            )
subst.c:1180:12: note: use '==' to turn this assignment into an equality comparison
 1180 |   while (c = string[i])
      |            ^
      |            ==
jobs.c:1555:12: warning: using the result of an assignment as a condition without parentheses [-Wparentheses]
 1555 |   if (temp = jobs[job_index])
      |       ~~~~~^~~~~~~~~~~~~~~~~
jobs.c:1555:12: note: place parentheses around the assignment to silence this warning
 1555 |   if (temp = jobs[job_index])
      |            ^                
      |       (                     )
jobs.c:1555:12: note: use '==' to turn this assignment into an equality comparison
 1555 |   if (temp = jobs[job_index])
      |            ^
      |            ==
subst.c:1558:12: warning: using the result of an assignment as a condition without parentheses [-Wparentheses]
 1558 |   while (c = string[i])
      |          ~~^~~~~~~~~~~
rm -f hashcmd.o
subst.c:1558:12: note: place parentheses around the assignment to silence this warning
 1558 |   while (c = string[i])
      |            ^          
      |          (            )
subst.c:1558:jobs.c:1974:8: warning: assigning to 'char *' from 'const char *' discards qualifiers [-Wincompatible-pointer-types-discards-qualifiers]
12 1974 |   temp = _("Done");
      |        ^ ~~~~~~~~~
: note: use '==' to turn this assignment into an equality comparison
jobs.c:1979:7: warning: assigning to 'char *' from 'const char *' discards qualifiers [-Wincompatible-pointer-types-discards-qualifiers]
 1979 |         temp = _("Stopped");
      |              ^ ~~~~~~~~~~~~
 1558 |  jobs.c while (:1987:10: warning: assigning to 'char *' from 'const char *' discards qualifiers [-Wincompatible-pointer-types-discards-qualifiers]
 1987 |     temp = _("Running");
      |          ^ ~~~~~~~~~~~~
c = string[ijobs.c:2009:7: warning: assigning to 'char *' from 'const char *' discards qualifiers [-Wincompatible-pointer-types-discards-qualifiers]
 2009 |         temp = _("Unknown status");
      |              ^ ~~~~~~~~~~~~~~~~~~~
])
      |            ^
      |            ==
subst.c:1849:12: warning: using the result of an assignment as a condition without parentheses [-Wparentheses]
 1849 |   while (c = string[i])
      |          ~~^~~~~~~~~~~
subst.c:1849:12: note: place parentheses around the assignment to silence this warning
 1849 |   while (c = string[i])
      |            ^          
      |          (            )
subst.c:1849:12: note: use '==' to turn this assignment into an equality comparison
 1849 |   while (c = string[i])
      |            ^
      |            ==
subst.c:2101:12: warning: using the result of an assignment as a condition without parentheses [-Wparentheses]
 2101 |   while (c = string[i])
      |          ~~^~~~~~~~~~~
subst.c:2101:12: note: place parentheses around the assignment to silence this warning
 2101 |   while (c = string[i])
      |            ^          
      |          (            )
subst.c:2101:12: note: use '==' to turn this assignment into an equality comparison
 2101 |   while (c = string[i])
      |            ^
      |            ==
subst.c:2220:12: warning: using the result of an assignment as a condition without parentheses [-Wparentheses]
 2220 |   while (c = string[i])
      |          ~~^~~~~~~~~~~
subst.c:2220:12: note: place parentheses around the assignment to silence this warning
 2220 |   while (c = string[i])
      |            ^          
      |          (            )
subst.c:2220:12: note: use '==' to turn this assignment into an equality comparison
 2220 |   while (c = string[i])
      |            ^
      |            ==
/opt/hostedtoolcache/ndk/r27d/x64/toolchains/llvm/prebuilt/linux-x86_64/bin/x86_64-linux-android24-clang  -DPROGRAM='"bash"' -DCONF_HOSTTYPE='"x86_64"' -DCONF_OSTYPE='"linux-android"' -DCONF_MACHTYPE='"x86_64-pc-linux-android"' -DCONF_VENDOR='"pc"' -DLOCALEDIR='"/usr/local/share/locale"' -DPACKAGE='"bash"' -DSHELL -DHAVE_CONFIG_H   -I.  -I. -I./include -I./lib     -D__ANDROID_API__=26 -c hashcmd.c
subst.c:2391:12: warning: using the result of an assignment as a condition without parentheses [-Wparentheses]
 2391 |   while (c = string[i])
      |          ~~^~~~~~~~~~~
subst.c:2391:12: note: place parentheses around the assignment to silence this warning
 2391 |   while (c = string[i])
      |            ^          
      |          (            )
subst.c:2391:12: note: use '==' to turn this assignment into an equality comparison
 2391 |   while (c = string[i])
      |            ^
      |            ==
subst.c:3597:9: warning: using the result of an assignment as a condition without parentheses [-Wparentheses]
 3597 |   if (t = mbschr (name, LBRACK))
      |       ~~^~~~~~~~~~~~~~~~~~~~~~~
subst.c:3597:9: note: place parentheses around the assignment to silence this warning
 3597 |   if (t = mbschr (name, LBRACK))
      |         ^                      
      |       (                        )
subst.c:3597:9: note: use '==' to turn this assignment into an equality comparison
 3597 |   if (t = mbschr (name, LBRACK))
      |         ^
      |         ==
subst.c:4149:12: warning: using the result of an assignment as a condition without parentheses [-Wparentheses]
 4149 |   while (c = string[sindex])
      |          ~~^~~~~~~~~~~~~~~~
subst.c:4149:12: note: place parentheses around the assignment to silence this warning
 4149 |   while (c = string[sindex])
      |            ^               
      |          (                 )
subst.c:4149:12: note: use '==' to turn this assignment into an equality comparison
 4149 |   while (c = string[sindex])
      |            ^
      |            ==
In file included from <built-in>:399:
<command line>:10:9: warning: '__ANDROID_API__' macro redefined [-Wmacro-redefined]
   10 | #define __ANDROID_API__ 26
      |         ^
<built-in>:392:9: note: previous definition is here
  392 | #define __ANDROID_API__ __ANDROID_MIN_SDK_VERSION__
      |         ^
subst.c:6908:26: warning: using the result of an assignment as a condition without parentheses [-Wparentheses]
 6908 |   for (i = 0, ind = 0; c = string[i]; )
      |                        ~~^~~~~~~~~~~
subst.c:6908:26: note: place parentheses around the assignment to silence this warning
 6908 |   for (i = 0, ind = 0; c = string[i]; )
      |                          ^          
      |                        (            )
subst.c:6908:26: note: use '==' to turn this assignment into an equality comparison
 6908 |   for (i = 0, ind = 0; c = string[i]; )
      |                          ^
      |                          ==
subst.c:6942:14: warning: using the result of an assignment as a condition without parentheses [-Wparentheses]
 6942 |   if (valsub = (string && *string == '|'))
      |       ~~~~~~~^~~~~~~~~~~~~~~~~~~~~~~~~~~~
subst.c:6942:14: note: place parentheses around the assignment to silence this warning
 6942 |   if (valsub = (string && *string == '|'))
      |              ^                           
      |       (                                  )
subst.c:6942:14: note: use '==' to turn this assignment into an equality comparison
 6942 |   if (valsub = (string && *string == '|'))
      |              ^
      |              ==
subst.c:7767:16: warning: using the result of an assignment as a condition without parentheses [-Wparentheses]
 7767 |   else if (var = find_variable (name))
      |            ~~~~^~~~~~~~~~~~~~~~~~~~~~
subst.c:7767:16: note: place parentheses around the assignment to silence this warning
 7767 |   else if (var = find_variable (name))
      |                ^                     
      |            (                         )
subst.c:7767:16: note: use '==' to turn this assignment into an equality comparison
 7767 |   else if (var = find_variable (name))
      |                ^
      |                ==
subst.c:7797:16: warning: using the result of an assignment as a condition without parentheses [-Wparentheses]
 7797 |   else if (var = find_variable_last_nameref (name, 0))
      |            ~~~~^~~~~~~~~~~~~~~~~~~~~~~~~~~~~~~~~~~~~~
subst.c:7797:16: note: place parentheses around the assignment to silence this warning
 7797 |   else if (var = find_variable_last_nameref (name, 0))
      |                ^                                     
      |            (                                         )
subst.c:7797:16: note: use '==' to turn this assignment into an equality comparison
 7797 |   else if (var = find_variable_last_nameref (name, 0))
      |                ^
      |                ==
1 warning generated.
rm -f hashlib.o
/opt/hostedtoolcache/ndk/r27d/x64/toolchains/llvm/prebuilt/linux-x86_64/bin/x86_64-linux-android24-clang  -DPROGRAM='"bash"' -DCONF_HOSTTYPE='"x86_64"' -DCONF_OSTYPE='"linux-android"' -DCONF_MACHTYPE='"x86_64-pc-linux-android"' -DCONF_VENDOR='"pc"' -DLOCALEDIR='"/usr/local/share/locale"' -DPACKAGE='"bash"' -DSHELL -DHAVE_CONFIG_H   -I.  -I. -I./include -I./lib     -D__ANDROID_API__=26 -c hashlib.c
subst.c:9153:12: warning: using the result of an assignment as a condition without parentheses [-Wparentheses]
 9153 |   while (c = s[sindex])
      |          ~~^~~~~~~~~~~
subst.c:9153:12: note: place parentheses around the assignment to silence this warning
 9153 |   while (c = s[sindex])
      |            ^          
      |          (            )
subst.c:9153:12: note: use '==' to turn this assignment into an equality comparison
 9153 |   while (c = s[sindex])
      |            ^
      |            ==
6 warnings generated.
rm -f mailcheck.o
subst.c:9858:9: warning: using the result of an assignment as a condition without parentheses [-Wparentheses]
 9858 |   if (c = string[sindex])
      |       ~~^~~~~~~~~~~~~~~~
subst.c:9858:9: note: place parentheses around the assignment to silence this warning
 9858 |   if (c = string[sindex])
      |         ^               
      |       (                 )
subst.c:9858:9: note: use '==' to turn this assignment into an equality comparison
 9858 |   if (c = string[sindex])
      |         ^
      |         ==
subst.c:9868:13: warning: using the result of an assignment as a condition without parentheses [-Wparentheses]
 9868 |       if (c = string[sindex])
      |           ~~^~~~~~~~~~~~~~~~
subst.c:9868:13: note: place parentheses around the assignment to silence this warning
 9868 |       if (c = string[sindex])
      |             ^               
      |           (                 )
subst.c:9868:13: note: use '==' to turn this assignment into an equality comparison
 9868 |       if (c = string[sindex])
      |             ^
      |             ==
/opt/hostedtoolcache/ndk/r27d/x64/toolchains/llvm/prebuilt/linux-x86_64/bin/x86_64-linux-android24-clang  -DPROGRAM='"bash"' -DCONF_HOSTTYPE='"x86_64"' -DCONF_OSTYPE='"linux-android"' -DCONF_MACHTYPE='"x86_64-pc-linux-android"' -DCONF_VENDOR='"pc"' -DLOCALEDIR='"/usr/local/share/locale"' -DPACKAGE='"bash"' -DSHELL -DHAVE_CONFIG_H   -I.  -I. -I./include -I./lib     -D__ANDROID_API__=26 -c mailcheck.c
In file included from <built-in>:399:
<command line>:10:9: warning: '__ANDROID_API__' macro redefined [-Wmacro-redefined]
   10 | #define __ANDROID_API__ 26
      |         ^
<built-in>:392:9: note: previous definition is here
  392 | #define __ANDROID_API__ __ANDROID_MIN_SDK_VERSION__
      |         ^
subst.c:12207:31: warning: using the result of an assignment as a condition without parentheses [-Wparentheses]
 12207 |   for (dquote = sindex = 0; c = string[sindex];)
       |                             ~~^~~~~~~~~~~~~~~~
subst.cIn file included from <built-in>:399:
<command line>:10:9: warning: '__ANDROID_API__' macro redefined [-Wmacro-redefined]
   10 | #define __ANDROID_API__ 26
      |         ^
<built-in>:392::912207:: 31note: :previous definition is here 
note: place parentheses around the assignment to silence this warning
  392 | #define __ANDROID_API__ __ANDRO I12207D | _ M IfNo_rS D(Kd_qVuEoRtSeI O=N _s_i
n      d| e        ^x
 = 0; c = string[sindex];)
       |                               ^               
       |                             (                 )
subst.c:12207:31: note: use '==' to turn this assignment into an equality comparison
 12207 |   for (dquote = sindex = 0; c = string[sindex];)
       |                               ^
       |                               ==
subst.c:12736:33: warning: using the result of an assignment as a condition without parentheses [-Wparentheses]
 12736 |           for (eindex = 0; temp_string = expansions[eindex]; eindex++)
       |                            ~~~~~~~~~~~~^~~~~~~~~~~~~~~~~~~~
subst.c:12736:33: note: place parentheses around the assignment to silence this warning
 12736 |           for (eindex = 0; temp_string = expansions[eindex]; eindex++)
       |                                        ^                   
       |                            (                               )
subst.c:12736:33: note: use '==' to turn this assignment into an equality comparison
 12736 |           for (eindex = 0; temp_string = expansions[eindex]; eindex++)
       |                                        ^
       |                                        ==
1 warning generated.
rm -f mksignames
gcc -DPROGRAM='"bash"' -DCONF_HOSTTYPE='"x86_64"' -DCONF_OSTYPE='"linux-android"' -DCONF_MACHTYPE='"x86_64-pc-linux-android"' -DCONF_VENDOR='"pc"' -DLOCALEDIR='"/usr/local/share/locale"' -DPACKAGE='"bash"' -DSHELL -DHAVE_CONFIG_H   -I.  -I. -I./include -I./lib    -g -DCROSS_COMPILING -rdynamic -g -DCROSS_COMPILING -o mksignames mksignames.o buildsignames.o 
mailcheck.c:392:19: warning: using the result of an assignment as a condition without parentheses [-Wparentheses]
  392 |   while (mailfile = extract_colon_unit (mailpaths, &i))
      |          ~~~~~~~~~^~~~~~~~~~~~~~~~~~~~~~~~~~~~~~~~~~~~
mailcheck.c:392:19: note: place parentheses around the assignment to silence this warning
  392 |   while (mailfile = extract_colon_unit (mailpaths, &i))
      |                   ^                                   
      |          (                                            )
mailcheck.c:392:19: note: use '==' to turn this assignment into an equality comparison
  392 |   while (mailfile = extract_colon_unit (mailpaths, &i))
      |                   ^
      |                   ==
mailcheck.c:435:12: warning: assigning to 'char *' from 'const char *' discards qualifiers [-Wincompatible-pointer-types-discards-qualifiers]
  435 |           message = mailfiles[i]->msg ? mailfiles[i]->msg : _("You have mail in $_");
      |                   ^ ~~~~~~~~~~~~~~~~~~~~~~~~~~~~~~~~~~~~~~~~~~~~~~~~~~~~~~~~~~~~~~~~
mailcheck.c:460:14: warning: assigning to 'char *' from 'const char *' discards qualifiers [-Wincompatible-pointer-types-discards-qualifiers]
  460 |             message = _("You have new mail in $_");
      |                     ^ ~~~~~~~~~~~~~~~~~~~~~~~~~~~~
mailcheck.c:464:13: warning: using the result of an assignment as a condition without parentheses [-Wparentheses]
  464 |           if (temp = expand_string_to_string (message, Q_DOUBLE_QUOTES))
      |               ~~~~~^~~~~~~~~~~~~~~~~~~~~~~~~~~~~~~~~~~~~~~~~~~~~~~~~~~~
mailcheck.c:464:13: note: place parentheses around the assignment to silence this warning
  464 |           if (temp = expand_string_to_string (message, Q_DOUBLE_QUOTES))
      |                    ^                                                   
      |               (                                                        )
mailcheck.c:464:13: note: use '==' to turn this assignment into an equality comparison
  464 |           if (temp = expand_string_to_string (message, Q_DOUBLE_QUOTES))
      |                    ^
      |                    ==
gcc -rdynamic -g man2html.o -o man2html -ldl 		
5 warnings generated.
rm -f input.o
rm -f sig.o
/opt/hostedtoolcache/ndk/r27d/x64/toolchains/llvm/prebuilt/linux-x86_64/bin/x86_64-linux-android24-clang  -DPROGRAM='"bash"' -DCONF_HOSTTYPE='"x86_64"' -DCONF_OSTYPE='"linux-android"' -DCONF_MACHTYPE='"x86_64-pc-linux-android"' -DCONF_VENDOR='"pc"' -DLOCALEDIR='"/usr/local/share/locale"' -DPACKAGE='"bash"' -DSHELL -DHAVE_CONFIG_H   -I.  -I. -I./include -I./lib     -D__ANDROID_API__=26 -c input.c
/opt/hostedtoolcache/ndk/r27d/x64/toolchains/llvm/prebuilt/linux-x86_64/bin/x86_64-linux-android24-clang  -DPROGRAM='"bash"' -DCONF_HOSTTYPE='"x86_64"' -DCONF_OSTYPE='"linux-android"' -DCONF_MACHTYPE='"x86_64-pc-linux-android"' -DCONF_VENDOR='"pc"' -DLOCALEDIR='"/usr/local/share/locale"' -DPACKAGE='"bash"' -DSHELL -DHAVE_CONFIG_H   -I.  -I. -I./include -I./lib     -D__ANDROID_API__=26 -c sig.c
In file included from <built-in>:399:
<command line>:10:9: warning: '__ANDROID_API__' macro redefined [-Wmacro-redefined]
   10 | #define __ANDROID_API__ 26
      |         ^
<built-in>:392:9: note: previous definition is here
  392 | #define __ANDROID_API__ __ANDROID_MIN_SDK_VERSION__
      |         ^
In file included from <built-in>:399:
<command line>:10:9: warning: '__ANDROID_API__' macro redefined [-Wmacro-redefined]
   10 | #define __ANDROID_API__ 26
      |         ^
<built-in>:392:9: note: previous definition is here
  392 | #define __ANDROID_API__ __ANDROID_MIN_SDK_VERSION__
      |         ^
make[1]: Leaving directory '/home/runner/work/Bin-Box/Bin-Box/bash-src/support'
rm -f syntax.c
./mksyntax -o syntax.c
rm -f bashline.o
/opt/hostedtoolcache/ndk/r27d/x64/toolchains/llvm/prebuilt/linux-x86_64/bin/x86_64-linux-android24-clang  -DPROGRAM='"bash"' -DCONF_HOSTTYPE='"x86_64"' -DCONF_OSTYPE='"linux-android"' -DCONF_MACHTYPE='"x86_64-pc-linux-android"' -DCONF_VENDOR='"pc"' -DLOCALEDIR='"/usr/local/share/locale"' -DPACKAGE='"bash"' -DSHELL -DHAVE_CONFIG_H   -I.  -I. -I./include -I./lib     -D__ANDROID_API__=26 -c bashline.c
In file included from <built-in>:399:
<command line>:10:9: warning: '__ANDROID_API__' macro redefined [-Wmacro-redefined]
   10 | #define __ANDROID_API__ 26
      |         ^
<built-in>:392:9: note: previous definition is here
  392 | #define __ANDROID_API__ __ANDROID_MIN_SDK_VERSION__
      |         ^
1 warning generated.
make[1]: Entering directory '/home/runner/work/Bin-Box/Bin-Box/bash-src/builtins'
rm -f builtins.o
/opt/hostedtoolcache/ndk/r27d/x64/toolchains/llvm/prebuilt/linux-x86_64/bin/x86_64-linux-android24-clang -c   -DHAVE_CONFIG_H -DSHELL -I. -I..  -I.. -I../include -I../lib -I.     -D__ANDROID_API__=26 builtins.c
1 warning generated.
rm -f alias.o
./mkbuiltins -D . alias.def
/opt/hostedtoolcache/ndk/r27d/x64/toolchains/llvm/prebuilt/linux-x86_64/bin/x86_64-linux-android24-clang -c   -DHAVE_CONFIG_H -DSHELL -I. -I..  -I.. -I../include -I../lib -I.     -D__ANDROID_API__=26 alias.c || ( rm -f alias.c ; exit 1 )
bashline.c:809:15: warning: using the result of an assignment as a condition without parentheses [-Wparentheses]
  809 |   while (temp = fgets (buffer, 255, file))
      |          ~~~~~^~~~~~~~~~~~~~~~~~~~~~~~~~~
bashline.c:809:15: note: place parentheses around the assignment to silence this warning
  809 |   while (temp = fgets (buffer, 255, file))
      |               ^                          
      |          (                               )
bashline.c:809:15: note: use '==' to turn this assignment into an equality comparison
  809 |   while (temp = fgets (buffer, 255, file))
      |               ^
      |               ==
In file included from <built-in>:399:
<command line>:3:9: warning: '__ANDROID_API__' macro redefined [-Wmacro-redefined]
    3 | #define __ANDROID_API__ 26
      |         ^
<built-in>:392:9: note: previous definition is here
  392 | #define __ANDROID_API__ __ANDROID_MIN_SDK_VERSION__
      |         ^
bashline.cIn file included from <built-in>:399:
<command line>:3:9: warning: '__ANDROID_API__' macro redefined [-Wmacro-redefined]
    3 | #define __ANDROID_API__ 26
      |         ^
<built-in>:1726:29: warning: using the result of an assignment as a condition without parentheses [-Wparentheses]
 1726 |       while (was_assignment = assignment (n, 0));
      |              ~~~~~~~~~~~~~~~^~~~~~~~~~~~~~~~~~~
:bashline.c:1726:29: note: place parentheses around the assignment to silence this warning
 1726 |       while (was_assignment = assignment (n, 0));
      |                             ^                  
      |              (                                 )
bashline.c:1726:29: note: use '==' to turn this assignment into an equality comparison
 1726 |       while (was_assignment = assignment (n, 0));
      |                             ^
      |                             ==
392:9: note: previous definition is here
  392 | #define __ANDROID_API__ __ANDROID_MIN_SDK_VERSION__
      |         ^
bashline.c:2262:18: warning: using the result of an assignment as a condition without parentheses [-Wparentheses]
 2262 |       while (val = glob_matches[local_index++])
      |              ~~~~^~~~~~~~~~~~~~~~~~~~~~~~~~~~~
bashline.c:2262:18: note: place parentheses around the assignment to silence this warning
 2262 |       while (val = glob_matches[local_index++])
      |                  ^                            
      |              (                                )
bashline.c:2262:18: note: use '==' to turn this assignment into an equality comparison
 2262 |       while (val = glob_matches[local_index++])
      |                  ^
      |                  ==
bashline.c:2688:17: warning: using the result of an assignment as a condition without parentheses [-Wparentheses]
 2688 |   while (srvent = getservent ())
      |          ~~~~~~~^~~~~~~~~~~~~~~
bashline.c:2688:17: note: place parentheses around the assignment to silence this warning
 2688 |   while (srvent = getservent ())
      |                 ^              
      |          (                     )
bashline.c:2688:17: note: use '==' to turn this assignment into an equality comparison
 2688 |   while (srvent = getservent ())
      |                 ^
      |                 ==
bashline.c:2739:7: error: 'setgrent' is unavailable: introduced in Android 26
 2739 |       setgrent ();
      |       ^
/opt/hostedtoolcache/ndk/r27d/x64/toolchains/llvm/prebuilt/linux-x86_64/bin/../sysroot/usr/include/grp.h:58:6: note: 'setgrent' has been explicitly marked unavailable here
   58 | void setgrent(void) __INTRODUCED_IN(26);
      |      ^
bashline.c:2742:18: error: 'getgrent' is unavailable: introduced in Android 26
 2742 |   while (grent = getgrent ())
      |                  ^
/opt/hostedtoolcache/ndk/r27d/x64/toolchains/llvm/prebuilt/linux-x86_64/bin/../sysroot/usr/include/grp.h:56:25: note: 'getgrent' has been explicitly marked unavailable here
   56 | struct group* _Nullable getgrent(void) __INTRODUCED_IN(26);
      |                         ^
bashline.c:2742:16: warning: using the result of an assignment as a condition without parentheses [-Wparentheses]
 2742 |   while (grent = getgrent ())
      |          ~~~~~~^~~~~~~~~~~~~
bashline.c:2742:16: note: place parentheses around the assignment to silence this warning
 2742 |   while (grent = getgrent ())
      |                ^            
      |          (                  )
bashline.c:2742:16: note: use '==' to turn this assignment into an equality comparison
 2742 |   while (grent = getgrent ())
      |                ^
      |                ==
bashline.c:2750:7: error: 'endgrent' is unavailable: introduced in Android 26
 2750 |       endgrent ();
      |       ^
/opt/hostedtoolcache/ndk/r27d/x64/toolchains/llvm/prebuilt/linux-x86_64/bin/../sysroot/usr/include/grp.h:59:6: note: 'endgrent' has been explicitly marked unavailable here
   59 | void endgrent(void) __INTRODUCED_IN(26);
      |      ^
bashline.c:3525:9: warning: using the result of an assignment as a condition without parentheses [-Wparentheses]
 3525 |   if (t = mbschr (local_dirname, '$'))
      |       ~~^~~~~~~~~~~~~~~~~~~~~~~~~~~~~
bashline.c:3525:9: note: place parentheses around the assignment to silence this warning
 3525 |   if (t = mbschr (local_dirname, '$'))
      |         ^                            
      |       (                              )
bashline.c:3525:9: note: use '==' to turn this assignment into an equality comparison
 3525 |   if (t = mbschr (local_dirname, '$'))
      |         ^
      |         ==
bashline.c:3527:14: warning: using the result of an assignment as a condition without parentheses [-Wparentheses]
 3527 |   else if (t = mbschr (local_dirname, '`'))     /* XXX */
      |            ~~^~~~~~~~~~~~~~~~~~~~~~~~~~~~~
bashline.c:3527:14: note: place parentheses around the assignment to silence this warning
 3527 |   else if (t = mbschr (local_dirname, '`'))     /* XXX */
      |              ^                            
      |            (                              )
bashline.c:3527:14: note: use '==' to turn this assignment into an equality comparison
 3527 |   else if (t = mbschr (local_dirname, '`'))     /* XXX */
      |              ^
      |              ==
1bashline.c:4303:9: warning: using the result of an assignment as a condition without parentheses [-Wparentheses]
  warning generated.
4303 |   if (t = mbschr (dirname, '$'))
      |       ~~^~~~~~~~~~~~~~~~~~~~~~~
bashline.c:4303:9: note: place parentheses around the assignment to silence this warning
 4303 |   if (t = mbschr (dirname, '$'))
      |         ^                      
      |       (                        )
bashline.c:4303:9: note: use '==' to turn this assignment into an equality comparison
 4303 |   if (t = mbschr (dirname, '$'))
      |         ^
      |         ==
bashline.c:4362:25: warning: using the result of an assignment as a condition without parentheses [-Wparentheses]
 4362 |       frm -f pcomplete.o
or (i = j = 0; c = default_filename_quote_characters[i]; i++)
      |                       ~~^~~~~~~~~~~~~~~~~~~~~~~~~~~~~~~~~~~~~~
bashline.c:4362:25: note: place parentheses around the assignment to silence this warning
 4362 |       for (i = j = 0; c = default_filename_quote_characters[i]; i++)
      |                         ^                                     
      |                       (                                       )
bashline.c:4362:25: ./alias.def:108:17: warning: using the result of an assignment as a condition without parentheses [-Wparentheses]
note: use '==' to turn this assignment into an equality comparison  
 4362108 |  |           i f   ( afnoyr_ f(aii l=e dj  ==  p0r;i nct _=a ldieafsa u(latl_ifaisl_elniasmte[_oqfufotsee_tc]h,a rdafcltaegrss)[ i!]=;  EiX+E+C)U
T      I| O                        ^N
_      S| U                        ==C
CESS)
      |             ~~~~~~~~~~~^~~~~~~~~~~~~~~~~~~~~~~~~~~~~~~~~~~~~~~~~~~~~~~~~~~~~~~~~~~~~~~
./alias.def:108:17: note: place parentheses around the assignment to silence this warning
/opt/hostedtoolcache/ndk/r27d/x64/toolchains/llvm/prebuilt/linux-x86_64/bin/x86_64-linux-android24-clang  -DPROGRAM='"bash"' -DCONF_HOSTTYPE='"x86_64"' -DCONF_OSTYPE='"linux-android"' -DCONF_MACHTYPE='"x86_64-pc-linux-android"' -DCONF_VENDOR='"pc"' -DLOCALEDIR='"/usr/local/share/locale"' -DPACKAGE='"bash"' -DSHELL -DHAVE_CONFIG_H   -I.  -I. -I./include -I./lib     -D__ANDROID_API__=26 -c pcomplete.c
  108 |         if (any_failed = print_alias (alias_list[offset], dflags) != EXECUTION_SUCCESS)
      |                        ^                                                              
      |             (                                                                         )
./alias.def:108:17: note: use '==' to turn this assignment into an equality comparison
  108 |         if (any_failed = print_alias (alias_list[offset], dflags) != EXECUTION_SUCCESS)
      |                        ^
      |                        ==
bashline.c:4824:21: warning: using the result of an assignment as a condition without parentheses [-Wparentheses]
 4824 |   for (passc = 0; c = string[i]; i++)
      |                   ~~^~~~~~~~~~~
bashline.c:4824:21: note: place parentheses around the assignment to silence this warning
 4824 |   for (passc = 0; c = string[i]; i++)
      |                     ^          
      |                   (            )
bashline.c:4824:21: note: use '==' to turn this assignment into an equality comparison
 4824 |   for (passc = 0; c = string[i]; i++)
      |                     ^
      |                     ==
11 warnings and 3 errors generated.
2 warnings generated.
make: *** [Makefile:107: bashline.o] Error 1
make: *** Waiting for unfinished jobs....
rm -f bind.o
rm -f alias.c
rm -f break.o
./mkbuiltins -D . break.def
/opt/hostedtoolcache/ndk/r27d/x64/toolchains/llvm/prebuilt/linux-x86_64/bin/x86_64-linux-android24-clang -c   -DHAVE_CONFIG_H -DSHELL -I. -I..  -I.. -I../include -I../lib -I.     -D__ANDROID_API__=26 break.c || ( rm -f break.c ; exit 1 )
In file included from <built-in>:399:
<command line>:10:9: warning: '__ANDROID_API__' macro redefined [-Wmacro-redefined]
   10 | #define __ANDROID_API__ 26
      |         ^
<built-in>:392:9: note: previous definition is here
  392 | #define __ANDROID_API__ __ANDROID_MIN_SDK_VERSION__
      |         ^
./mkbuiltins -D . bind.def
/opt/hostedtoolcache/ndk/r27d/x64/toolchains/llvm/prebuilt/linux-x86_64/bin/x86_64-linux-android24-clang -c   -DHAVE_CONFIG_H -DSHELL -I. -I..  -I.. -I../include -I../lib -I.     -D__ANDROID_API__=26 bind.c || ( rm -f bind.c ; exit 1 )
21 warnings generated.
rm -f builtin.o
./mkbuiltins -D . builtin.def
/opt/hostedtoolcache/ndk/r27d/x64/toolchains/llvm/prebuilt/linux-x86_64/bin/x86_64-linux-android24-clang -c   -DHAVE_CONFIG_H -DSHELL -I. -I..  -I.. -I../include -I../lib -I.     -D__ANDROID_API__=26 builtin.c || ( rm -f builtin.c ; exit 1 )
In file included from <built-in>:399:
<command line>:3:9: warning: '__ANDROID_API__' macro redefined [-Wmacro-redefined]
    3 | #define __ANDROID_API__ 26
      |         ^
<built-in>:392:9: note: previous definition is here
  392 | #define __ANDROID_API__ __ANDROID_MIN_SDK_VERSION__
      |         ^
In file included from <built-in>:399:
<command line>:3:9: warning: '__ANDROID_API__' macro redefined [-Wmacro-redefined]
    3 | #define __ANDROID_API__ 26
      |         ^
<built-in>:392:9: note: previous definition is here
  392 | #define __ANDROID_API__ __ANDROID_MIN_SDK_VERSION__
      |         ^
In file included from <built-in>:399:
<command line>:3:9: warning: '__ANDROID_API__' macro redefined [-Wmacro-redefined]
    3 | #define __ANDROID_API__ 26
      |         ^
<built-in>:392:9: note: previous definition is here
  392 | #define __ANDROID_API__ __ANDROID_MIN_SDK_VERSION__
      |         ^
1 warning generated.
rm -f break.c
rm -f caller.o
./mkbuiltins -D . caller.def
/opt/hostedtoolcache/ndk/r27d/x64/toolchains/llvm/prebuilt/linux-x86_64/bin/x86_64-linux-android24-clang -c   -DHAVE_CONFIG_H -DSHELL -I. -I..  -I.. -I../include -I../lib -I.     -D__ANDROID_API__=26 caller.c || ( rm -f caller.c ; exit 1 )
1 warning generated.
rm -f bind.c
rm -f cd.o
./mkbuiltins -D . cd.def
/opt/hostedtoolcache/ndk/r27d/x64/toolchains/llvm/prebuilt/linux-x86_64/bin/x86_64-linux-android24-clang -c   -DHAVE_CONFIG_H -DSHELL -I. -I..  -I.. -I../include -I../lib -I.     -D__ANDROID_API__=26 cd.c || ( rm -f cd.c ; exit 1 )
1 warning generated.
1 warning generated.
rm -f builtin.c
In file included from <built-in>:399:
<command line>:3:9: warning: '__ANDROID_API__' macro redefined [-Wmacro-redefined]
    3 | #define __ANDROID_API__ 26
      |         ^
<built-in>:392:9: note: previous definition is here
  392 | #define __ANDROID_API__ __ANDROID_MIN_SDK_VERSION__
      |         ^
rm -f colon.o
rm -f command.o
./mkbuiltins -D . colon.def
./mkbuiltins -D . command.def
/opt/hostedtoolcache/ndk/r27d/x64/toolchains/llvm/prebuilt/linux-x86_64/bin/x86_64-linux-android24-clang -c   -DHAVE_CONFIG_H -DSHELL -I. -I..  -I.. -I../include -I../lib -I.     -D__ANDROID_API__=26 colon.c || ( rm -f colon.c ; exit 1 )
/opt/hostedtoolcache/ndk/r27d/x64/toolchains/llvm/prebuilt/linux-x86_64/bin/x86_64-linux-android24-clang -c   -DHAVE_CONFIG_H -DSHELL -I. -I..  -I.. -I../include -I../lib -I.     -D__ANDROID_API__=26 command.c || ( rm -f command.c ; exit 1 )
In file included from <built-in>:399:
<command line>:3:9: warning: '__ANDROID_API__' macro redefined [-Wmacro-redefined]
    3 | #define __ANDROID_API__ 26
      |         ^
<built-in>:392:9: note: previous definition is here
  392 | #define __ANDROID_API__ __ANDROID_MIN_SDK_VERSION__
      |         ^
In file included from <built-in>:399:
<command line>:3:9: warning: '__ANDROID_API__' macro redefined [-Wmacro-redefined]
    3 | #define __ANDROID_API__ 26
      |         ^
<built-in>:392:9: note: previous definition is here
  392 | #define __ANDROID_API__ __ANDROID_MIN_SDK_VERSION__
      |         ^
In file included from <built-in>:399:
<command line>:3:9: warning: '__ANDROID_API__' macro redefined [-Wmacro-redefined]
    3 | #define __ANDROID_API__ 26
      |         ^
<built-in>:392:9: note: previous definition is here
  392 | #define __ANDROID_API__ __ANDROID_MIN_SDK_VERSION__
      |         ^
1 warning generated.
rm -f caller.c
rm -f common.o
/opt/hostedtoolcache/ndk/r27d/x64/toolchains/llvm/prebuilt/linux-x86_64/bin/x86_64-linux-android24-clang -c   -DHAVE_CONFIG_H -DSHELL -I. -I..  -I.. -I../include -I../lib -I.     -D__ANDROID_API__=26 common.c
./cd.def:357:19: warning: using the result of an assignment as a condition without parentheses [-Wparentheses]
  357 |       while (path = extract_colon_unit (cdpath, &path_index))
      |              ~~~~~^~~~~~~~~~~~~~~~~~~~~~~~~~~~~~~~~~~~~~~~~~
./cd.def:357:19: note: place parentheses around the assignment to silence this warning
  357 |       while (path = extract_colon_unit (cdpath, &path_index))
      |                   ^                                         
      |              (                                              )
./cd.def:357:19: note: use '==' to turn this assignment into an equality comparison
  357 |       while (path = extract_colon_unit (cdpath, &path_index))
      |                   ^
      |                   ==
In file included from <built-in>:399:
<command line>:3:9: warning: '__ANDROID_API__' macro redefined [-Wmacro-redefined]
    3 | #define __ANDROID_API__ 26
      |         ^
<built-in>:392:9: note: previous definition is here
  392 | #define __ANDROID_API__ __ANDROID_MIN_SDK_VERSION__
      |         ^
1 warning generated.
rm -f colon.c
2 warnings generated.
rm -f cd.c
rm -f declare.o
rm -f echo.o
1 warning generated.
./mkbuiltins -D . declare.def
rm -f command.c
./mkbuiltins -D . echo.def
/opt/hostedtoolcache/ndk/r27d/x64/toolchains/llvm/prebuilt/linux-x86_64/bin/x86_64-linux-android24-clang -c   -DHAVE_CONFIG_H -DSHELL -I. -I..  -I.. -I../include -I../lib -I.     -D__ANDROID_API__=26 declare.c || ( rm -f declare.c ; exit 1 )
/opt/hostedtoolcache/ndk/r27d/x64/toolchains/llvm/prebuilt/linux-x86_64/bin/x86_64-linux-android24-clang -c   -DHAVE_CONFIG_H -DSHELL -I. -I..  -I.. -I../include -I../lib -I.     -D__ANDROID_API__=26 echo.c || ( rm -f echo.c ; exit 1 )
rm -f enable.o
./mkbuiltins -D . enable.def
/opt/hostedtoolcache/ndk/r27d/x64/toolchains/llvm/prebuilt/linux-x86_64/bin/x86_64-linux-android24-clang -c   -DHAVE_CONFIG_H -DSHELL -I. -I..  -I.. -I../include -I../lib -I.     -D__ANDROID_API__=26 enable.c || ( rm -f enable.c ; exit 1 )
In file included from <built-in>:399:
<command line>:3:9: warning: '__ANDROID_API__' macro redefined [-Wmacro-redefined]
    3 | #define __ANDROID_API__ 26
      |         ^
<built-in>:392:9: note: previous definition is here
  392 | #define __ANDROID_API__ __ANDROID_MIN_SDK_VERSION__
      |         ^
common.c:219:9: warning: assigning to 'char *' from 'const char *' discards qualifiers [-Wincompatible-pointer-types-discards-qualifiers]
  219 |     msg = _("invalid octal number");
      |         ^ ~~~~~~~~~~~~~~~~~~~~~~~~~
common.c:221:9: warning: assigning to 'char *' from 'const char *' discards qualifiers [-Wincompatible-pointer-types-discards-qualifiers]
  221 |     msg = _("invalid hex number");
      |         ^ ~~~~~~~~~~~~~~~~~~~~~~~
common.c:223:9: warning: assigning to 'char *' from 'const char *' discards qualifiers [-Wincompatible-pointer-types-discards-qualifiers]
  223 |     msg = _("invalid number");
      |         ^ ~~~~~~~~~~~~~~~~~~~
In file included from <built-in>:399:
<command line>:3:9: warning: '__ANDROID_API__' macro redefined [-Wmacro-redefined]
    3 | #define __ANDROID_API__ 26
      |         ^
<built-in>:392:9: note: previous definition is here
  392 | #define __ANDROID_API__ __ANDROID_MIN_SDK_VERSION__
      |         ^
In file included from <built-in>:399:
<command line>:3:9: warning: '__ANDROID_API__' macro redefined [-Wmacro-redefined]
    3 | #define __ANDROID_API__ 26
      |         ^
<built-in>:392:9: note: previous definition is here
  392 | #define __ANDROID_API__ __ANDROID_MIN_SDK_VERSION__
      |         ^
./declare.def:467:12: warning: using the result of an assignment as a condition without parentheses [-Wparentheses]
  467 |           if (var = find_function (name))
      |               ~~~~^~~~~~~~~~~~~~~~~~~~~~
./declare.def:467:12: note: place parentheses around the assignment to silence this warning
  467 |           if (var = find_function (name))
      |                   ^                     
      |               (                         )
./declare.def:467:12: note: use '==' to turn this assignment into an equality comparison
  467 |           if (var = find_function (name))
      |                   ^
      |                   ==
./declare.def:593:13: warning: using the result of an assignment as a condition without parentheses [-Wparentheses]
  593 |       if (t = strchr (name, '['))       /* ] */
      |           ~~^~~~~~~~~~~~~~~~~~~~
./declare.def:593:13: note: place parentheses around the assignment to silence this warning
  593 |       if (t = strchr (name, '['))       /* ] */
      |             ^                   
      |           (                     )
./declare.def:593:13: note: use '==' to turn this assignment into an equality comparison
  593 |       if (t = strchr (name, '['))       /* ] */
      |             ^
      |             ==
4 warnings generated.
rm -f eval.o
./echo.def:141:16: warning: using the result of an assignment as a condition without parentheses [-Wparentheses]
  141 | ./mkbuiltins -D . eval.def
      while (i = *temp++)
      |              ~~^~~~~~~~~
./echo.def:141:16: note: place parentheses around the assignment to silence this warning
  141 |       while (i = *temp++)
      |                ^        
      |              (          )
/opt/hostedtoolcache/ndk/r27d/x64/toolchains/llvm/prebuilt/linux-x86_64/bin/x86_64-linux-android24-clang -c   -DHAVE_CONFIG_H -DSHELL -I. -I..  -I.. -I../include -I../lib -I.     -D__ANDROID_API__=26 eval.c || ( rm -f eval.c ; exit 1 )
./echo.def:141:16: note: use '==' to turn this assignment into an equality comparison
  141 |       while (i = *temp++)
      |                ^
      |                ==
2 warnings generated.
rm -f echo.c
rm -f evalfile.o
./enable.def:363:27: warning: using the result of an assignment as a condition without parentheses [-Wparentheses]
  363 |   else if (loadables_path = path_value ("BASH_LOADABLES_PATH", 1))
      |            ~~~~~~~~~~~~~~~^~~~~~~~~~~~~~~~~~~~~~~~~~~~~~~~~~~~~~~
./enable.def:363:27: note: place parentheses around the assignment to silence this warning
  363 |   else if (loadables_path = path_value ("BASH_LOADABLES_PATH", 1))
      |                           ^                                      
      |            (                                                     )
/opt/hostedtoolcache/ndk/r27d/x64/toolchains/llvm/prebuilt/linux-x86_64/bin/x86_64-linux-android24-clang -c   -DHAVE_CONFIG_H -DSHELL -I. -I..  -I.. -I../include -I../lib -I.     -D__ANDROID_API__=26 evalfile.c
./enable.def:363:27: note: use '==' to turn this assignment into an equality comparison
  363 |   else if (loadables_path = path_value ("BASH_LOADABLES_PATH", 1))
      |                           ^
      |                           ==
3 warnings generated.
rm -f declare.c
rm -f evalstring.o
In file included from <built-in>:399:
<command line>:3:9: warning: '__ANDROID_API__' macro redefined [-Wmacro-redefined]
    3 | #define __ANDROID_API__ 26
      |         ^
<built-in>:392:9: note: previous definition is here
  392 | #define __ANDROID_API__ __ANDROID_MIN_SDK_VERSION__
      |         ^
2 warnings generated.
/opt/hostedtoolcache/ndk/r27d/x64/toolchains/llvm/prebuilt/linux-x86_64/bin/x86_64-linux-android24-clang -c   -DHAVE_CONFIG_H -DSHELL -I. -I..  -I.. -I../include -I../lib -I.     -D__ANDROID_API__=26 evalstring.c
rm -f enable.c
rm -f exec.o
./mkbuiltins -D . exec.def
In file included from <built-in>:399:
<command line>:3:9: warning: '__ANDROID_API__' macro redefined [-Wmacro-redefined]
    3 | #define __ANDROID_API__ 26
      |         ^/opt/hostedtoolcache/ndk/r27d/x64/toolchains/llvm/prebuilt/linux-x86_64/bin/x86_64-linux-android24-clang -c   -DHAVE_CONFIG_H -DSHELL -I. -I..  -I.. -I../include -I../lib -I.     -D__ANDROID_API__=26 exec.c || ( rm -f exec.c ; exit 1 )

<built-in>:392:9: note: previous definition is here
  392 | #define __ANDROID_API__ __ANDROID_MIN_SDK_VERSION__
      |         ^
In file included from <built-in>:399:
<command line>:3:9: warning: '__ANDROID_API__' macro redefined [-Wmacro-redefined]
    3 | #define __ANDROID_API__ 26
      |         ^
<built-in>:392:9: note: previous definition is here
  392 | #define __ANDROID_API__ __ANDROID_MIN_SDK_VERSION__
      |         ^
1 warning generated.
rm -f eval.c
rm -f exit.o
./mkbuiltins -D . exit.def
/opt/hostedtoolcache/ndk/r27d/x64/toolchains/llvm/prebuilt/linux-x86_64/bin/x86_64-linux-android24-clang -c   -DHAVE_CONFIG_H -DSHELL -I. -I..  -I.. -I../include -I../lib -I.     -D__ANDROID_API__=26 exit.c || ( rm -f exit.c ; exit 1 )
In file included from <built-in>:399:
<command line>:3:9: warning: '__ANDROID_API__' macro redefined [-Wmacro-redefined]
    3 | #define __ANDROID_API__ 26
      |         ^
<built-in>:392:9: note: previous definition is here
  392 | #define __ANDROID_API__ __ANDROID_MIN_SDK_VERSION__
      |         ^
evalstring.c:461In file included from <built-in>:399:
<command line>:3:9: warning: '__ANDROID_API__' macro redefined [-Wmacro-redefined]
:21:     warning: using the result of an assignment as a condition without parentheses [-Wparentheses]
  461 |           else if (command = global_command)
      |                    ~~~~~~~~^~~~~~~~~~~~~~~~
3 | #define __ANDROID_API__ 26
      |         ^
<built-in>:392:9: evalstring.c:461:21: note: place parentheses around the assignment to silence this warning
note:   previous definition is here
  392 | #define __ANDROID_API__ __ANDROID_MIN_SDK_VERSION__
      |         ^
461 |           else if (command = global_command)
      |                            ^               
      |                    (                       )
evalstring.c:461:21: note: use '==' to turn this assignment into an equality comparison
  461 |           else if (command = global_command)
      |                            ^
      |                            ==
1 warning generated.
rm -f fc.o
./mkbuiltins -D . fc.def
/opt/hostedtoolcache/ndk/r27d/x64/toolchains/llvm/prebuilt/linux-x86_64/bin/x86_64-linux-android24-clang -c   -DHAVE_CONFIG_H -DSHELL -I. -I..  -I.. -I../include -I../lib -I.     -D__ANDROID_API__=26 fc.c || ( rm -f fc.c ; exit 1 )
2 warnings generated.
rm -f fg_bg.o
./mkbuiltins -D . fg_bg.def
1 warning generated.
/opt/hostedtoolcache/ndk/r27d/x64/toolchains/llvm/prebuilt/linux-x86_64/bin/x86_64-linux-android24-clang -c   -DHAVE_CONFIG_H -DSHELL -I. -I..  -I.. -I../include -I../lib -I.     -D__ANDROID_API__=26 fg_bg.c || ( rm -f fg_bg.c ; exit 1 )
rm -f exec.c
In file included from <built-in>:399:
<command line>:3:9: warning: '__ANDROID_API__' macro redefined [-Wmacro-redefined]
    3 | #define __ANDROID_API__ 26
      |         ^
<built-in>:392:9: note: previous definition is here
  392 | #define __ANDROID_API__ __ANDROID_MIN_SDK_VERSION__
      |         ^
rm -f hash.o
1 warning generated.
./mkbuiltins -D . hash.def
rm -f exit.c
/opt/hostedtoolcache/ndk/r27d/x64/toolchains/llvm/prebuilt/linux-x86_64/bin/x86_64-linux-android24-clang -c   -DHAVE_CONFIG_H -DSHELL -I. -I..  -I.. -I../include -I../lib -I.     -D__ANDROID_API__=26 hash.c || ( rm -f hash.c ; exit 1 )
rm -f help.o
In file included from <built-in>:399:
<command line>:3:9: warning: '__ANDROID_API__' macro redefined [-Wmacro-redefined]
    3 | #define __ANDROID_API__ 26
      |         ^
<built-in>:392:9: note: previous definition is here
  392 | #define __ANDROID_API__ __ANDROID_MIN_SDK_VERSION__
      |         ^
./mkbuiltins -D . help.def
/opt/hostedtoolcache/ndk/r27d/x64/toolchains/llvm/prebuilt/linux-x86_64/bin/x86_64-linux-android24-clang -c   -DHAVE_CONFIG_H -DSHELL -I. -I..  -I.. -I../include -I../lib -I.     -D__ANDROID_API__=26 help.c || ( rm -f help.c ; exit 1 )
In file included from <built-in>:399:
<command line>:3:9: warning: '__ANDROID_API__' macro redefined [-Wmacro-redefined]
    3 | #define __ANDROID_API__ 26
      |         ^
<built-in>:392:9: note: previous definition is here
  392 | #define __ANDROID_API__ __ANDROID_MIN_SDK_VERSION__
      |         ^
In file included from <built-in>:399:
<command line>:3:9: warning: '__ANDROID_API__' macro redefined [-Wmacro-redefined]
    3 | #define __ANDROID_API__ 26
      |         ^
<built-in>:392:9: note: previous definition is here
  392 | #define __ANDROID_API__ __ANDROID_MIN_SDK_VERSION__
      |         ^
1 warning generated.
1 warning generated.
rm -f fc.c
rm -f history.o
./mkbuiltins -D . history.def
rm -f fg_bg.c
/opt/hostedtoolcache/ndk/r27d/x64/toolchains/llvm/prebuilt/linux-x86_64/bin/x86_64-linux-android24-clang -c   -DHAVE_CONFIG_H -DSHELL -I. -I..  -I.. -I../include -I../lib -I.     -D__ANDROID_API__=26 history.c || ( rm -f history.c ; exit 1 )
rm -f jobs.o
./mkbuiltins -D . jobs.def
/opt/hostedtoolcache/ndk/r27d/x64/toolchains/llvm/prebuilt/linux-x86_64/bin/x86_64-linux-android24-clang -c   -DHAVE_CONFIG_H -DSHELL -I. -I..  -I.. -I../include -I../lib -I.     -D__ANDROID_API__=26 jobs.c || ( rm -f jobs.c ; exit 1 )
./help.def:145:21: warning: using the result of an assignment as a condition without parentheses [-Wparentheses]
  145 |           for (i = 0; name = shell_builtins[i].name; i++)
      |                       ~~~~~^~~~~~~~~~~~~~~~~~~~~~~~
./help.def:145:21: note: place parentheses around the assignment to silence this warning
  145 |           for (i = 0; name = shell_builtins[i].name; i++)
      |                            ^                       
      |                       (                            )
./help.def:145:21: note: use '==' to turn this assignment into an equality comparison
  145 |           for (i = 0; name = shell_builtins[i].name; i++)
      |                            ^
      |                            ==
./help.def:313:10: warning: assigning to 'char *' from 'const char *' discards qualifiers [-Wincompatible-pointer-types-discards-qualifiers]
  313 |     line = doc ? _(doc[0]) : (char *)NULL;
      |          ^ ~~~~~~~~~~~~~~~~~~~~~~~~~~~~~~
./help.def:378:11: warning: assigning to 'char *' from 'const char *' discards qualifiers [-Wincompatible-pointer-types-discards-qualifiers]
  378 |   helpdoc = _(shell_builtins[i].short_doc);
      |           ^ ~~~~~~~~~~~~~~~~~~~~~~~~~~~~~~
1 warning generated.
./help.def:397:11: warning: assigning to 'char *' from 'const char *' discards qualifiers [-Wincompatible-pointer-types-discards-qualifiers]
  397 |   helpdoc = _(shell_builtins[i+height].short_doc);
      |           ^ ~~~~~~~~~~~~~~~~~~~~~~~~~~~~~~~~~~~~~
./help.def:418:11: warning: assigning to 'char *' from 'const char *' discards qualifiers [-Wincompatible-pointer-types-discards-qualifiers]
  418 |   helpdoc = _(shell_builtins[i].shoIn file included from rt_doc);
      <built-in>:399:
<command line>:3:9: warning: '__ANDROID_API__' macro redefined [-Wmacro-redefined]
|           ^ ~~~~~~~~~~~~~~~~~~~~~~~~~~~~~~
    3 | #define __ANDROID_API__ 26
      |         ^
<built-in>:392:9: note: previous definition is here
  392 | #define __ANDROID_API__ __ANDROID_MIN_SDK_VERSION__
      |         ^
rm -f hash.c
./help.def:467:11: warning: assigning to 'char *' from 'const char *' discards qualifiers [-Wincompatible-pointer-types-discards-qualifiers]
  467 |   helpdoc = _(shell_builtins[i+height].short_doc);
      |           ^ ~~~~~~~~~~~~~~~~~~~~~~~~~~~~~~~~~~~~~
rm -f kill.o
./mkbuiltins -D . kill.def
/opt/hostedtoolcache/ndk/r27d/x64/toolchains/llvm/prebuilt/linux-x86_64/bin/x86_64-linux-android24-clang -c   -DHAVE_CONFIG_H -DSHELL -I. -I..  -I.. -I../include -I../lib -I.     -D__ANDROID_API__=26 kill.c || ( rm -f kill.c ; exit 1 )
In file included from <built-in>:399:
<command line>:3:9: warning: '__ANDROID_API__' macro redefined [-Wmacro-redefined]
    3 | #define __ANDROID_API__ 26
      |         ^
<built-in>:392:9: note: previous definition is here
  392 | #define __ANDROID_API__ __ANDROID_MIN_SDK_VERSION__
      |         ^
7 warnings generated.
rm -f help.c
rm -f let.o
In file included from <built-in>:399:
<command line>:3:9: warning: '__ANDROID_API__' macro redefined [-Wmacro-redefined]
    3 | #define __ANDROID_API__ 26
      |         ^
<built-in>:392:9: note: previous definition is here
  392 | #define __ANDROID_API__ __ANDROID_MIN_SDK_VERSION__
      |         ^
./mkbuiltins -D . let.def
./history.def:281:2: warning: add explicit braces to avoid dangling else [-Wdangling-else]
  281 |         else
      |         ^
/opt/hostedtoolcache/ndk/r27d/x64/toolchains/llvm/prebuilt/linux-x86_64/bin/x86_64-linux-android24-clang -c   -DHAVE_CONFIG_H -DSHELL -I. -I..  -I.. -I../include -I../lib -I.     -D__ANDROID_API__=26 let.c || ( rm -f let.c ; exit 1 )
2 warnings generated.
rm -f history.c
rm -f mapfile.o
./mkbuiltins -D . mapfile.def
/opt/hostedtoolcache/ndk/r27d/x64/toolchains/llvm/prebuilt/linux-x86_64/bin/x86_64-linux-android24-clang -c   -DHAVE_CONFIG_H -DSHELL -I. -I..  -I.. -I../include -I../lib -I.     -D__ANDROID_API__=26 mapfile.c || ( rm -f mapfile.c ; exit 1 )
./kill.def:280:7: warning: assigning to 'char *' from 'const char *' discards qualifiers [-Wincompatible-pointer-types-discards-qualifiers]
  280 |     x = _("Unknown error");
      |       ^ ~~~~~~~~~~~~~~~~~~
1 warning generated.
2 warnings generated.
rm -f jobs.c
rm -f pushd.o
In file included from <built-in>:399:
<command line>:3:9: warning: '__ANDROID_API__' macro redefined [-Wmacro-redefined]
    3 | #define __ANDROID_API__ 26
      |         ^
<built-in>:392:9: note: previous definition is here
  392 | #define __ANDROID_API__ __ANDROID_MIN_SDK_VERSION__
      |         ^
rm -f kill.c
./mkbuiltins -D . pushd.def
/opt/hostedtoolcache/ndk/r27d/x64/toolchains/llvm/prebuilt/linux-x86_64/bin/x86_64-linux-android24-clang -c   -DHAVE_CONFIG_H -DSHELL -I. -I..  -I.. -I../include -I../lib -I.     -D__ANDROID_API__=26 pushd.c || ( rm -f pushd.c ; exit 1 )
rm -f read.o
In file included from <built-in>:399:
<command line>:3:9: warning: '__ANDROID_API__' macro redefined [-Wmacro-redefined]
    3 | #define __ANDROID_API__ 26
      |         ^
<built-in>:392:9: note: previous definition is here
  392 | #define __ANDROID_API__ __ANDROID_MIN_SDK_VERSION__
      |         ^
./mkbuiltins -D . read.def
/opt/hostedtoolcache/ndk/r27d/x64/toolchains/llvm/prebuilt/linux-x86_64/bin/x86_64-linux-android24-clang -c   -DHAVE_CONFIG_H -DSHELL -I. -I..  -I.. -I../include -I../lib -I.     -D__ANDROID_API__=26 read.c || ( rm -f read.c ; exit 1 )
In file included from <built-in>:399:
<command line>:3:9: warning: '__ANDROID_API__' macro redefined [-Wmacro-redefined]
    3 | #define __ANDROID_API__ 26
      |         ^
<built-in>:392:9: note: previous definition is here
  392 | #define __ANDROID_API__ __ANDROID_MIN_SDK_VERSION__
      |         ^
In file included from <built-in>:399:
<command line>:3:9: warning: '__ANDROID_API__' macro redefined [-Wmacro-redefined]
    3 | #define __ANDROID_API__ 26
      |         ^
<built-in>:3921 warning generated.
:9: note: previous definition is here
  392 | #define __ANDROID_API__ __ANDROID_MIN_SDK_VERSION__
      |         ^
rm -f let.c
1rm -f return.o
./mkbuiltins -D . return.def
 warning generated.
/opt/hostedtoolcache/ndk/r27d/x64/toolchains/llvm/prebuilt/linux-x86_64/bin/x86_64-linux-android24-clang -c   -DHAVE_CONFIG_H -DSHELL -I. -I..  -I.. -I../include -I../lib -I.     -D__ANDROID_API__=26 return.c || ( rm -f return.c ; exit 1 )
rm -f mapfile.c
rm -f set.o
./mkbuiltins -D . set.def
/opt/hostedtoolcache/ndk/r27d/x64/toolchains/llvm/prebuilt/linux-x86_64/bin/x86_64-linux-android24-clang -c   -DHAVE_CONFIG_H -DSHELL -I. -I..  -I.. -I../include -I../lib -I.     -D__ANDROID_API__=26 set.c || ( rm -f set.c ; exit 1 )
In file included from <built-in>:399:
<command line>:3:9: warning: '__ANDROID_API__' macro redefined [-Wmacro-redefined]
    3 | #define __ANDROID_API__ 26
      |         ^
<built-in>:392:9: note: previous definition is here
  392 | #define __ANDROID_API__ __ANDROID_MIN_SDK_VERSION__
      |         ^
1 warning generated.
In file included from <built-in>:399:
<command line>:3:9: warning: '__ANDROID_API__' macro redefined [-Wmacro-redefined]
    3 | #define __ANDROID_API__ 26
      |         ^
<built-in>:392:9: note: previous definition is here
  392 | #define __ANDROID_API__ __ANDROID_MIN_SDK_VERSION__
      |         ^
rm -f pushd.c
rm -f setattr.o
./mkbuiltins -D . setattr.def
/opt/hostedtoolcache/ndk/r27d/x64/toolchains/llvm/prebuilt/linux-x86_64/bin/x86_64-linux-android24-clang -c   -DHAVE_CONFIG_H -DSHELL -I. -I..  -I.. -I../include -I../lib -I.     -D__ANDROID_API__=26 setattr.c || ( rm -f setattr.c ; exit 1 )
In file included from <built-in>:399:
<command line>:3:9: warning: '__ANDROID_API__' macro redefined [-Wmacro-redefined]
    3 | #define __ANDROID_API__ 26
      |         ^
<built-in>:392:9: note: previous definition is here
  392 | #define __ANDROID_API__ __ANDROID_MIN_SDK_VERSION__
      |         ^
1 warning generated.
rm -f return.c
./set.def:600:16: warning: using the result of an assignment as a condition without parentheses [-Wparentheses]
  600 |   while (vname = extract_colon_unit (value, &vptr))
      |          ~~~~~~^~~~~~~~~~~~~~~~~~~~~~~~~~~~~~~~~~~
1 warning generated.
./set.def:600:16: note: place parentheses around the assignment to silence this warning
  600 |   while (vname = extract_colon_unit (value, &vptr))
      |                ^                                  
      |          (                                        )
./set.def:600:16: note: use '==' to turn this assignment into an equality comparison
  600 |   while (vname = extract_colon_unit (value, &vptr))
      |                ^
      |                ==
./set.def:725:21: warning: using the result of an assignment as a condition without parentheses [-Wparentheses]
  725 |           while (flag_name = *++arg)
      |                  ~~~~~~~~~~^~~~~~~~
rm -f shift.o
./set.def:725:21: note: place parentheses around the assignment to silence this warning
  725 |           while (flag_name = *++arg)
      |                            ^       
      |                  (                 )
./set.def:725:21: note: use '==' to turn this assignment into an equality comparison
  725 |           while (flag_name = *++arg)
      |                            ^
      |                            ==
rm -f read.c
./set.def:957:12: warning: using the result of an assignment as a condition without parentheses [-Wparentheses]
  957 |           if (var = find_function (name))
      |               ~~~~^~~~~~~~~~~~~~~~~~~~~~
./set.def:957:12: note: place parentheses around the assignment to silence this warning
  957 |           if (var = find_function (name))
      |                   ^                     
      |               (                         )
./mkbuiltins -D . shift.def
./set.def:957:12: note: use '==' to turn this assignment into an equality comparison
  957 |           if (var = find_function (name))
      |                   ^
      |                   ==
./set.def:1003:13: warning: using the result of an assignment as a condition without parentheses [-Wparentheses]
 1003 |                   if (var = array_variable_part (tname, 0, &t, &len))
      |                       ~~~~^~~~~~~~~~~~~~~~~~~~~~~~~~~~~~~~~~~~~~~~~~
./set.def:1003:13: note: place parentheses around the assignment to silence this warning
 1003 |                   if (var = array_variable_part (tname, 0, &t, &len))
      |                           ^                                         
      |                       (                                             )
./set.def:1003:13: note: use '==' to turn this assignment into an equality comparison
 1003 |                   if (var = array_variable_part (tname, 0, &t, &len))
      |                           ^
      |                           ==
/opt/hostedtoolcache/ndk/r27d/x64/toolchains/llvm/prebuilt/linux-x86_64/bin/x86_64-linux-android24-clang -c   -DHAVE_CONFIG_H -DSHELL -I. -I..  -I.. -I../include -I../lib -I.     -D__ANDROID_API__=26 shift.c || ( rm -f shift.c ; exit 1 )
rm -f source.o
./mkbuiltins -D . source.def
./setattr.def:323:20: warning: using the result of an assignment as a condition without parentheses [-Wparentheses]
  323 |           for (i = 0; var = variable_list[i]; i++)
      |                       ~~~~^~~~~~~~~~~~~~~~~~
./setattr.def/opt/hostedtoolcache/ndk/r27d/x64/toolchains/llvm/prebuilt/linux-x86_64/bin/x86_64-linux-android24-clang -c   -DHAVE_CONFIG_H -DSHELL -I. -I..  -I.. -I../include -I../lib -I.     -D__ANDROID_API__=26 source.c || ( rm -f source.c ; exit 1 )
:323:20: note: place parentheses around the assignment to silence this warning
  323 |           for (i = 0; var = variable_list[i]; i++)
      |                           ^                 
      |                       (                     )
./setattr.def:323:20: note: use '==' to turn this assignment into an equality comparison
  323 |           for (i = 0; var = variable_list[i]; i++)
      |                           ^
      |                           ==
./setattr.def:340:20: warning: using the result of an assignment as a condition without parentheses [-Wparentheses]
  340 |                   if (any_failed = sh_chkwrite (any_failed))
      |                       ~~~~~~~~~~~^~~~~~~~~~~~~~~~~~~~~~~~~~
./setattr.def:340:20: note: place parentheses around the assignment to silence this warning
  340 |                   if (any_failed = sh_chkwrite (any_failed))
      |                                  ^                         
      |                       (                                    )
./setattr.def:340:20: note: use '==' to turn this assignment into an equality comparison
  340 |                   if (any_failed = sh_chkwrite (any_failed))
      |                                  ^
      |                                  ==
./setattr.def:372:32: warning: using the result of an assignment as a condition without parentheses [-Wparentheses]
  372 |   for (i = any_failed = 0; var = variable_list[i]; i++)
      |                            ~~~~^~~~~~~~~~~~~~~~~~
./setattr.def:372:32: note: place parentheses around the assignment to silence this warning
  372 |   for (i = any_failed = 0; var = variable_list[i]; i++)
      |                                ^                 
      |                            (                     )
./setattr.def:372:32: note: use '==' to turn this assignment into an equality comparison
  372 |   for (i = any_failed = 0; var = variable_list[i]; i++)
      |                                ^
      |                                ==
./setattr.def:379:22: warning: using the result of an assignment as a condition without parentheses [-Wparentheses]
  379 |       if (any_failed = sh_chkwrite (any_failed))
      |           ~~~~~~~~~~~^~~~~~~~~~~~~~~~~~~~~~~~~~
./setattr.def:379:22: note: place parentheses around the assignment to silence this warning
  379 |       if (any_failed = sh_chkwrite (any_failed))
      |                      ^                         
      |           (                                    )
./setattr.def:379:22: note: use '==' to turn this assignment into an equality comparison
  379 |       if (any_failed = sh_chkwrite (any_failed))
      |                      ^
      |                      ==
./setattr.def:399:32: warning: using the result of an assignment as a condition without parentheses [-Wparentheses]
  399 |   for (i = any_failed = 0; var = variable_list[i]; i++)
      |                            ~~~~^~~~~~~~~~~~~~~~~~
./setattr.def:399:32: note: place parentheses around the assignment to silence this warning
  399 |   for (i = any_failed = 0; var = variable_list[i]; i++)
      |                                ^                 
      |                            (                     )
./setattr.def:399:32: note: use '==' to turn this assignment into an equality comparison
  399 |   for (i = any_failed = 0; var = variable_list[i]; i++)
      |                                ^
      |                                ==
./setattr.def:406:22: warning: using the result of an assignment as a condition without parentheses [-Wparentheses]
  406 |       if (any_failed = sh_chkwrite (any_failed))
      |           ~~~~~~~~~~~^~~~~~~~~~~~~~~~~~~~~~~~~~
./setattr.def:406:22: note: place parentheses around the assignment to silence this warning
  406 |       if (any_failed = sh_chkwrite (any_failed))
      |                      ^                         
      |           (                                    )
./setattr.def:406:22: note: use '==' to turn this assignment into an equality comparison
  406 |       if (any_failed = sh_chkwrite (any_failed))
      |                      ^
      |                      ==
5 warnings generated.
rm -f set.c
rm -f suspend.o
./mkbuiltins -D . suspend.def
/opt/hostedtoolcache/ndk/r27d/x64/toolchains/llvm/prebuilt/linux-x86_64/bin/x86_64-linux-android24-clang -c   -DHAVE_CONFIG_H -DSHELL -I. -I..  -I.. -I../include -I../lib -I.     -D__ANDROID_API__=26 suspend.c || ( rm -f suspend.c ; exit 1 )
In file included from <built-in>:399:
<command line>:3:9: warning: '__ANDROID_API__' macro redefined [-Wmacro-redefined]
    3 | #define __ANDROID_API__ 26
      |         ^
<built-in>:392:9: note: previous definition is here
  392 | #define __ANDROID_API__ __ANDROID_MIN_SDK_VERSION__
      |         ^
In file included from <built-in>:399:
<command line>:3:9: warning: '__ANDROID_API__' macro redefined [-Wmacro-redefined]
    3 | #define __ANDROID_API__ 26
      |         ^
<built-in>:392:9: note: previous definition is here
  392 | #define __ANDROID_API__ __ANDROID_MIN_SDK_VERSION__
      |         ^
7 warnings generated.
rm -f setattr.c
In file included from <built-in>:399:
<command line>:3:9: warning: '__ANDROID_API__' macro redefined [-Wmacro-redefined]
    3 | #define __ANDROID_API__ 26
      |         ^
<built-in>:392:9: note: previous definition is here
  392 | #define __ANDROID_API__ __ANDROID_MIN_SDK_VERSION__
      |         ^
rm -f test.o
./mkbuiltins -D . test.def
/opt/hostedtoolcache/ndk/r27d/x64/toolchains/llvm/prebuilt/linux-x86_64/bin/x86_64-linux-android24-clang -c   -DHAVE_CONFIG_H -DSHELL -I. -I..  -I.. -I../include -I../lib -I.     -D__ANDROID_API__=26 test.c || ( rm -f test.c ; exit 1 )
1 warning generated.
rm -f shift.c
rm -f times.o
./mkbuiltins -D . times.def
/opt/hostedtoolcache/ndk/r27d/x64/toolchains/llvm/prebuilt/linux-x86_64/bin/x86_64-linux-android24-clang -c   -DHAVE_CONFIG_H -DSHELL -I. -I..  -I.. -I../include -I../lib -I.     -D__ANDROID_API__=26 times.c || ( rm -f times.c ; exit 1 )
In file included from <built-in>:399:
<command line>:3:9: warning: '__ANDROID_API__' macro redefined [-Wmacro-redefined]
    3 | #define __ANDROID_API__ 26
      |         ^
<built-in>:392:9: note: previous definition is here
  392 | #define __ANDROID_API__ __ANDROID_MIN_SDK_VERSION__
      |         ^
1 warning generated.
rm -f source.c
rm -f trap.o
./mkbuiltins -D . trap.def
1 warning generated.
/opt/hostedtoolcache/ndk/r27d/x64/toolchains/llvm/prebuilt/linux-x86_64/bin/x86_64-linux-android24-clang -c   -DHAVE_CONFIG_H -DSHELL -I. -I..  -I.. -I../include -I../lib -I.     -D__ANDROID_API__=26 trap.c || ( rm -f trap.c ; exit 1 )
In file included from <built-in>:399:
<command line>:3:9: warning: '__ANDROID_API__' macro redefined [-Wmacro-redefined]
    3 | #define __ANDROID_API__ 26
      |         ^
<built-in>:392:9: note: previous definition is here
  392 | #define __ANDROID_API__ __ANDROID_MIN_SDK_VERSION__
      |         ^
rm -f suspend.c
1 warning generated.
rm -f type.o
rm -f test.c
./mkbuiltins -D . type.def
gcc  -DHAVE_CONFIG_H -DSHELL -I. -I..  -I.. -I../include -I../lib -I.     -g -DCROSS_COMPILING -rdynamic -g -DCROSS_COMPILING -o psize.aux ./psize.c
/opt/hostedtoolcache/ndk/r27d/x64/toolchains/llvm/prebuilt/linux-x86_64/bin/x86_64-linux-android24-clang -c   -DHAVE_CONFIG_H -DSHELL -I. -I..  -I.. -I../include -I../lib -I.     -D__ANDROID_API__=26 type.c || ( rm -f type.c ; exit 1 )
In file included from <built-in>:399:
<command line>:3:9: warning: '__ANDROID_API__' macro redefined [-Wmacro-redefined]
    3 | #define __ANDROID_API__ 26
      |         ^
<built-in>:392:9: note: previous definition is here
  392 | #define __ANDROID_API__ __ANDROID_MIN_SDK_VERSION__
      |         ^
1 warning generated.
In file included from <built-in>:399:
<command line>:3:9: warning: '__ANDROID_API__' macro redefined [-Wmacro-redefined]
    3 | #define __ANDROID_API__ 26
      |         ^
<built-in>:392:9: note: previous definition is here
  392 | #define __ANDROID_API__ __ANDROID_MIN_SDK_VERSION__
      |         ^
rm -f times.c
rm -f umask.o
./mkbuiltins -D . umask.def
/opt/hostedtoolcache/ndk/r27d/x64/toolchains/llvm/prebuilt/linux-x86_64/bin/x86_64-linux-android24-clang -c   -DHAVE_CONFIG_H -DSHELL -I. -I..  -I.. -I../include -I../lib -I.     -D__ANDROID_API__=26 umask.c || ( rm -f umask.c ; exit 1 )
./type.def:353:21: warning: using the result of an assignment as a condition without parentheses [-Wparentheses]
  353 |       if (full_path = phash_search (command))
      |           ~~~~~~~~~~^~~~~~~~~~~~~~~~~~~~~~~~
./type.def:353:21: note: place parentheses around the assignment to silence this warning
  353 |       if (full_path = phash_search (command))
      |                     ^                       
      |           (                                 )
./type.def:353:21: note: use '==' to turn this assignment into an equality comparison
  353 |       if (full_path = phash_search (command))
      |                     ^
      |                     ==
In file included from <built-in>:399:
<command line>:3:9: warning: '__ANDROID_API__' macro redefined [-Wmacro-redefined]
    3 | #define __ANDROID_API__ 26
      |         ^
<built-in>:392:9: note: previous definition is here
  392 | #define __ANDROID_API__ __ANDROID_MIN_SDK_VERSION__
      |         ^
1 warning generated.
2 warnings generated.
rm -f trap.c
rm -f wait.o
./mkbuiltins -D . wait.def
rm -f type.c
/opt/hostedtoolcache/ndk/r27d/x64/toolchains/llvm/prebuilt/linux-x86_64/bin/x86_64-linux-android24-clang -c   -DHAVE_CONFIG_H -DSHELL -I. -I..  -I.. -I../include -I../lib -I.     -D__ANDROID_API__=26 wait.c || ( rm -f wait.c ; exit 1 )
rm -f getopts.o
./mkbuiltins -D . getopts.def
/opt/hostedtoolcache/ndk/r27d/x64/toolchains/llvm/prebuilt/linux-x86_64/bin/x86_64-linux-android24-clang -c   -DHAVE_CONFIG_H -DSHELL -I. -I..  -I.. -I../include -I../lib -I.     -D__ANDROID_API__=26 getopts.c || ( rm -f getopts.c ; exit 1 )
In file included from <built-in>:399:
<command line>:3:9: warning: '__ANDROID_API__' macro redefined [-Wmacro-redefined]
    3 | #define __ANDROID_API__ 26
      |         ^
<built-in>:392:9: note: previous definition is here
  392 | #define __ANDROID_API__ __ANDROID_MIN_SDK_VERSION__
      |         ^
1 warning generated.
rm -f umask.c
In file included from <built-in>:399:
<command line>:3:9: warning: '__ANDROID_API__' macro redefined [-Wmacro-redefined]
    3 | #define __ANDROID_API__ 26
      |         ^
<built-in>:392:9: note: previous definition is here
  392 | #define __ANDROID_API__ __ANDROID_MIN_SDK_VERSION__
      |         ^
rm -f shopt.o
./mkbuiltins -D . shopt.def
/opt/hostedtoolcache/ndk/r27d/x64/toolchains/llvm/prebuilt/linux-x86_64/bin/x86_64-linux-android24-clang -c   -DHAVE_CONFIG_H -DSHELL -I. -I..  -I.. -I../include -I../lib -I.     -D__ANDROID_API__=26 shopt.c || ( rm -f shopt.c ; exit 1 )
1 warning generated.
rm -f wait.c
In file included from <built-in>:399:
<command line>:3:9: warning: '__ANDROID_API__' macro redefined [-Wmacro-redefined]
    3 | #define __ANDROID_API__ 26
      |         ^
<built-in>:392:9: note: previous definition is here
  392 | #define __ANDROID_API__ __ANDROID_MIN_SDK_VERSION__
      |         ^
rm -f printf.o
./mkbuiltins -D . printf.def
/opt/hostedtoolcache/ndk/r27d/x64/toolchains/llvm/prebuilt/linux-x86_64/bin/x86_64-linux-android24-clang -c   -DHAVE_CONFIG_H -DSHELL -I. -I..  -I.. -I../include -I../lib -I.     -D__ANDROID_API__=26 printf.c || ( rm -f printf.c ; exit 1 )
1 warning generated.
rm -f getopts.c
rm -f getopt.o
/opt/hostedtoolcache/ndk/r27d/x64/toolchains/llvm/prebuilt/linux-x86_64/bin/x86_64-linux-android24-clang -c   -DHAVE_CONFIG_H -DSHELL -I. -I..  -I.. -I../include -I../lib -I.     -D__ANDROID_API__=26 getopt.c
In file included from <built-in>:399:
<command line>:3:9: warning: '__ANDROID_API__' macro redefined [-Wmacro-redefined]
    3 | #define __ANDROID_API__ 26
      |         ^
<built-in>:392:9: note: previous definition is here
  392 | #define __ANDROID_API__ __ANDROID_MIN_SDK_VERSION__
      |         ^
./shopt.def:484:9: warning: using the result of an assignment as a condition without parentheses [-Wparentheses]
  484 |   if (v = find_variable ("BASHOPTS"))
      |       ~~^~~~~~~~~~~~~~~~~~~~~~~~~~~~
./shopt.def:484:9: note: place parentheses around the assignment to silence this warning
  484 |   if (v = find_variable ("BASHOPTS"))
      |         ^                           
      |       (                             )
./shopt.def:484:9: note: use '==' to turn this assignment into an equality comparison
  484 |   if (v = find_variable ("BASHOPTS"))
      |         ^
      |         ==
./shopt.def:882:16: warning: using the result of an assignment as a condition without parentheses [-Wparentheses]
  882 |   while (vname = extract_colon_unit (value, &vptr))
      |          ~~~~~~^~~~~~~~~~~~~~~~~~~~~~~~~~~~~~~~~~~
./shopt.def:882:16: note: place parentheses around the assignment to silence this warning
  882 |   while (vname = extract_colon_unit (value, &vptr))
      |                ^                                  
      |          (                                        )
./shopt.def:882:16: note: use '==' to turn this assignment into an equality comparison
  882 |   while (vname = extract_colon_unit (value, &vptr))
      |                ^
      |                ==
In file included from <built-in>:399:
<command line>:3:9: warning: '__ANDROID_API__' macro redefined [-Wmacro-redefined]
    3 | #define __ANDROID_API__ 26
      |         ^
<built-in>:392:9: note: previous definition is here
  392 | #define __ANDROID_API__ __ANDROID_MIN_SDK_VERSION__
      |         ^
3 warnings generated.
rm -f shopt.c
rm -f bashgetopt.o
/opt/hostedtoolcache/ndk/r27d/x64/toolchains/llvm/prebuilt/linux-x86_64/bin/x86_64-linux-android24-clang -c   -DHAVE_CONFIG_H -DSHELL -I. -I..  -I.. -I../include -I../lib -I.     -D__ANDROID_API__=26 bashgetopt.c
In file included from <built-in>:399:
<command line>:3:9: warning: '__ANDROID_API__' macro redefined [-Wmacro-redefined]
    3 | #define __ANDROID_API__ 26
      |         ^
<built-in>:392:9: note: previous definition is here
  392 | #define __ANDROID_API__ __ANDROID_MIN_SDK_VERSION__
      |         ^
getopt.c:179:17: warning: using the result of an assignment as a condition without parentheses [-Wparentheses]
  179 |   if (sh_badopt = (temp == NULL || c == ':'))
      |       ~~~~~~~~~~^~~~~~~~~~~~~~~~~~~~~~~~~~~~
getopt.c:179:17: note: place parentheses around the assignment to silence this warning
  179 |   if (sh_badopt = (temp == NULL || c == ':'))
      |                 ^                           
      |       (                                     )
getopt.c:179:17: note: use '==' to turn this assignment into an equality comparison
  179 |   if (sh_badopt = (temp == NULL || c == ':'))
      |                 ^
      |                 ==
./printf.def:1417:16: warning: using the result of an assignment as a condition without parentheses [-Wparentheses]
 1417 |   if (overflow = (errno == ERANGE) || (ret < INT_MIN || ret > INT_MAX))
      |       ~~~~~~~~~^~~~~~~~~~~~~~~~~~~~~~~~~~~~~~~~~~~~~~~~~~~~~~~~~~~~~~~
./printf.def:1417:16: note: place parentheses around the assignment to silence this warning
 1417 |   if (overflow = (errno == ERANGE) || (ret < INT_MIN || ret > INT_MAX))
      |                ^                                                      
      |       (                                                               )
./printf.def:1417:16: note: use '==' to turn this assignment into an equality comparison
 1417 |   if (overflow = (errno == ERANGE) || (ret < INT_MIN || ret > INT_MAX))
      |                ^
      |                ==
2 warnings generated.
rm -f complete.o
./mkbuiltins -D . complete.def
/opt/hostedtoolcache/ndk/r27d/x64/toolchains/llvm/prebuilt/linux-x86_64/bin/x86_64-linux-android24-clang -c   -DHAVE_CONFIG_H -DSHELL -I. -I..  -I.. -I../include -I../lib -I.     -D__ANDROID_API__=26 complete.c || ( rm -f complete.c ; exit 1 )
1 warning generated.
In file included from <built-in>:399:
<command line>:3:9: warning: '__ANDROID_API__' macro redefined [-Wmacro-redefined]
    3 | #define __ANDROID_API__ 26
      |         ^
<built-in>:392:9: note: previous definition is here
  392 | #define __ANDROID_API__ __ANDROID_MIN_SDK_VERSION__
      |         ^
2 warnings generated.
rm -f printf.c
1 warning generated.
rm -f complete.c
/bin/sh ./psize.sh > pipesize.h
rm -f ulimit.o
./mkbuiltins -D . ulimit.def
/opt/hostedtoolcache/ndk/r27d/x64/toolchains/llvm/prebuilt/linux-x86_64/bin/x86_64-linux-android24-clang -c   -DHAVE_CONFIG_H -DSHELL -I. -I..  -I.. -I../include -I../lib -I.     -D__ANDROID_API__=26 ulimit.c || ( rm -f ulimit.c ; exit 1 )
In file included from <built-in>:399:
<command line>:3:9: warning: '__ANDROID_API__' macro redefined [-Wmacro-redefined]
    3 | #define __ANDROID_API__ 26
      |         ^
<built-in>:392:9: note: previous definition is here
  392 | #define __ANDROID_API__ __ANDROID_MIN_SDK_VERSION__
      |         ^
1 warning generated.
rm -f ulimit.c
rm -f libbuiltins.a
/opt/hostedtoolcache/ndk/r27d/x64/toolchains/llvm/prebuilt/linux-x86_64/bin/llvm-ar cr libbuiltins.a builtins.o alias.o bind.o break.o builtin.o caller.o cd.o colon.o command.o common.o declare.o echo.o enable.o eval.o evalfile.o evalstring.o exec.o exit.o fc.o fg_bg.o hash.o help.o history.o jobs.o kill.o let.o mapfile.o pushd.o read.o return.o set.o setattr.o shift.o source.o suspend.o test.o times.o trap.o type.o ulimit.o umask.o wait.o getopts.o shopt.o printf.o getopt.o bashgetopt.o complete.o
/opt/hostedtoolcache/ndk/r27d/x64/toolchains/llvm/prebuilt/linux-x86_64/bin/llvm-ranlib libbuiltins.a
make[1]: Leaving directory '/home/runner/work/Bin-Box/Bin-Box/bash-src/builtins'
=== STAGE: verify-binary | 2026-09-05T18:13:53Z ===
+ TOOLCHAIN=/opt/hostedtoolcache/ndk/r27d/x64/toolchains/llvm/prebuilt/linux-x86_64/bin
+ cd bash-src
+ test -f bash
